Date,BTC-CAD,ETH-CAD,SPY
2018-01-01,17146.615234375,970.05078125,
2018-01-02,18738.111328125,1106.174072265625,237.9091339111328
2018-01-03,19066.615234375,1207.5396728515625,239.41390991210935
2018-01-04,19483.400390625,1225.171630859375,240.42303466796875
2018-01-05,21621.294921875,1237.671630859375,242.02528381347656
2018-01-06,21742.244140625,1292.2041015625,
2018-01-07,20420.689453125,1429.1236572265625,
2018-01-08,18833.677734375,1425.9000244140625,242.4677734375
2018-01-09,18206.302734375,1621.295654296875,243.01663208007807
2018-01-10,18763.041015625,1573.66796875,242.64480590820312
2018-01-11,16786.7421875,1446.203369140625,244.4151306152344
2018-01-12,17408.642578125,1585.3885498046875,246.0085601806641
2018-01-13,17881.3203125,1738.822265625,
2018-01-14,17161.2890625,1703.132080078125,
2018-01-15,17175.248046875,1605.5982666015625,
2018-01-16,14274.6484375,1308.9990234375,245.1675567626953
2018-01-17,13920.85546875,1261.9298095703125,247.5045318603516
2018-01-18,14239.2041015625,1285.919921875,247.0885162353516
2018-01-19,14496.482421875,1297.73193359375,248.21263122558597
2018-01-20,16109.8115234375,1442.6668701171875,
2018-01-21,14482.724609375,1310.400634765625,
2018-01-22,13612.873046875,1249.3597412109375,250.2308349609375
2018-01-23,13492.0322265625,1224.3046875,250.76194763183597
2018-01-24,14024.3154296875,1307.1697998046875,250.66465759277344
2018-01-25,13938.01171875,1307.259521484375,250.770751953125
2018-01-26,13748.642578125,1298.5977783203125,253.6741943359375
2018-01-27,14080.0693359375,1362.470947265625,
2018-01-28,14512.470703125,1534.212158203125,
2018-01-29,13932.98046875,1458.32275390625,251.9923248291016
2018-01-30,12466.12109375,1321.2388916015625,249.4075469970703
2018-01-31,12571.9521484375,1375.5213623046875,249.531494140625
2018-02-01,11240.3310546875,1270.7935791015625,249.2481842041016
2018-02-02,10968.6748046875,1137.4964599609375,243.8221893310547
2018-02-03,11396.15625,1197.407958984375,
2018-02-04,10290.806640625,1037.7601318359375,
2018-02-05,8713.5625,874.3930053710938,233.62484741210935
2018-02-06,9692.5,991.4025268554688,238.227783203125
2018-02-07,9573.876953125,951.02880859375,236.9355010986328
2018-02-08,10402.2451171875,1029.2100830078125,228.0482635498047
2018-02-09,10985.87890625,1111.371826171875,231.4739532470703
2018-02-10,10841.177734375,1081.8857421875,
2018-02-11,10234.0068359375,1025.4940185546875,
2018-02-12,11226.0546875,1092.48583984375,234.8730010986328
2018-02-13,10820.1123046875,1063.672607421875,235.4571990966797
2018-02-14,11850.2470703125,1152.6964111328125,238.635009765625
2018-02-15,12686.6513671875,1169.2523193359375,241.68006896972656
2018-02-16,12841.498046875,1184.794677734375,241.7508087158203
2018-02-17,13944.2158203125,1222.3194580078125,
2018-02-18,13248.83984375,1160.0751953125,
2018-02-19,14102.34375,1185.777587890625,
2018-02-20,14424.5400390625,1132.5546875,240.2371368408203
2018-02-21,13575.7392578125,1079.378173828125,239.0421905517578
2018-02-22,12720.357421875,1033.4510498046875,239.3520050048828
2018-02-23,13006.16796875,1091.1251220703125,243.1670837402344
2018-02-24,12389.982421875,1061.2342529296875,
2018-02-25,12223.951171875,1068.515625,
2018-02-26,13144.9755859375,1102.2913818359375,245.9908599853516
2018-02-27,13697.6630859375,1121.6322021484375,242.91932678222656
2018-02-28,13340.505859375,1097.2203369140625,240.45843505859372
2018-03-01,14051.228515625,1119.119873046875,236.9620819091797
2018-03-02,14277.06640625,1103.455322265625,238.18353271484372
2018-03-03,14796.435546875,1103.934326171875,
2018-03-04,14836.287109375,1116.887939453125,
2018-03-05,15019.828125,1107.9111328125,240.9365081787109
2018-03-06,13957.8154296875,1057.7880859375,241.5472869873047
2018-03-07,12860.568359375,971.5283813476562,241.458740234375
2018-03-08,12115.8046875,908.6470336914062,242.6271209716797
2018-03-09,11963.2685546875,933.88720703125,246.84939575195312
2018-03-10,11359.119140625,880.04345703125,
2018-03-11,12273.0986328125,926.8142700195312,
2018-03-12,11822.1357421875,898.79296875,246.5395965576172
2018-03-13,11911.927734375,894.9664306640625,244.94635009765625
2018-03-14,10713.5380859375,795.8140258789062,243.6893615722656
2018-03-15,10834.283203125,797.8740234375,243.4238739013672
2018-03-16,10916.5673828125,787.701171875,243.6877593994141
2018-03-17,10364.779296875,723.6982421875,
2018-03-18,10767.263671875,705.24658203125,
2018-03-19,11290.6171875,728.3089599609375,240.39056396484372
2018-03-20,11653.470703125,728.4505615234375,240.7994384765625
2018-03-21,11513.4140625,724.2972412109375,240.3373260498047
2018-03-22,11285.0380859375,697.78076171875,234.3294982910156
2018-03-23,11444.9423828125,695.5149536132812,229.3348846435547
2018-03-24,11172.33984375,678.5272827148438,
2018-03-25,10941.7158203125,675.2291870117188,
2018-03-26,10537.5859375,628.9010620117188,235.6092834472656
2018-03-27,10088.9560546875,579.7493896484375,231.60113525390625
2018-03-28,10271.6201171875,576.2800903320312,230.91680908203125
2018-03-29,9232.2880859375,497.2811584472656,233.86737060546875
2018-03-30,8884.63671875,508.8552551269531,
2018-03-31,8991.6689453125,511.191650390625,
2018-04-01,8824.9501953125,489.46527099609375,
2018-04-02,9153.6865234375,499.33837890625,228.8194580078125
2018-04-03,9548.2939453125,533.8731689453125,231.75216674804688
2018-04-04,8740.7021484375,485.3064880371094,234.2317657470703
2018-04-05,8696.884765625,489.31060791015625,236.0802459716797
2018-04-06,8479.8896484375,473.1501770019531,230.8190155029297
2018-04-07,8830.990234375,492.3542175292969,
2018-04-08,8978.166015625,511.9693603515625,
2018-04-09,8600.181640625,506.2077331542969,231.95660400390625
2018-04-10,8604.279296875,521.4905395507812,235.64480590820312
2018-04-11,8759.177734375,541.1887817382812,234.40948486328125
2018-04-12,9931.7763671875,620.5634155273438,236.33799743652344
2018-04-13,9952.068359375,621.0431518554688,235.64480590820312
2018-04-14,10065.857421875,632.0628662109375,
2018-04-15,10497.177734375,670.1040649414062,
2018-04-16,10127.330078125,642.3584594726562,237.58224487304688
2018-04-17,9923.4443359375,631.5343017578125,240.12403869628903
2018-04-18,10307.1337890625,662.5985717773438,240.30172729492188
2018-04-19,10504.7431640625,719.2313842773438,238.9686279296875
2018-04-20,11289.048828125,785.7793579101562,236.9422912597656
2018-04-21,11352.5390625,772.6051025390625,
2018-04-22,11237.220703125,793.866455078125,
2018-04-23,11469.9287109375,825.224365234375,236.9067840576172
2018-04-24,12428.31640625,907.5753173828124,233.7162933349609
2018-04-25,11355.2763671875,790.009521484375,234.29397583007807
2018-04-26,11944.375,852.9689331054688,236.67578125
2018-04-27,11522.296875,829.5596923828125,236.8978576660156
2018-04-28,11985.6865234375,876.5435180664062,
2018-04-29,12094.0986328125,884.523193359375,
2018-04-30,11857.4736328125,859.646484375,235.07603454589844
2018-05-01,11709.720703125,864.9864501953125,235.49375915527344
2018-05-02,11897.7119140625,885.185302734375,233.91183471679688
2018-05-03,12515.98828125,1001.322998046875,233.3963623046875
2018-05-04,12457.7158203125,1008.8983764648438,236.41796875
2018-05-05,12659.8369140625,1048.061279296875,
2018-05-06,12412.2109375,1018.594970703125,
2018-05-07,12068.6875,970.4962768554688,237.2179412841797
2018-05-08,11956.322265625,974.7239379882812,237.2179412841797
2018-05-09,11978.193359375,966.2972412109376,239.51080322265625
2018-05-10,11550.0166015625,928.805419921875,241.7503204345703
2018-05-11,10798.3544921875,869.326416015625,242.48797607421875
2018-05-12,10879.455078125,877.5925903320312,
2018-05-13,11150.068359375,937.481201171875,
2018-05-14,11154.8759765625,934.883544921875,242.6035614013672
2018-05-15,10954.560546875,912.458740234375,240.93263244628903
2018-05-16,10694.5283203125,903.5391845703124,241.9458770751953
2018-05-17,10387.4404296875,863.220703125,241.74148559570312
2018-05-18,10625.5986328125,894.205810546875,241.13710021972656
2018-05-19,10620.7177734375,896.9913940429688,
2018-05-20,10962.51171875,921.1806640625,
2018-05-21,10756.1015625,893.3259887695312,242.95016479492188
2018-05-22,10303.1279296875,829.8858032226562,242.274658203125
2018-05-23,9700.4619140625,749.0313720703125,242.941162109375
2018-05-24,9776.287109375,775.361328125,242.44351196289065
2018-05-25,9700.994140625,760.9353637695312,241.865966796875
2018-05-26,9539.8408203125,761.6434936523438,
2018-05-27,9561.0029296875,743.0940551757812,
2018-05-28,9270.365234375,670.3823852539062,
2018-05-29,9735.2900390625,736.5874633789062,239.0841064453125
2018-05-30,9545.5234375,721.1996459960938,242.274658203125
2018-05-31,9700.453125,747.7037353515625,240.79055786132807
2018-06-01,9766.177734375,751.1557006835938,243.15451049804688
2018-06-02,9898.267578125,766.391357421875,
2018-06-03,10001.583984375,801.045166015625,
2018-06-04,9710.9501953125,766.3145141601562,244.3098907470703
2018-06-05,9879.6123046875,788.5599365234375,244.48764038085935
2018-06-06,9908.0771484375,785.9220581054688,246.5316467285156
2018-06-07,9967.1240234375,785.59326171875,246.5050506591797
2018-06-08,9852.1591796875,776.651611328125,247.23374938964844
2018-06-09,9732.0712890625,772.10986328125,
2018-06-10,8799.4326171875,682.685302734375,
2018-06-11,8970.0166015625,692.575927734375,247.5625457763672
2018-06-12,8566.94140625,646.6411743164062,247.882568359375
2018-06-13,8237.7255859375,619.4529418945312,247.0915985107422
2018-06-14,8752.0517578125,681.4337158203125,247.7136688232422
2018-06-15,8522.0400390625,648.076171875,247.39764404296875
2018-06-16,8645.556640625,659.4774780273438,
2018-06-17,8576.4365234375,660.3911743164062,
2018-06-18,8897.3701171875,685.5068969726562,246.88882446289065
2018-06-19,8988.44921875,714.2454833984375,245.94248962402344
2018-06-20,9016.19921875,713.5045776367188,246.3621826171875
2018-06-21,8962.66796875,702.3473510742188,244.81771850585935
2018-06-22,8071.83984375,618.0459594726562,245.26405334472656
2018-06-23,8176.37841796875,629.5931396484375,
2018-06-24,8196.197265625,607.651123046875,
2018-06-25,8309.53515625,612.07421875,241.92529296875
2018-06-26,8102.1435546875,575.4136352539062,242.46090698242188
2018-06-27,8206.8388671875,589.6282958984375,240.452392578125
2018-06-28,7823.8291015625,559.7603149414062,241.8271331787109
2018-06-29,8168.3583984375,572.741455078125,242.1752471923828
2018-06-30,8412.2939453125,597.9244384765625,
2018-07-01,8396.076171875,596.8114013671875,
2018-07-02,8722.119140625,626.840087890625,242.69302368164065
2018-07-03,8580.5341796875,609.9986572265625,241.83604431152344
2018-07-04,8665.8818359375,613.8222045898438,
2018-07-05,8722.501953125,623.282470703125,243.80894470214844
2018-07-06,8728.2705078125,619.9602661132812,245.8710784912109
2018-07-07,8968.1787109375,643.0421142578125,
2018-07-08,8869.71875,640.452392578125,
2018-07-09,8838.4345703125,624.9301147460938,248.0851287841797
2018-07-10,8318.1875,570.8765869140625,248.97772216796875
2018-07-11,8444.21484375,589.6270141601562,247.1566467285156
2018-07-12,8200.228515625,566.1924438476562,249.39724731445312
2018-07-13,8206.7783203125,571.0059204101562,249.59378051757807
2018-07-14,8256.86328125,573.7147216796875,
2018-07-15,8366.7421875,591.8226928710938,
2018-07-16,8855.962890625,631.392333984375,249.37054443359372
2018-07-17,9665.2373046875,661.4228515625,250.37939453125
2018-07-18,9705.8427734375,632.739501953125,250.9060516357422
2018-07-19,9898.0693359375,622.5269165039062,249.95968627929688
2018-07-20,9667.00390625,592.4425048828125,249.67413330078125
2018-07-21,9752.6572265625,607.8721313476562,
2018-07-22,9733.0595703125,603.0700073242188,
2018-07-23,10153.21875,593.6381225585938,250.1383209228516
2018-07-24,11075.38671875,630.231689453125,251.39707946777344
2018-07-25,10666.896484375,616.036376953125,253.5394592285156
2018-07-26,10388.7392578125,606.2643432617188,252.94142150878903
2018-07-27,10655.337890625,612.9141235351562,251.22740173339844
2018-07-28,10690.755859375,609.3018798828125,
2018-07-29,10736.595703125,609.6511840820312,
2018-07-30,10656.7109375,595.4393920898438,249.9151306152344
2018-07-31,10129.3544921875,564.8514404296875,251.1470184326172
2018-08-01,9911.6201171875,546.9290161132812,250.7274932861328
2018-08-02,9854.69921875,537.3563232421875,252.0933380126953
2018-08-03,9655.7861328125,543.2387084960938,253.17356872558597
2018-08-04,9134.265625,528.9389038085938,
2018-08-05,9198.212890625,534.2044677734375,
2018-08-06,9035.94921875,528.5740966796875,254.1018218994141
2018-08-07,8817.548828125,496.44671630859375,254.9410400390625
2018-08-08,8209.521484375,464.27447509765625,254.8339385986328
2018-08-09,8567.599609375,476.87298583984375,254.4858245849609
2018-08-10,8126.708984375,439.1072692871094,252.78070068359372
2018-08-11,8272.5888671875,423.2551574707031,
2018-08-12,8313.705078125,420.2026062011719,
2018-08-13,8269.3388671875,376.1965942382813,251.8343963623047
2018-08-14,8094.96142578125,364.2015075683594,253.44129943847656
2018-08-15,8290.0263671875,371.0545349121094,251.54879760742188
2018-08-16,8336.5048828125,379.0685424804688,253.58416748046875
2018-08-17,8591.0126953125,412.1842041015625,254.476806640625
2018-08-18,8386.21875,386.18255615234375,
2018-08-19,8496.2763671875,392.859130859375,
2018-08-20,8226.3232421875,357.7067565917969,255.0213928222656
2018-08-21,8457.4501953125,367.4858093261719,255.61949157714844
2018-08-22,8294.82421875,352.9603881835937,255.4676971435547
2018-08-23,8558.0791015625,362.8953857421875,255.1285400390625
2018-08-24,8749.3876953125,368.4230346679688,256.6640625
2018-08-25,8805.673828125,364.0990905761719,
2018-08-26,8726.1455078125,358.03131103515625,
2018-08-27,8921.1162109375,370.0843811035156,258.69049072265625
2018-08-28,9169.8134765625,383.1360168457031,258.8153991699219
2018-08-29,9093.6552734375,373.3282165527344,260.2081604003906
2018-08-30,9061.2314453125,368.9103393554688,259.1547546386719
2018-08-31,9172.7822265625,368.8674011230469,259.16363525390625
2018-09-01,9375.681640625,384.9474487304688,
2018-09-02,9497.4453125,384.4190979003906,
2018-09-03,9503.4189453125,378.6400451660156,
2018-09-04,9698.2509765625,376.4114685058594,258.71728515625
2018-09-05,8949.5537109375,306.0960998535156,258.0209655761719
2018-09-06,8588.470703125,302.8247985839844,257.24432373046875
2018-09-07,8504.84375,285.6436767578125,256.7443542480469
2018-09-08,8187.7861328125,260.3253479003906,
2018-09-09,8298.8623046875,259.3685913085937,
2018-09-10,8328.619140625,259.3165588378906,257.190673828125
2018-09-11,8257.3837890625,241.751708984375,258.03875732421875
2018-09-12,8255.4345703125,238.2752990722656,258.10137939453125
2018-09-13,8473.154296875,274.7813415527344,259.6279602050781
2018-09-14,8491.271484375,276.0783386230469,259.6725158691406
2018-09-15,8531.0244140625,290.8438720703125,
2018-09-16,8501.009765625,287.7362976074219,
2018-09-17,8203.875,258.4445495605469,258.297607421875
2018-09-18,8264.212890625,272.35858154296875,259.6991882324219
2018-09-19,8265.6337890625,271.2379455566406,259.9759826660156
2018-09-20,8416.22265625,289.923828125,262.0827941894531
2018-09-21,8702.6123046875,318.625244140625,261.8432922363281
2018-09-22,8685.853515625,310.7379150390625,
2018-09-23,8668.45703125,315.61328125,
2018-09-24,8540.990234375,296.2030639648437,260.9734191894531
2018-09-25,8352.0859375,283.0964050292969,260.7313842773437
2018-09-26,8466.58984375,281.3684387207031,259.9512023925781
2018-09-27,8704.779296875,297.8978881835937,260.6776428222656
2018-09-28,8581.2666015625,287.2446594238281,260.7044677734375
2018-09-29,8526.80078125,299.1695861816406,
2018-09-30,8509.9951171875,299.07440185546875,
2018-10-01,8441.6328125,295.6253356933594,261.6102600097656
2018-10-02,8405.9033203125,291.2801208496094,261.4577331542969
2018-10-03,8376.3505859375,284.02423095703125,261.6011962890625
2018-10-04,8500.04296875,287.2056579589844,259.5565795898437
2018-10-05,8577.1181640625,294.77789306640625,258.10382080078125
2018-10-06,8532.8623046875,291.5646057128906,
2018-10-07,8550.7216796875,292.8207092285156,
2018-10-08,8620.2255859375,297.0777893066406,258.10382080078125
2018-10-09,8593.716796875,294.94488525390625,257.7272033691406
2018-10-10,8599.4443359375,294.8111877441406,249.56674194335935
2018-10-11,8152.27490234375,246.92913818359372,244.06971740722656
2018-10-12,8181.10498046875,256.5023193359375,247.4593811035156
2018-10-13,8195.9814453125,260.5625,
2018-10-14,8192.583984375,254.87669372558597,
2018-10-15,8567.546875,272.3623046875,246.0694274902344
2018-10-16,8533.0244140625,271.8206787109375,251.449951171875
2018-10-17,8525.396484375,269.7659912109375,251.49481201171875
2018-10-18,8470.0859375,265.9388732910156,247.8629150390625
2018-10-19,8479.3916015625,267.1881408691406,247.7283935546875
2018-10-20,8510.5791015625,269.421630859375,
2018-10-21,8480.216796875,268.8270874023437,
2018-10-22,8486.5087890625,267.2831726074219,246.61651611328125
2018-10-23,8471.5439453125,267.3117370605469,245.3609771728516
2018-10-24,8479.2470703125,266.0951538085937,237.92691040039065
2018-10-25,8465.4501953125,264.9831237792969,242.1954345703125
2018-10-26,8494.8203125,266.7660217285156,237.93585205078125
2018-10-27,8502.20703125,267.921875,
2018-10-28,8494.51171875,268.9452514648437,
2018-10-29,8314.287109375,258.9710998535156,236.61767578125
2018-10-30,8308.1611328125,259.1185913085937,240.1239776611328
2018-10-31,8313.8486328125,259.7494506835937,242.68869018554688
2018-11-01,8347.7041015625,260.2981872558594,245.27133178710935
2018-11-02,8381.953125,263.2431640625,243.81857299804688
2018-11-03,8346.291015625,262.654052734375,
2018-11-04,8352.5068359375,271.7994079589844,
2018-11-05,8416.4951171875,274.1287536621094,245.16375732421875
2018-11-06,8478.6611328125,286.67041015625,246.71514892578125
2018-11-07,8567.3154296875,284.9364929199219,251.99700927734372
2018-11-08,8483.1181640625,278.9678955078125,251.5396423339844
2018-11-09,8437.044921875,277.5617370605469,249.08258056640625
2018-11-10,8467.7265625,280.79412841796875,
2018-11-11,8458.9658203125,278.83990478515625,
2018-11-12,8435.529296875,278.5923767089844,244.4283905029297
2018-11-13,8410.7431640625,273.5377197265625,243.9710693359375
2018-11-14,7605.79248046875,240.42938232421875,242.30303955078125
2018-11-15,7440.82763671875,238.19744873046875,244.83189392089844
2018-11-16,7330.9951171875,230.33094787597656,245.4685821533203
2018-11-17,7302.56640625,228.7681579589844,
2018-11-18,7394.5166015625,232.8292999267578,
2018-11-19,6416.97021484375,196.50076293945312,241.31663513183597
2018-11-20,5923.880859375,173.4355926513672,236.8508453369141
2018-11-21,6088.8271484375,180.86007690429688,237.65786743164065
2018-11-22,5758.87109375,167.13092041015625,
2018-11-23,5753.9130859375,163.19680786132812,236.0706024169922
2018-11-24,5138.3203125,150.271728515625,
2018-11-25,5303.9189453125,154.0264434814453,
2018-11-26,5009.05517578125,143.59283447265625,239.8818206787109
2018-11-27,5079.48681640625,146.25367736816406,240.6888885498047
2018-11-28,5651.8525390625,162.5401153564453,246.2307891845703
2018-11-29,5680.4853515625,156.0465545654297,245.69273376464844
2018-11-30,5338.42333984375,150.38999938964844,247.1903839111328
2018-12-01,5603.82763671875,157.7378387451172,
2018-12-02,5487.615234375,154.27931213378906,
2018-12-03,5139.6025390625,143.76283264160156,250.46348571777344
2018-12-04,5246.23974609375,146.12725830078125,242.347900390625
2018-12-05,5017.81494140625,136.9749755859375,
2018-12-06,4715.7939453125,122.89512634277344,241.9802703857422
2018-12-07,4556.55322265625,124.30101013183594,236.3575897216797
2018-12-08,4631.4013671875,122.78889465332033,
2018-12-09,4815.59130859375,126.76689910888672,
2018-12-10,4692.00048828125,122.81797790527344,236.80601501464844
2018-12-11,4582.44140625,119.01770782470705,236.85980224609372
2018-12-12,4655.4306640625,120.95121002197266,238.05242919921875
2018-12-13,4423.69287109375,115.52825164794922,237.97169494628903
2018-12-14,4339.57958984375,112.8340072631836,233.5776824951172
2018-12-15,4331.919921875,113.01136016845705,
2018-12-16,4353.658203125,114.11632537841795,
2018-12-17,4756.1181640625,127.60433197021484,228.9952545166016
2018-12-18,4974.98779296875,136.0998992919922,228.744140625
2018-12-19,5047.40625,136.4523162841797,225.3185577392578
2018-12-20,5581.3095703125,156.88754272460938,221.6508331298828
2018-12-21,5299.509765625,148.92079162597656,217.1092987060547
2018-12-22,5460.31982421875,158.8229217529297,
2018-12-23,5437.609375,177.8079376220703,
2018-12-24,5551.19384765625,190.8714904785156,211.3726348876953
2018-12-25,5184.28271484375,176.4254913330078,
2018-12-26,5236.0654296875,179.0001983642578,222.05218505859372
2018-12-27,4978.06591796875,158.7822265625,223.7569274902344
2018-12-28,5350.458984375,187.68858337402344,223.4683532714844
2018-12-29,5209.318359375,188.1949005126953,
2018-12-30,5268.32666015625,190.59347534179688,
2018-12-31,5107.154296875,181.98953247070312,225.4256134033203
2019-01-01,5237.35302734375,191.88687133789065,
2019-01-02,5376.78759765625,211.40548706054688,225.66018676757807
2019-01-03,5172.015625,201.03741455078125,220.27528381347656
2019-01-04,5160.06787109375,206.7681884765625,227.65354919433597
2019-01-05,5142.62841796875,208.15370178222656,
2019-01-06,5450.15234375,210.89483642578125,
2019-01-07,5352.47314453125,201.71823120117188,229.44854736328125
2019-01-08,5339.38623046875,199.1710357666016,231.60430908203125
2019-01-09,5331.23583984375,199.23367309570312,232.6866607666016
2019-01-10,4870.826171875,170.29730224609375,233.5075225830078
2019-01-11,4892.7724609375,169.24412536621094,233.59767150878903
2019-01-12,4857.1259765625,167.1087188720703,
2019-01-13,4714.0224609375,155.0988311767578,
2019-01-14,4920.77001953125,171.37307739257812,232.1725616455078
2019-01-15,4814.56201171875,161.82501220703125,234.83346557617188
2019-01-16,4846.74365234375,163.830322265625,235.40159606933597
2019-01-17,4885.5302734375,164.34263610839844,237.18768310546875
2019-01-18,4850.6025390625,160.4697723388672,240.34457397460935
2019-01-19,4944.39501953125,165.1226806640625,
2019-01-20,4779.20751953125,158.56507873535156,
2019-01-21,4755.31494140625,155.79347229003906,
2019-01-22,4815.17431640625,158.62892150878906,237.09739685058597
2019-01-23,4783.62255859375,156.71678161621094,237.593505859375
2019-01-24,4807.2275390625,156.6818084716797,237.7198028564453
2019-01-25,4757.97607421875,153.82261657714844,239.73123168945312
2019-01-26,4761.01171875,153.95152282714844,
2019-01-27,4738.95263671875,149.95184326171875,
2019-01-28,4602.44189453125,141.3574981689453,237.90924072265625
2019-01-29,4575.86865234375,140.13548278808594,237.593505859375
2019-01-30,4582.06298828125,143.1426239013672,241.35476684570312
2019-01-31,4540.2548828125,140.5764617919922,243.47445678710935
2019-02-01,4569.05126953125,140.96397399902344,243.59176635742188
2019-02-02,4612.43115234375,144.65867614746094,
2019-02-03,4537.63232421875,140.80841064453125,
2019-02-04,4537.5556640625,141.43531799316406,245.30551147460935
2019-02-05,4550.2216796875,141.0390625,246.33380126953125
2019-02-06,4511.46484375,138.6560821533203,246.009033203125
2019-02-07,4525.54638671875,139.16261291503906,243.66392517089844
2019-02-08,4868.56005859375,158.35751342773438,243.9615478515625
2019-02-09,4874.25732421875,158.56838989257812,
2019-02-10,4899.05712890625,165.69183349609375,
2019-02-11,4853.72998046875,161.3706512451172,244.09686279296875
2019-02-12,4833.3076171875,162.15272521972656,247.23580932617188
2019-02-13,4816.4306640625,162.51637268066406,248.03858947753903
2019-02-14,4809.43896484375,161.41497802734375,247.48834228515625
2019-02-15,4795.94482421875,161.7280731201172,250.18539428710935
2019-02-16,4807.66455078125,163.25851440429688,
2019-02-17,4864.60400390625,176.90109252929688,
2019-02-18,5182.8515625,193.3762359619141,
2019-02-19,5214.447265625,192.01466369628903,250.6182098388672
2019-02-20,5268.66357421875,196.9967193603516,251.1234130859375
2019-02-21,5230.7490234375,193.310791015625,250.2303771972656
2019-02-22,5261.85986328125,195.8553009033203,251.7818298339844
2019-02-23,5440.587890625,208.55398559570312,
2019-02-24,5003.9677734375,178.40577697753906,
2019-02-25,5119.75439453125,184.3715362548828,252.1246490478516
2019-02-26,5074.162109375,181.79147338867188,251.9442443847656
2019-02-27,5062.50634765625,178.9483184814453,251.83595275878903
2019-02-28,5074.7978515625,180.02548217773438,251.366943359375
2019-03-01,5131.505859375,181.40847778320312,252.93641662597656
2019-03-02,5138.84912109375,178.46665954589844,
2019-03-03,5110.76123046875,175.6860809326172,
2019-03-04,5008.0654296875,170.1160430908203,252.0164031982422
2019-03-05,5202.634765625,184.02734375,251.6735992431641
2019-03-06,5247.9453125,186.5700836181641,250.14920043945312
2019-03-07,5259.13525390625,185.59249877929688,248.0565643310547
2019-03-08,5233.1884765625,181.26675415039065,247.5604705810547
2019-03-09,5317.3876953125,185.1014709472656,
2019-03-10,5302.73876953125,183.5194854736328,
2019-03-11,5231.5087890625,179.28634643554688,251.1504821777344
2019-03-12,5222.49609375,179.61099243164062,252.09750366210935
2019-03-13,5195.30078125,177.2183074951172,253.7661590576172
2019-03-14,5229.2138671875,178.17044067382812,253.6038360595703
2019-03-15,5284.845703125,183.7152557373047,254.8568115234375
2019-03-16,5402.0126953125,189.9947662353516,
2019-03-17,5370.65380859375,186.7954559326172,
2019-03-18,5378.759765625,185.90481567382807,255.78086853027344
2019-03-19,5425.4716796875,187.26290893554688,255.8443603515625
2019-03-20,5432.32568359375,186.9745635986328,255.07418823242188
2019-03-21,5386.67822265625,182.6643829345703,257.9552307128906
2019-03-22,5401.17138671875,184.13177490234372,252.99053955078125
2019-03-23,5416.6845703125,185.5386505126953,
2019-03-24,5399.9619140625,183.9117889404297,
2019-03-25,5308.3349609375,180.8673095703125,252.80030822753903
2019-03-26,5332.2373046875,181.2527313232422,254.6846160888672
2019-03-27,5481.36865234375,189.08627319335935,253.35284423828125
2019-03-28,5465.8037109375,187.2703399658203,254.313232421875
2019-03-29,5471.125,190.2269287109375,255.9167633056641
2019-03-30,5482.1982421875,189.6870574951172,
2019-03-31,5480.32470703125,188.90786743164065,
2019-04-01,5536.0009765625,188.8259429931641,258.9517822265625
2019-04-02,6511.953125,218.7987518310547,259.0785522460937
2019-04-03,6636.12451171875,215.4546661376953,259.4862670898437
2019-04-04,6580.05908203125,211.26092529296875,260.1748352050781
2019-04-05,6744.3525390625,221.6321563720703,261.43408203125
2019-04-06,6775.3330078125,222.2111053466797,
2019-04-07,6952.765625,233.4105987548828,
2019-04-08,7042.53662109375,239.98757934570312,261.6334533691406
2019-04-09,6938.990234375,234.78713989257807,260.2926330566406
2019-04-10,7092.3828125,236.2161865234375,261.18048095703125
2019-04-11,6775.66162109375,221.41465759277344,261.10797119140625
2019-04-12,6786.640625,219.66748046875,262.8746337890625
2019-04-13,6796.53759765625,219.38629150390625,
2019-04-14,6890.3828125,223.78749084472656,
2019-04-15,6774.74951171875,216.0254821777344,262.70245361328125
2019-04-16,6994.46142578125,223.93704223632807,262.8746337890625
2019-04-17,7011.0224609375,222.86924743652344,262.2313537597656
2019-04-18,7091.0947265625,232.6240081787109,262.747802734375
2019-04-19,7106.81201171875,232.75958251953125,
2019-04-20,7152.46826171875,232.8169708251953,
2019-04-21,7111.10888671875,227.5307464599609,
2019-04-22,7205.912109375,229.38136291503903,262.9742431640625
2019-04-23,7483.615234375,230.25233459472656,265.3388061523437
2019-04-24,7374.37841796875,223.7683868408203,264.7499694824219
2019-04-25,7023.63427734375,208.2071075439453,264.5868225097656
2019-04-26,7107.36474609375,210.4835205078125,265.8189697265625
2019-04-27,7092.47900390625,213.29429626464844,
2019-04-28,7114.34130859375,211.73536682128903,
2019-04-29,7060.3759765625,208.82614135742188,266.2356872558594
2019-04-30,7165.5595703125,217.168701171875,266.3716735839844
2019-05-01,7261.4951171875,216.1479034423828,264.3694152832031
2019-05-02,7415.341796875,218.3712921142578,263.7986755371094
2019-05-03,7744.74755859375,225.4999542236328,266.38067626953125
2019-05-04,7829.17041015625,220.22897338867188,
2019-05-05,7808.134765625,220.20518493652344,
2019-05-06,7729.1337890625,232.2088928222656,265.2844543457031
2019-05-07,7853.212890625,228.7442626953125,260.85418701171875
2019-05-08,8060.43994140625,230.32632446289065,260.49188232421875
2019-05-09,8314.330078125,229.30357360839844,259.7037353515625
2019-05-10,8555.669921875,232.22874450683597,261.00830078125
2019-05-11,9663.443359375,260.61187744140625,
2019-05-12,9370.3935546875,251.75250244140625,
2019-05-13,10534.099609375,265.3385314941406,254.44908142089844
2019-05-14,10761.1640625,292.3004455566406,256.750244140625
2019-05-15,11029.2626953125,332.2194519042969,258.25421142578125
2019-05-16,10615.1455078125,355.4263916015625,260.6459045410156
2019-05-17,9891.103515625,328.3135986328125,258.9608459472656
2019-05-18,9793.2041015625,315.9638671875,
2019-05-19,11024.76171875,351.4019775390625,
2019-05-20,10712.994140625,338.1947326660156,257.2486267089844
2019-05-21,10674.705078125,342.112548828125,259.5677795410156
2019-05-22,10318.5458984375,328.7649841308594,258.7705993652344
2019-05-23,10619.5908203125,331.4013671875,255.60870361328125
2019-05-24,10732.255859375,335.22125244140625,256.1885681152344
2019-05-25,10820.60546875,338.3023376464844,
2019-05-26,11652.0322265625,358.7947082519531,
2019-05-27,11834.525390625,366.7137451171875,
2019-05-28,11762.53125,366.59423828125,253.80587768554688
2019-05-29,11702.8642578125,364.1559143066406,252.1026306152344
2019-05-30,11251.51171875,346.0315856933594,252.79124450683597
2019-05-31,11601.275390625,362.7568359375,249.38482666015625
2019-06-01,11587.0888671875,359.0735778808594,
2019-06-02,11820.916015625,365.3584289550781,
2019-06-03,11035.0810546875,339.572509765625,248.75067138671875
2019-06-04,10321.9072265625,323.1902770996094,254.15023803710935
2019-06-05,10500.9169921875,331.5676574707031,256.3516540527344
2019-06-06,10446.6328125,333.1831970214844,258.01861572265625
2019-06-07,10687.580078125,333.39813232421875,260.6005859375
2019-06-08,10568.236328125,326.4994201660156,
2019-06-09,10201.4248046875,309.2862243652344,
2019-06-10,10612.037109375,328.32305908203125,261.79644775390625
2019-06-11,10529.193359375,326.4351501464844,261.73297119140625
2019-06-12,10862.7373046875,347.922119140625,261.2711486816406
2019-06-13,10970.216796875,341.42303466796875,262.3490905761719
2019-06-14,11675.84375,354.6702575683594,262.0592041015625
2019-06-15,11869.96484375,361.2937622070313,
2019-06-16,12061.8876953125,361.0366516113281,
2019-06-17,12500.9228515625,367.9734191894531,262.1589050292969
2019-06-18,12145.822265625,354.4766540527344,264.9039306640625
2019-06-19,12307.5859375,357.5831604003906,265.5018920898437
2019-06-20,12562.904296875,358.2681884765625,268.0386047363281
2019-06-21,13422.2734375,390.1960754394531,267.6489562988281
2019-06-22,14159.41796875,409.3414001464844,
2019-06-23,14330.7177734375,406.37884521484375,
2019-06-24,14518.05078125,409.2924499511719,267.3211669921875
2019-06-25,15539.8388671875,419.2745666503906,264.6993408203125
2019-06-26,17080.419921875,441.9010009765625,264.4353942871094
2019-06-27,14643.60546875,385.3361206054688,265.3730163574219
2019-06-28,16263.3818359375,407.9514465332031,266.738525390625
2019-06-29,15676.2001953125,419.5293884277344,
2019-06-30,14160.857421875,380.5533447265625,
2019-07-01,13901.126953125,385.7026062011719,269.1601257324219
2019-07-02,14150.73828125,382.00592041015625,269.8611145019531
2019-07-03,15618.6064453125,395.7773132324219,272.0187072753906
2019-07-04,14635.83203125,371.2948303222656,
2019-07-05,14362.197265625,376.7629699707031,271.70916748046875
2019-07-06,14663.205078125,376.1737365722656,
2019-07-07,14973.7001953125,399.7493286132813,
2019-07-08,16097.8974609375,410.44329833984375,270.2162170410156
2019-07-09,16506.2734375,405.4835510253906,270.5530090332031
2019-07-10,15892.8779296875,379.135986328125,271.845703125
2019-07-11,14844.0107421875,351.154541015625,272.4830017089844
2019-07-12,15407.4560546875,360.2510070800781,273.702880859375
2019-07-13,14855.0927734375,351.3608093261719,
2019-07-14,13369.28515625,296.6593933105469,
2019-07-15,14216.490234375,299.8238830566406,273.7938842773437
2019-07-16,12402.6318359375,260.66229248046875,272.9107971191406
2019-07-17,12653.9990234375,276.0661315917969,271.0537414550781
2019-07-18,13914.0107421875,295.5467224121094,272.0459899902344
2019-07-19,13754.8740234375,289.09796142578125,270.53485107421875
2019-07-20,14063.6611328125,299.2675170898437,
2019-07-21,13836.5703125,294.54901123046875,
2019-07-22,13578.9775390625,285.62432861328125,271.19940185546875
2019-07-23,13011.0947265625,279.55718994140625,273.13848876953125
2019-07-24,12896.158203125,285.2716369628906,274.42205810546875
2019-07-25,13045.1640625,289.0434265136719,273.1112060546875
2019-07-26,13006.5927734375,289.4169006347656,274.94097900390625
2019-07-27,12489.2099609375,273.31231689453125,
2019-07-28,12581.0693359375,278.1316223144531,
2019-07-29,12532.498046875,278.1464538574219,274.4403076171875
2019-07-30,12632.234375,276.8037414550781,273.7666015625
2019-07-31,13309.306640625,288.54278564453125,270.7714538574219
2019-08-01,13742.7783203125,287.8258056640625,268.4136657714844
2019-08-02,13903.7333984375,287.9994201660156,266.39263916015625
2019-08-03,14304.9912109375,294.1048583984375,
2019-08-04,14484.197265625,293.9961853027344,
2019-08-05,15600.5693359375,309.5032043457031,258.38140869140625
2019-08-06,15244.845703125,300.19158935546875,262.004638671875
2019-08-07,15895.177734375,301.3343505859375,262.159423828125
2019-08-08,15831.150390625,292.2985534667969,267.302978515625
2019-08-09,15722.9111328125,278.9779968261719,265.4822692871094
2019-08-10,15048.408203125,274.0007019042969,
2019-08-11,15233.595703125,285.6639709472656,
2019-08-12,15066.451171875,279.668701171875,262.25048828125
2019-08-13,14398.294921875,275.7985534667969,266.328857421875
2019-08-14,13380.9287109375,248.41409301757807,258.4542236328125
2019-08-15,13732.50390625,251.0395050048828,259.1369934082031
2019-08-16,13772.40234375,246.18003845214844,262.9605712890625
2019-08-17,13583.1005859375,246.5087432861328,
2019-08-18,13726.3662109375,258.04547119140625,
2019-08-19,14551.798828125,270.73455810546875,266.128662109375
2019-08-20,14335.01171875,261.7956237792969,264.0893859863281
2019-08-21,13472.2509765625,248.35655212402344,266.2378845214844
2019-08-22,13468.732421875,254.36753845214844,266.1558837890625
2019-08-23,13857.7060546875,259.2419738769531,259.3190612792969
2019-08-24,13527.5,254.69287109375,
2019-08-25,13499.212890625,248.7765350341797,
2019-08-26,13744.16796875,250.38299560546875,262.18670654296875
2019-08-27,13532.556640625,249.13650512695312,261.157958984375
2019-08-28,12980.54296875,231.40130615234372,262.9970092773437
2019-08-29,12633.759765625,225.1933135986328,266.356201171875
2019-08-30,12802.5146484375,225.20022583007807,266.2378845214844
2019-08-31,12868.6279296875,230.45654296875,
2019-09-01,12995.5478515625,228.57400512695312,
2019-09-02,13796.5263671875,237.81103515625,
2019-09-03,14171.9091796875,239.45388793945312,264.6811828613281
2019-09-04,14011.884765625,232.7616729736328,267.68524169921875
2019-09-05,13992.0439453125,230.49935913085935,271.12652587890625
2019-09-06,13636.8525390625,223.85777282714844,271.3358764648437
2019-09-07,13852.8017578125,234.7985992431641,
2019-09-08,13750.5439453125,238.8345184326172,
2019-09-09,13610.892578125,238.5691375732422,271.4725036621094
2019-09-10,13299.9990234375,236.37554931640625,271.4087219238281
2019-09-11,13420.6923828125,235.6584930419922,273.3388366699219
2019-09-12,13754.796875,239.1747589111328,274.2854919433594
2019-09-13,13769.6337890625,240.70297241210935,274.1034545898437
2019-09-14,13766.3134765625,250.0006866455078,
2019-09-15,13675.46484375,250.8239898681641,
2019-09-16,13608.0166015625,261.0074157714844,273.2568664550781
2019-09-17,13562.19921875,276.25408935546875,273.9486999511719
2019-09-18,13561.0185546875,281.0977783203125,274.11260986328125
2019-09-19,13611.212890625,293.3741760253906,274.0943908691406
2019-09-20,13504.4912109375,289.21221923828125,272.79931640625
2019-09-21,13289.7216796875,285.8514404296875,
2019-09-22,13362.6953125,280.7057189941406,
2019-09-23,12903.61328125,267.8001708984375,272.7351989746094
2019-09-24,11414.6640625,222.59878540039065,270.59521484375
2019-09-25,11252.607421875,226.5806427001953,272.1957092285156
2019-09-26,10774.2763671875,221.25523376464844,271.6286926269531
2019-09-27,10927.646484375,231.36399841308597,270.1653747558594
2019-09-28,10918.4990234375,231.1537170410156,
2019-09-29,10727.6728515625,225.6988677978516,
2019-09-30,10983.7353515625,238.20835876464844,271.41827392578125
2019-10-01,11028.66015625,234.4195556640625,268.1898193359375
2019-10-02,11187.294921875,240.87355041503903,263.4524841308594
2019-10-03,11016.5166015625,233.6668701171875,265.6108703613281
2019-10-04,10920.4306640625,235.53094482421875,269.20513916015625
2019-10-05,10854.66015625,234.83233642578125,
2019-10-06,10629.6796875,230.28634643554688,
2019-10-07,10969.423828125,241.0381622314453,268.0435485839844
2019-10-08,10963.619140625,242.5164337158203,263.8822326660156
2019-10-09,11465.6513671875,257.8292236328125,266.3880920410156
2019-10-10,11409.8173828125,254.67987060546875,268.1898193359375
2019-10-11,10985.16796875,241.00184631347656,270.9701843261719
2019-10-12,11008.404296875,238.78121948242188,
2019-10-13,10985.474609375,240.37744140625,
2019-10-14,11076.603515625,247.2799224853516,270.6683654785156
2019-10-15,10835.0341796875,239.5432586669922,273.3480834960937
2019-10-16,10625.7939453125,232.40472412109372,272.9091186523437
2019-10-17,10645.5087890625,233.8626708984375,273.7138671875
2019-10-18,10466.0302734375,227.904052734375,272.5157775878906
2019-10-19,10486.18359375,226.9742889404297,
2019-10-20,10798.75390625,230.54421997070312,
2019-10-21,10789.3740234375,228.93641662597656,274.36328125
2019-10-22,10577.720703125,225.6133270263672,273.4669494628906
2019-10-23,9825.0576171875,212.33352661132807,274.2626647949219
2019-10-24,9795.86328125,211.9948272705078,274.7108154296875
2019-10-25,11310.35546875,237.0584259033203,275.835693359375
2019-10-26,12074.3955078125,234.87413024902344,
2019-10-27,12478.580078125,240.69825744628903,
2019-10-28,12084.3642578125,238.47544860839844,277.3905944824219
2019-10-29,12342.578125,249.19346618652344,277.30816650390625
2019-10-30,12119.798828125,243.15646362304688,278.1588134765625
2019-10-31,12113.8388671875,242.244140625,277.4179382324219
2019-11-01,12185.2978515625,242.0583953857422,279.98785400390625
2019-11-02,12269.3701171875,242.0076141357422,
2019-11-03,12135.8193359375,239.7176055908203,
2019-11-04,12379.9375,245.10366821289065,281.1128234863281
2019-11-05,12289.0478515625,249.0084381103516,280.80181884765625
2019-11-06,12344.248046875,252.65594482421875,280.8658447265625
2019-11-07,12209.150390625,247.64161682128903,281.853515625
2019-11-08,11646.65625,243.6657257080078,282.5486755371094
2019-11-09,11658.166015625,244.74673461914065,
2019-11-10,11977.5634765625,250.6177978515625,
2019-11-11,11592.044921875,245.51910400390625,282.0091247558594
2019-11-12,11669.4072265625,247.3270568847656,282.60357666015625
2019-11-13,11673.326171875,249.49366760253903,282.695068359375
2019-11-14,11538.41796875,246.45361328125,283.1066589355469
2019-11-15,11227.6875,238.67608642578125,285.1552124023437
2019-11-16,11305.3876953125,242.41403198242188,
2019-11-17,11343.078125,244.792236328125,
2019-11-18,10974.439453125,238.4730224609375,285.3655700683594
2019-11-19,10891.607421875,235.5278778076172,285.2832946777344
2019-11-20,10679.6787109375,233.7534637451172,284.22235107421875
2019-11-21,10149.2890625,214.41651916503903,283.76513671875
2019-11-22,9703.353515625,199.8341217041016,284.3960876464844
2019-11-23,9841.0302734375,204.08631896972656,
2019-11-24,9372.228515625,189.93972778320312,
2019-11-25,9506.14453125,194.8504180908203,286.6002502441406
2019-11-26,9578.9013671875,197.67916870117188,287.2496032714844
2019-11-27,10006.5302734375,203.2890472412109,288.530029296875
2019-11-28,9909.8857421875,201.4581756591797,
2019-11-29,10308.0185546875,206.26565551757807,287.4599609375
2019-11-30,10053.5283203125,202.5940704345703,
2019-12-01,9863.2685546875,200.85220336914065,
2019-12-02,9743.00390625,198.34556579589844,285.0180053710937
2019-12-03,9730.3037109375,196.6710662841797,283.1066589355469
2019-12-04,9568.0810546875,193.61383056640625,284.8534545898437
2019-12-05,9814.6123046875,196.6649475097656,285.3655700683594
2019-12-06,10004.185546875,197.7699279785156,287.97216796875
2019-12-07,10016.435546875,197.2048492431641,
2019-12-08,10024.0439453125,200.45147705078125,
2019-12-09,9797.5029296875,196.22433471679688,287.0667419433594
2019-12-10,9632.2275390625,193.57711791992188,286.7465515136719
2019-12-11,9507.8056640625,189.18055725097656,287.56060791015625
2019-12-12,9526.7783203125,191.5106201171875,290.0390319824219
2019-12-13,9573.5927734375,190.8806304931641,290.2127990722656
2019-12-14,9382.6259765625,188.1473388671875,
2019-12-15,9429.5302734375,188.6815185546875,
2019-12-16,9125.708984375,175.885498046875,292.2065734863281
2019-12-17,8738.685546875,161.34242248535156,292.2706298828125
2019-12-18,9543.439453125,174.54881286621094,292.2889709472656
2019-12-19,9453.373046875,169.72752380371094,293.4870300292969
2019-12-20,9491.2998046875,169.696044921875,294.7737121582031
2019-12-21,9454.611328125,168.46080017089844,
2019-12-22,9875.03515625,174.02220153808594,
2019-12-23,9671.1064453125,169.10052490234375,295.2240905761719
2019-12-24,9642.6767578125,169.95779418945312,295.2332458496094
2019-12-25,9572.5771484375,166.3877410888672,
2019-12-26,9491.5380859375,165.68142700195312,296.8048400878906
2019-12-27,9536.4560546875,166.41452026367188,296.73126220703125
2019-12-28,9574.4921875,167.89102172851562,
2019-12-29,9704.8583984375,176.19134521484375,
2019-12-30,9525.9716796875,173.24334716796875,295.09539794921875
2019-12-31,9356.3544921875,168.578369140625,295.812255859375
2020-01-01,9346.5390625,169.79396057128906,
2020-01-02,9070.2490234375,165.43511962890625,298.5785827636719
2020-01-03,9550.185546875,174.45677185058594,296.3178100585937
2020-01-04,9635.7060546875,175.6239471435547,
2020-01-05,9627.375,177.02490234375,
2020-01-06,10072.1240234375,187.0779266357422,297.4482727050781
2020-01-07,10615.7548828125,186.6591644287109,296.6118469238281
2020-01-08,10533.9755859375,184.16275024414065,298.19268798828125
2020-01-09,10292.3916015625,181.5478363037109,300.214599609375
2020-01-10,10658.046875,187.8849639892578,299.3506774902344
2020-01-11,10489.669921875,186.5320281982422,
2020-01-12,10704.5751953125,190.60354614257807,
2020-01-13,10633.3291015625,188.30699157714844,301.4093933105469
2020-01-14,11535.037109375,216.8500518798828,300.9498596191406
2020-01-15,11484.7373046875,216.7722930908203,301.6299133300781
2020-01-16,11377.1689453125,214.391357421875,304.1390075683594
2020-01-17,11666.9482421875,223.14620971679688,305.0856628417969
2020-01-18,11684.9423828125,229.13804626464844,
2020-01-19,11374.23046875,218.1369171142578,
2020-01-20,11294.328125,218.01705932617188,
2020-01-21,11435.6943359375,221.8875274658203,304.4882507324219
2020-01-22,11406.2548828125,221.1304473876953,304.5250549316406
2020-01-23,11037.4609375,213.91949462890625,304.8742980957031
2020-01-24,11103.5927734375,214.3707275390625,302.1631164550781
2020-01-25,11001.5859375,212.04725646972656,
2020-01-26,11314.1328125,221.2032470703125,
2020-01-27,11751.3828125,225.4450225830078,297.31951904296875
2020-01-28,12320.0693359375,232.18182373046875,300.4352111816406
2020-01-29,12295.9384765625,231.0286407470703,300.18701171875
2020-01-30,12563.7099609375,244.0213623046875,301.1612243652344
2020-01-31,12377.8564453125,238.48883056640625,295.6928100585937
2020-02-01,12433.9130859375,243.1402282714844,
2020-02-02,12373.4443359375,249.75999450683597,
2020-02-03,12354.66796875,252.4037628173828,297.88934326171875
2020-02-04,12195.3115234375,251.3864898681641,302.4295349121094
2020-02-05,12770.7607421875,271.3055725097656,305.9219970703125
2020-02-06,12927.404296875,282.1221923828125,306.9513854980469
2020-02-07,13034.384765625,296.3570861816406,305.31549072265625
2020-02-08,13126.4296875,296.9165344238281,
2020-02-09,13463.623046875,304.2003479003906,
2020-02-10,13127.1337890625,297.68975830078125,307.5947265625
2020-02-11,13567.154296875,313.4556884765625,308.1278381347656
2020-02-12,13690.90234375,351.891357421875,310.113037109375
2020-02-13,13550.72265625,355.6690368652344,309.7821044921875
2020-02-14,13664.533203125,376.6152038574219,310.2784423828125
2020-02-15,13104.4267578125,350.79052734375,
2020-02-16,13158.455078125,344.23834228515625,
2020-02-17,12826.357421875,352.5719909667969,
2020-02-18,13442.9423828125,373.7099304199219,309.4788818359375
2020-02-19,12736.0595703125,343.42742919921875,310.95855712890625
2020-02-20,12740.166015625,342.0229187011719,309.6809997558594
2020-02-21,12810.2705078125,351.2554931640625,306.49188232421875
2020-02-22,12779.509765625,346.9324035644531,
2020-02-23,13153.1787109375,362.8124084472656,
2020-02-24,12822.669921875,352.40631103515625,296.32696533203125
2020-02-25,12406.2138671875,329.1131591796875,287.3475952148437
2020-02-26,11772.2744140625,301.2032775878906,286.2906799316406
2020-02-27,11758.484375,303.520751953125,273.432861328125
2020-02-28,11616.3203125,303.7343444824219,272.2840270996094
2020-02-29,11518.6123046875,294.4761047363281,
2020-03-01,11505.412109375,294.2319030761719,
2020-03-02,11815.7314453125,307.1535339355469,284.07568359375
2020-03-03,11757.53125,300.3402709960937,275.9418640136719
2020-03-04,11717.171875,300.4730834960937,287.5405578613281
2020-03-05,12161.248046875,307.1109313964844,277.9822692871094
2020-03-06,12245.193359375,326.8840026855469,273.3868713378906
2020-03-07,11963.83984375,319.3772277832031,
2020-03-08,11047.4541015625,273.44244384765625,
2020-03-09,10820.6083984375,275.83453369140625,252.036865234375
2020-03-10,10861.99609375,275.7026062011719,265.0785522460937
2020-03-11,10898.4541015625,268.44268798828125,252.15640258789065
2020-03-12,6930.84912109375,156.6473846435547,228.03077697753903
2020-03-13,7701.56103515625,184.3845977783203,247.5242462158203
2020-03-14,7228.76904296875,171.4015350341797,
2020-03-15,7448.3291015625,172.95677185058594,
2020-03-16,7023.05517578125,154.90960693359375,220.439208984375
2020-03-17,7439.9375,162.224853515625,232.3412170410156
2020-03-18,7576.998046875,166.11050415039062,220.5770721435547
2020-03-19,8981.1298828125,198.1471405029297,221.04579162597656
2020-03-20,8905.474609375,190.6968536376953,211.51998901367188
2020-03-21,8885.775390625,190.81399536132807,
2020-03-22,8429.4228515625,178.298583984375,
2020-03-23,9291.0673828125,195.35714721679688,206.11183166503903
2020-03-24,9725.8310546875,200.38748168945312,224.7862243652344
2020-03-25,9497.5654296875,193.6113128662109,228.15133666992188
2020-03-26,9428.9287109375,194.23997497558597,241.47303771972656
2020-03-27,9072.2744140625,187.81448364257807,234.2805938720703
2020-03-28,8753.740234375,183.68890380859372,
2020-03-29,8319.2744140625,176.41976928710938,
2020-03-30,9118.2744140625,188.4743194580078,241.88905334472656
2020-03-31,9065.6123046875,188.0997467041016,238.28355407714844
2020-04-01,9351.5283203125,191.98324584960935,227.5596923828125
2020-04-02,9600.580078125,200.7120361328125,232.81069946289065
2020-04-03,9566.9521484375,201.8865966796875,229.44561767578125
2020-04-04,9763.8037109375,206.46348571777344,
2020-04-05,9680.4833984375,204.62001037597656,
2020-04-06,10261.4140625,238.67237854003903,244.8566436767578
2020-04-07,10058.51953125,231.408203125,245.10623168945312
2020-04-08,10271.8447265625,241.79510498046875,253.3340759277344
2020-04-09,10215.017578125,238.9450225830078,257.1890563964844
2020-04-10,9579.7666015625,221.0408172607422,
2020-04-11,9570.8212890625,220.7667236328125,
2020-04-12,9736.3916015625,225.06455993652344,
2020-04-13,9496.7373046875,216.8206787109375,254.84088134765625
2020-04-14,9498.083984375,218.7620849609375,262.3569641113281
2020-04-15,9378.7919921875,216.44415283203125,256.7823181152344
2020-04-16,9992.0078125,241.7093048095703,258.02117919921875
2020-04-17,9934.9775390625,240.3017425537109,264.9916687011719
2020-04-18,10161.0576171875,261.6880187988281,
2020-04-19,10102.0048828125,255.19081115722656,
2020-04-20,9721.1455078125,243.37921142578125,260.3230895996094
2020-04-21,9763.935546875,245.13380432128903,252.4188537597656
2020-04-22,10096.2783203125,259.03082275390625,258.02117919921875
2020-04-23,10451.1630859375,260.27410888671875,258.0026550292969
2020-04-24,10642.806640625,266.7247314453125,261.5988464355469
2020-04-25,10669.6357421875,275.57391357421875,
2020-04-26,10836.6767578125,278.4248962402344,
2020-04-27,10941.6015625,276.8169250488281,265.37066650390625
2020-04-28,10917.1171875,277.4571228027344,264.15045166015625
2020-04-29,12211.4658203125,301.0440673828125,271.0653991699219
2020-04-30,12083.2373046875,289.7140808105469,268.54168701171875
2020-05-01,12644.259765625,305.5514221191406,261.4325256347656
2020-05-02,12820.8837890625,307.1293640136719,
2020-05-03,12576.126953125,298.1434631347656,
2020-05-04,12551.24609375,293.1610412597656,262.1535949707031
2020-05-05,12642.5615234375,290.3629455566406,264.5756225585937
2020-05-06,13128.228515625,289.0235900878906,262.7821655273437
2020-05-07,13904.5908203125,296.6177673339844,265.9530639648437
2020-05-08,13795.9736328125,298.5396423339844,270.3536682128906
2020-05-09,13448.2451171875,296.6104736328125,
2020-05-10,12194.486328125,262.6498107910156,
2020-05-11,12061.869140625,260.6962890625,270.4091186523437
2020-05-12,12397.9375,266.5785217285156,265.0193786621094
2020-05-13,13062.2001953125,280.6802673339844,260.3322448730469
2020-05-14,13659.9638671875,284.8116760253906,263.4477844238281
2020-05-15,13162.552734375,276.0333557128906,264.6588134765625
2020-05-16,13228.951171875,283.1122741699219,
2020-05-17,13627.9384765625,291.92657470703125,
2020-05-18,13559.828125,299.069580078125,272.7203063964844
2020-05-19,13560.9365234375,297.5213928222656,269.9190673828125
2020-05-20,13241.1337890625,292.1268920898437,274.5044860839844
2020-05-21,12666.3330078125,278.7776794433594,272.6093444824219
2020-05-22,12857.904296875,290.0886535644531,273.1270751953125
2020-05-23,12895.3046875,292.2243347167969,
2020-05-24,12293.2158203125,283.0122985839844,
2020-05-25,12445.0634765625,286.8795166015625,
2020-05-26,12177.46875,278.2845764160156,276.4921264648437
2020-05-27,12630.3720703125,287.33447265625,280.6061096191406
2020-05-28,13121.0263671875,302.81414794921875,280.0883483886719
2020-05-29,13000.0341796875,303.9248046875,281.3363952636719
2020-05-30,13359.8955078125,333.7704772949219,
2020-05-31,13034.29296875,318.21014404296875,
2020-06-01,13812.48828125,335.54449462890625,282.4735412597656
2020-06-02,12873.8603515625,320.4604187011719,284.8124389648437
2020-06-03,13031.103515625,329.5038757324219,288.60272216796875
2020-06-04,13233.3291015625,330.0372314453125,287.8447265625
2020-06-05,12972.7880859375,323.76092529296875,295.2220458984375
2020-06-06,12956.87890625,324.71295166015625,
2020-06-07,13071.93359375,328.4003295898437,
2020-06-08,13063.2109375,329.2843017578125,298.79052734375
2020-06-09,13147.34765625,328.7091369628906,296.5624694824219
2020-06-10,13253.5234375,332.26806640625,294.9076843261719
2020-06-11,12711.013671875,315.9455871582031,277.9066467285156
2020-06-12,12883.56640625,322.730712890625,281.2347106933594
2020-06-13,12876.001953125,324.6544189453125,
2020-06-14,12803.015625,319.3183898925781,
2020-06-15,12791.0048828125,311.1961364746094,283.86016845703125
2020-06-16,12907.7607421875,317.2342224121094,289.3239440917969
2020-06-17,12871.5322265625,316.3871459960937,288.1221008300781
2020-06-18,12793.9384765625,315.50555419921875,288.2330017089844
2020-06-19,12640.25,309.1170349121094,286.5857238769531
2020-06-20,12700.5693359375,312.02392578125,
2020-06-21,12668.61328125,311.81201171875,
2020-06-22,13028.3251953125,327.48406982421875,288.42431640625
2020-06-23,13041.349609375,330.6392517089844,289.7521057128906
2020-06-24,12707.974609375,321.7001953125,282.3609313964844
2020-06-25,12634.4716796875,317.6675720214844,285.387939453125
2020-06-26,12541.28515625,314.3466491699219,278.6095886230469
2020-06-27,12380.4267578125,305.1650695800781,
2020-06-28,12506.509765625,308.22784423828125,
2020-06-29,12552.2529296875,311.6532592773437,282.7044372558594
2020-06-30,12404.7802734375,307.2214660644531,286.3257751464844
2020-07-01,12543.140625,314.1293640136719,288.3313903808594
2020-07-02,12380.2392578125,311.27947998046875,289.919189453125
2020-07-03,12313.7509765625,305.4107360839844,
2020-07-04,12374.9775390625,310.4068908691406,
2020-07-05,12296.1455078125,308.5094299316406,
2020-07-06,12693.783203125,326.9891357421875,294.394775390625
2020-07-07,12588.0009765625,325.2694396972656,291.3585510253906
2020-07-08,12745.560546875,333.4573974609375,293.58697509765625
2020-07-09,12599.8515625,330.025390625,291.9156494140625
2020-07-10,12614.8642578125,327.6275329589844,294.8962097167969
2020-07-11,12556.244140625,325.38775634765625,
2020-07-12,12613.8037109375,329.2407531738281,
2020-07-13,12580.0966796875,326.0898742675781,292.3427734375
2020-07-14,12571.09375,326.696044921875,296.1312255859375
2020-07-15,12417.10546875,322.0474853515625,298.851806640625
2020-07-16,12394.2138671875,317.09625244140625,297.8674621582031
2020-07-17,12428.27734375,316.1233215332031,298.7311096191406
2020-07-18,12437.9765625,319.7870178222656,
2020-07-19,12469.287109375,323.7348937988281,
2020-07-20,12395.2001953125,319.4120483398437,301.1452941894531
2020-07-21,12604.2080078125,329.4164123535156,301.7860412597656
2020-07-22,12781.58984375,351.82000732421875,303.5038146972656
2020-07-23,12843.0439453125,368.2096862792969,299.8824768066406
2020-07-24,12796.078125,374.6358947753906,297.9511413574219
2020-07-25,12982.283203125,407.9058227539063,
2020-07-26,13288.4453125,415.40765380859375,
2020-07-27,14662.375,428.9158630371094,300.1239318847656
2020-07-28,14600.2333984375,423.65478515625,298.2203369140625
2020-07-29,14809.4013671875,424.506103515625,301.88818359375
2020-07-30,14902.1494140625,448.7412414550781,300.8109741210937
2020-07-31,15186.41015625,463.43890380859375,303.18804931640625
2020-08-01,15771.3193359375,516.6087036132812,
2020-08-02,14809.8310546875,496.6326293945313,
2020-08-03,15064.8779296875,517.4559326171875,305.2959289550781
2020-08-04,14900.923828125,518.4330444335938,306.4752197265625
2020-08-05,15582.9189453125,532.726806640625,308.37860107421875
2020-08-06,15690.24609375,526.0755004882812,310.4400329589844
2020-08-07,15529.1513671875,507.9969177246094,310.6629638671875
2020-08-08,15733.025390625,527.3599853515625,
2020-08-09,15633.2314453125,523.6907348632812,
2020-08-10,15862.41015625,528.680908203125,311.5914306640625
2020-08-11,15187.80859375,506.3045043945313,309.0193786621094
2020-08-12,15342.7978515625,517.8626098632812,313.3277893066406
2020-08-13,15581.5751953125,566.90380859375,312.7613830566406
2020-08-14,15614.3486328125,580.3175659179688,312.7706604003906
2020-08-15,15742.8154296875,574.9536743164062,
2020-08-16,15761.5810546875,574.8991088867188,
2020-08-17,16203.1376953125,567.9390869140625,313.7642517089844
2020-08-18,15775.91796875,557.3882446289062,314.44207763671875
2020-08-19,15535.9853515625,537.052490234375,313.13287353515625
2020-08-20,15648.994140625,548.6327514648438,314.10791015625
2020-08-21,15273.857421875,512.6992797851562,315.2220458984375
2020-08-22,15391.564453125,521.5385131835938,
2020-08-23,15375.8564453125,515.8980102539062,
2020-08-24,15563.072265625,539.464599609375,318.4162902832031
2020-08-25,14964.7900390625,505.5803833007813,319.5304870605469
2020-08-26,15097.1689453125,507.8655700683594,322.73394775390625
2020-08-27,14859.3544921875,502.1173095703125,323.4396667480469
2020-08-28,15119.2314453125,518.5463256835938,325.5289001464844
2020-08-29,15072.5556640625,523.8471069335938,
2020-08-30,15319.2353515625,560.363037109375,
2020-08-31,15230.271484375,567.2874145507812,324.34967041015625
2020-09-01,15626.501953125,622.7531127929688,327.4045715332031
2020-09-02,14891.1826171875,574.0935668945312,332.1400756835937
2020-09-03,13462.5244140625,506.7806396484375,320.7097473144531
2020-09-04,13731.634765625,507.1613464355469,318.0912780761719
2020-09-05,13284.556640625,437.951904296875,
2020-09-06,13442.8447265625,462.0653381347656,
2020-09-07,13579.41015625,461.841796875,
2020-09-08,13413.7734375,446.973388671875,309.40008544921875
2020-09-09,13471.4013671875,461.8027038574219,315.5099182128906
2020-09-10,13668.7216796875,485.5172119140625,310.0314636230469
2020-09-11,13705.8056640625,493.755126953125,310.1893310546875
2020-09-12,13760.169921875,510.2105407714844,
2020-09-13,13609.859375,481.9327697753906,
2020-09-14,14073.92578125,497.1196594238281,314.2749328613281
2020-09-15,14244.935546875,481.3498840332031,315.8627319335937
2020-09-16,14466.7021484375,482.1998596191406,314.6092224121094
2020-09-17,14398.1953125,511.5700073242188,311.8421630859375
2020-09-18,14452.4892578125,507.5591430664063,308.25201416015625
2020-09-19,14650.47265625,509.1248474121094,
2020-09-20,14436.8994140625,489.73480224609375,
2020-09-21,13916.69921875,454.6373291015625,304.8213195800781
2020-09-22,14013.412109375,458.0996398925781,307.9257507324219
2020-09-23,13717.2255859375,429.8989562988281,300.7845458984375
2020-09-24,14365.6142578125,466.4197387695313,301.5863647460937
2020-09-25,14312.2021484375,471.3972778320313,306.4620666503906
2020-09-26,14392.6923828125,475.9150085449219,
2020-09-27,14418.9375,478.3066711425781,
2020-09-28,14306.53125,474.4411315917969,311.55224609375
2020-09-29,14515.2265625,481.52447509765625,309.8554992675781
2020-09-30,14353.619140625,479.059326171875,312.20477294921875
2020-10-01,14109.9384765625,469.3004760742188,314.20916748046875
2020-10-02,14077.1513671875,460.8612976074219,311.2258605957031
2020-10-03,14041.6845703125,461.23822021484375,
2020-10-04,14183.2890625,468.6903381347656,
2020-10-05,14311.072265625,469.3172912597656,316.74493408203125
2020-10-06,14126.2880859375,454.0058898925781,312.2421569824219
2020-10-07,14146.5517578125,453.2222290039063,317.6771850585937
2020-10-08,14400.3544921875,462.7429809570313,320.4926147460937
2020-10-09,14513.9677734375,479.56878662109375,323.3545837402344
2020-10-10,14818.736328125,486.6408386230469,
2020-10-11,14949.650390625,492.6346740722656,
2020-10-12,15151.8544921875,508.4087524414063,328.5566711425781
2020-10-13,15015.10546875,500.933837890625,326.4123840332031
2020-10-14,15031.9501953125,499.0928649902344,324.3614501953125
2020-10-15,15206.5654296875,499.2970581054688,323.9605407714844
2020-10-16,14936.7099609375,483.1476440429688,323.76483154296875
2020-10-17,14984.17578125,486.6131896972656,
2020-10-18,15137.2724609375,498.5582580566406,
2020-10-19,15487.8056640625,501.136962890625,318.84246826171875
2020-10-20,15634.2314453125,484.3076171875,320.11968994140625
2020-10-21,16869.498046875,515.9239501953125,319.5137023925781
2020-10-22,17032.642578125,543.5529174804688,321.2663269042969
2020-10-23,16973.615234375,537.8494873046875,322.3570861816406
2020-10-24,17205.314453125,541.3815307617188,
2020-10-25,17133.712890625,534.1052856445312,
2020-10-26,17267.447265625,520.1771850585938,316.4000244140625
2020-10-27,18012.412109375,532.946044921875,315.3092956542969
2020-10-28,17666.005859375,517.3505249023438,304.5323181152344
2020-10-29,17893.388671875,514.9555053710938,307.62744140625
2020-10-30,18045.322265625,509.9544982910156,304.4205017089844
2020-10-31,18357.662109375,514.9769897460938,
2020-11-01,18364.880859375,529.8837280273438,
2020-11-02,17915.12890625,506.5722961425781,307.8325500488281
2020-11-03,18279.595703125,507.8894653320313,313.267578125
2020-11-04,18553.1484375,527.886962890625,320.26885986328125
2020-11-05,20383.97265625,541.7470703125,326.5150146484375
2020-11-06,20332.16796875,593.9547729492188,326.4404296875
2020-11-07,19375.865234375,569.12890625,
2020-11-08,20159.365234375,590.6739501953125,
2020-11-09,19945.732421875,577.8095092773438,330.5424194335937
2020-11-10,19926.416015625,586.0022583007812,330.0576477050781
2020-11-11,20504.458984375,604.5824584960938,332.50946044921875
2020-11-12,21384.4296875,605.6848754882812,329.2838439941406
2020-11-13,21423.16015625,623.122802734375,333.8425598144531
2020-11-14,21095.376953125,604.116943359375,
2020-11-15,20937.958984375,587.316162109375,
2020-11-16,21858.822265625,601.4409790039062,338.00982666015625
2020-11-17,23126.068359375,629.5599365234375,336.1918640136719
2020-11-18,23303.57421875,627.5942993164062,332.1458740234375
2020-11-19,23320.166015625,617.300537109375,333.5442810058594
2020-11-20,24380.234375,667.3907470703125,331.2601623535156
2020-11-21,24407.623046875,719.423583984375,
2020-11-22,24036.96484375,730.2265014648438,
2020-11-23,24010.26171875,795.5262451171875,333.24591064453125
2020-11-24,24836.837890625,784.9765014648438,338.6157531738281
2020-11-25,24356.40234375,742.0341186523438,338.0937805175781
2020-11-26,22332.255859375,675.5440063476562,
2020-11-27,22226.46484375,672.3045043945312,339.0352783203125
2020-11-28,23017.66796875,699.2439575195312,
2020-11-29,23600.826171875,747.538330078125,
2020-11-30,25498.35546875,798.8181762695312,337.5343322753906
2020-12-01,24319.798828125,759.6450805664062,341.2260437011719
2020-12-02,24803.392578125,772.93359375,341.9439697265625
2020-12-03,25023.0390625,793.60302734375,341.85064697265625
2020-12-04,23905.966796875,727.8681030273438,344.79669189453125
2020-12-05,24486.9609375,762.693603515625,
2020-12-06,24726.681640625,769.3522338867188,
2020-12-07,24572.388671875,757.7785034179688,344.088134765625
2020-12-08,23481.021484375,711.086669921875,345.09503173828125
2020-12-09,23800.703125,735.6510009765625,341.9998474121094
2020-12-10,23272.466796875,713.1182861328125,341.887939453125
2020-12-11,23059.6484375,696.9357299804688,341.4870300292969
2020-12-12,24014.90234375,726.1400756835938,
2020-12-13,24409.37109375,751.9078979492188,
2020-12-14,24561.123046875,747.823486328125,339.9582824707031
2020-12-15,24658.501953125,748.4456787109375,344.55419921875
2020-12-16,27166.025390625,810.9829711914062,345.09503173828125
2020-12-17,29036.466796875,818.527099609375,347.0247497558594
2020-12-18,29589.865234375,837.4029541015625,345.63916015625
2020-12-19,30525.814453125,843.1398315429688,
2020-12-20,30075.87109375,817.6901245117188,
2020-12-21,29308.001953125,783.777587890625,344.4033508300781
2020-12-22,30662.86328125,818.5016479492188,343.8227844238281
2020-12-23,29851.392578125,749.728271484375,344.1317749023437
2020-12-24,30529.53515625,786.6583251953125,345.4705810546875
2020-12-25,31754.68359375,806.4724731445312,
2020-12-26,34036.36328125,818.6068115234375,
2020-12-27,33737.04296875,876.6015625,
2020-12-28,34786.046875,938.0770874023438,348.4385070800781
2020-12-29,35085.89453125,938.0026245117188,347.7737121582031
2020-12-30,36777.83984375,958.4607543945312,348.2699279785156
2020-12-31,36919.1875,939.2237548828124,350.0394897460937
2021-01-01,37393.08984375,929.7528076171876,
2021-01-02,40898.171875,985.9868774414062,
2021-01-03,41711.19140625,1241.2164306640625,
2021-01-04,40865.0625,1329.5791015625,345.27398681640625
2021-01-05,43089.9921875,1394.40625,347.65203857421875
2021-01-06,46641.22265625,1528.9114990234375,349.73046875
2021-01-07,49945.90625,1554.88916015625,354.9266052246094
2021-01-08,51769.02734375,1553.411865234375,356.9488220214844
2021-01-09,51079.3984375,1625.57177734375,
2021-01-10,48817.73828125,1606.510498046875,
2021-01-11,45432.59765625,1392.5440673828125,354.5427551269531
2021-01-12,43108.24609375,1325.96435546875,354.6176147460937
2021-01-13,47383.3046875,1435.7823486328125,355.57257080078125
2021-01-14,49563.34765625,1541.074951171875,354.327392578125
2021-01-15,46905.53515625,1492.5997314453125,351.74334716796875
2021-01-16,46081.14453125,1571.192626953125,
2021-01-17,45711.0078125,1571.1207275390625,
2021-01-18,46701.33203125,1602.962158203125,
2021-01-19,45888.9453125,1752.2315673828125,354.5053405761719
2021-01-20,44892.29296875,1745.6365966796875,359.4111633300781
2021-01-21,38992.07421875,1418.6986083984375,359.7388000488281
2021-01-22,42028.71484375,1574.543701171875,358.4655456542969
2021-01-23,40834.1328125,1567.5126953125,
2021-01-24,41094.109375,1771.0762939453125,
2021-01-25,41229.37890625,1687.083251953125,359.8793029785156
2021-01-26,41341.234375,1722.5274658203125,359.31756591796875
2021-01-27,39009.80859375,1606.3916015625,350.5356140136719
2021-01-28,42939.41015625,1709.6834716796875,353.55029296875
2021-01-29,43844.33203125,1766.3802490234375,346.4724426269531
2021-01-30,43794.734375,1758.6068115234375,
2021-01-31,42390.84765625,1683.35986328125,
2021-02-01,43093.59375,1759.1485595703125,352.2395935058594
2021-02-02,45408.60546875,1937.5465087890625,357.2203063964844
2021-02-03,47908.06640625,2123.472900390625,357.5011901855469
2021-02-04,47359.33984375,2045.35498046875,361.5644836425781
2021-02-05,48683.76953125,2193.522705078125,362.9874877929688
2021-02-06,50115.40625,2141.4443359375,
2021-02-07,49642.26953125,2059.816162109375,
2021-02-08,58850.13671875,2225.03271484375,365.6089782714844
2021-02-09,59023.47265625,2245.1181640625,365.3655700683594
2021-02-10,57035.0,2214.75830078125,365.2063903808594
2021-02-11,60845.80859375,2265.458984375,365.7962951660156
2021-02-12,60319.28515625,2340.825439453125,367.6032409667969
2021-02-13,59816.94140625,2303.6474609375,
2021-02-14,61818.5859375,2290.516357421875,
2021-02-15,60583.375,2248.94384765625,
2021-02-16,62545.23828125,2264.178466796875,367.2848205566406
2021-02-17,66229.1328125,2347.538330078125,367.369140625
2021-02-18,65537.265625,2456.958740234375,365.80560302734375
2021-02-19,70533.6171875,2473.825927734375,365.1595764160156
2021-02-20,70772.3515625,2421.588134765625,
2021-02-21,72505.5625,2439.033447265625,
2021-02-22,68363.2890625,2247.3515625,362.3508911132813
2021-02-23,61493.78125,1977.6529541015625,362.79095458984375
2021-02-24,62195.5390625,2035.309814453125,366.7886352539063
2021-02-25,59404.515625,1861.4630126953125,357.9505920410156
2021-02-26,59028.46875,1841.985107421875,356.106201171875
2021-02-27,58830.69140625,1859.5823974609373,
2021-02-28,57312.1953125,1797.9813232421875,
2021-03-01,62739.59765625,1977.970458984375,364.7383117675781
2021-03-02,61132.8984375,1886.0977783203125,361.8921508789063
2021-03-03,64055.453125,1997.338623046875,357.0986328125
2021-03-04,61573.375,1955.077880859375,352.6795654296875
2021-03-05,61913.1015625,1940.221435546875,359.167724609375
2021-03-06,61894.21875,2093.926513671875,
2021-03-07,64684.29296875,2176.68798828125,
2021-03-08,66138.40625,2322.5654296875,357.37945556640625
2021-03-09,69333.046875,2362.41845703125,362.4820251464844
2021-03-10,70691.1875,2270.817626953125,364.7383117675781
2021-03-11,72463.921875,2289.2998046875,368.4364013671875
2021-03-12,71526.078125,2210.830810546875,368.9325866699219
2021-03-13,76406.875,2401.237548828125,
2021-03-14,73947.6171875,2312.567626953125,
2021-03-15,69760.4453125,2235.668212890625,371.1327819824219
2021-03-16,70684.328125,2248.478271484375,370.6646728515625
2021-03-17,72931.796875,2258.967529296875,371.9285583496094
2021-03-18,72297.90625,2227.775634765625,366.5171813964844
2021-03-19,73079.59375,2276.5869140625,365.8389587402344
2021-03-20,73038.2421875,2270.337646484375,
2021-03-21,72043.421875,2239.596923828125,
2021-03-22,68277.8515625,2117.778564453125,368.7601623535156
2021-03-23,68917.9765625,2113.470947265625,365.8577880859375
2021-03-24,66392.34375,2004.584228515625,363.9978942871094
2021-03-25,65160.4296875,2010.5594482421875,366.0455932617188
2021-03-26,69541.9375,2147.70947265625,371.94439697265625
2021-03-27,70596.59375,2164.9287109375,
2021-03-28,70416.6953125,2128.652587890625,
2021-03-29,72713.5625,2291.17431640625,371.756591796875
2021-03-30,74365.9140625,2330.063720703125,370.7702941894531
2021-03-31,74029.625,2410.360595703125,372.273193359375
2021-04-01,74156.375,2481.185791015625,376.2933654785156
2021-04-02,74675.7734375,2695.106201171875,
2021-04-03,72436.890625,2550.7412109375,
2021-04-04,73827.421875,2629.91259765625,
2021-04-05,73942.9453125,2639.1630859375,381.69439697265625
2021-04-06,73156.5234375,2663.1201171875,381.468994140625
2021-04-07,70708.5390625,2486.612548828125,381.910400390625
2021-04-08,73273.84375,2623.92724609375,383.7233276367188
2021-04-09,72978.65625,2596.26953125,386.5129699707031
2021-04-10,74918.53125,2676.250244140625,
2021-04-11,75463.9140625,2704.51513671875,
2021-04-12,75243.421875,2687.643798828125,386.6538696289063
2021-04-13,79598.40625,2881.9169921875,387.79986572265625
2021-04-14,78995.984375,3048.081787109375,386.4754638671875
2021-04-15,79437.875,3160.646728515625,390.6271362304688
2021-04-16,77018.3203125,3042.000244140625,391.9328002929688
2021-04-17,75906.359375,2933.11181640625,
2021-04-18,70374.90625,2800.5869140625,
2021-04-19,69788.234375,2712.90234375,390.0072021484375
2021-04-20,71226.609375,2938.978515625,387.1517028808594
2021-04-21,67403.6875,2956.864501953125,390.8150024414063
2021-04-22,64718.73046875,3005.156982421875,387.2456665039063
2021-04-23,63743.16015625,2948.7509765625,391.4443359375
2021-04-24,62442.2109375,2759.1689453125,
2021-04-25,61204.20703125,2892.658935546875,
2021-04-26,66968.875,3141.908447265625,392.2615356445313
2021-04-27,68279.8671875,3303.830322265625,392.1770324707031
2021-04-28,67453.25,3378.9921875,392.0642700195313
2021-04-29,65747.1953125,3384.493896484375,394.5627746582031
2021-04-30,70985.9375,3408.798583984375,391.9703369140625
2021-05-01,71081.6640625,3621.061767578125,
2021-05-02,69543.9296875,3625.175048828125,
2021-05-03,70239.09375,4213.2021484375,392.8157653808594
2021-05-04,65618.921875,4003.10302734375,390.392333984375
2021-05-05,70452.6484375,4322.0498046875,390.5143737792969
2021-05-06,68554.359375,4243.4375,393.6329040527344
2021-05-07,69605.4375,4228.927734375,396.4977111816406
2021-05-08,71361.9140625,4736.09716796875,
2021-05-09,70558.8125,4760.49462890625,
2021-05-10,67558.8515625,4780.04638671875,392.5714721679688
2021-05-11,68598.640625,5043.10693359375,389.0679016113281
2021-05-12,59573.73828125,4588.7021484375,380.8020935058594
2021-05-13,60508.33203125,4521.6142578125,385.37646484375
2021-05-14,60396.84765625,4939.044921875,391.2940368652344
2021-05-15,56618.63671875,4405.1474609375,
2021-05-16,56274.546875,4345.7255859375,
2021-05-17,52521.4765625,3959.720458984375,390.29833984375
2021-05-18,51803.83203125,4080.70458984375,386.93560791015625
2021-05-19,44890.25,2985.22216796875,385.9212341308594
2021-05-20,49185.734375,3357.978515625,390.0729064941406
2021-05-21,45018.1796875,2933.200927734375,389.753662109375
2021-05-22,45298.08203125,2770.388671875,
2021-05-23,41969.44921875,2546.34521484375,
2021-05-24,46641.8671875,3185.6064453125,393.7268371582031
2021-05-25,46337.9296875,3265.94580078125,392.8532104492188
2021-05-26,47666.296875,3504.170654296875,393.6329040527344
2021-05-27,46397.83984375,3303.25634765625,393.839599609375
2021-05-28,43110.21484375,2922.39990234375,394.54400634765625
2021-05-29,41808.76953125,2753.1630859375,
2021-05-30,43094.71875,2887.18994140625,
2021-05-31,45027.71484375,3274.536376953125,
2021-06-01,44283.1796875,3178.97802734375,394.196533203125
2021-06-02,45242.921875,3258.34765625,394.8163757324219
2021-06-03,47481.2265625,3457.515380859375,393.3511352539063
2021-06-04,44581.35546875,3248.280517578125,396.9486083984375
2021-06-05,42959.2109375,3178.657470703125,
2021-06-06,43305.79296875,3278.623779296875,
2021-06-07,40562.109375,3130.641357421875,396.5635070800781
2021-06-08,40547.44140625,3049.52685546875,396.6480712890625
2021-06-09,45243.80078125,3159.928466796875,396.0563049316406
2021-06-10,44397.484375,2989.684814453125,397.8973083496094
2021-06-11,45383.32421875,2861.2177734375,398.5548400878906
2021-06-12,43217.28515625,2883.96826171875,
2021-06-13,47541.51171875,3050.10888671875,
2021-06-14,48838.46484375,3081.834716796875,399.4471740722656
2021-06-15,49245.140625,3182.0791015625,398.7145080566406
2021-06-16,47084.94140625,2907.16650390625,396.4883728027344
2021-06-17,46979.71484375,2928.402587890625,396.3568420410156
2021-06-18,44603.7890625,2781.54296875,391.0098876953125
2021-06-19,44390.1953125,2715.194091796875,
2021-06-20,44447.0546875,2796.892333984375,
2021-06-21,39183.91015625,2336.0,396.6075134277344
2021-06-22,40018.953125,2308.322265625,398.7278442382813
2021-06-23,41497.1328125,2448.42626953125,398.2472839355469
2021-06-24,42714.13671875,2450.352783203125,400.6031799316406
2021-06-25,38885.36328125,2228.589111328125,402.026123046875
2021-06-26,39559.51171875,2248.28125,
2021-06-27,42588.74609375,2432.308837890625,
2021-06-28,42473.03125,2565.153564453125,402.836669921875
2021-06-29,44467.078125,2678.8125,403.0534362792969
2021-06-30,43429.96484375,2819.09716796875,403.3926696777344
2021-07-01,41767.7109375,2629.576904296875,405.6260681152344
2021-07-02,41748.453125,2648.04345703125,408.7265319824219
2021-07-03,42698.65234375,2741.738037109375,
2021-07-04,43513.71484375,2862.941162109375,
2021-07-05,41646.58203125,2713.3125,
2021-07-06,42652.53125,2896.24365234375,407.9819641113281
2021-07-07,42260.41796875,2889.935546875,409.4238586425781
2021-07-08,41199.03125,2656.63037109375,406.0877990722656
2021-07-09,42067.4375,2671.927734375,410.4226989746094
2021-07-10,41713.26953125,2627.45166015625,
2021-07-11,42627.765625,2663.803466796875,
2021-07-12,41301.609375,2537.104736328125,411.8927917480469
2021-07-13,40950.1328125,2429.411865234375,410.4886779785156
2021-07-14,41080.9453125,2496.135009765625,411.1012573242188
2021-07-15,40016.70703125,2406.456787109375,409.6971435546875
2021-07-16,39641.5703125,2372.300537109375,406.4835815429688
2021-07-17,39782.27734375,2395.5673828125,
2021-07-18,40120.73828125,2391.779296875,
2021-07-19,39292.890625,2317.062255859375,400.4806518554688
2021-07-20,37782.69140625,2265.782470703125,406.2196960449219
2021-07-21,40368.6015625,2502.98876953125,409.5086364746094
2021-07-22,40599.640625,2544.555908203125,410.3662109375
2021-07-23,42184.9765625,2669.1337890625,414.5880126953125
2021-07-24,43078.0,2750.085693359375,
2021-07-25,44429.31640625,2754.193115234375,
2021-07-26,46833.140625,2801.35205078125,415.6058349609375
2021-07-27,49619.83984375,2893.98095703125,413.7116088867188
2021-07-28,50075.875,2875.332275390625,413.5419921875
2021-07-29,49807.8828125,2964.136474609375,415.2571411132813
2021-07-30,52664.984375,3076.140625,413.2404479980469
2021-07-31,51937.421875,3164.45458984375,
2021-08-01,49842.8984375,3194.258056640625,
2021-08-02,49008.234375,3263.078125,412.3734436035156
2021-08-03,47815.2265625,3136.069580078125,415.7283020019531
2021-08-04,49861.85546875,3417.940185546875,413.6833801269531
2021-08-05,51094.5859375,3534.68994140625,416.3031005859375
2021-08-06,53738.98828125,3628.4208984375,416.9911193847656
2021-08-07,55936.2421875,3963.66064453125,
2021-08-08,55066.5859375,3789.112060546875,
2021-08-09,58308.6171875,3983.861083984375,416.65185546875
2021-08-10,57070.86328125,3933.287353515625,417.170166015625
2021-08-11,57027.97265625,3957.7998046875,418.2067565917969
2021-08-12,55625.55078125,3810.446044921875,419.4601135253906
2021-08-13,59816.92578125,4157.9970703125,420.2234497070313
2021-08-14,58928.640625,4085.7880859375,
2021-08-15,58896.96875,4144.33740234375,
2021-08-16,57838.5390625,3968.48046875,421.2129821777344
2021-08-17,56438.2578125,3806.942626953125,418.4518127441406
2021-08-18,56733.08984375,3824.430419921875,413.8718872070313
2021-08-19,59946.08203125,4083.9130859375,414.51263427734375
2021-08-20,63257.7578125,4214.1796875,417.81097412109375
2021-08-21,62701.73046875,4136.162109375,
2021-08-22,63260.4453125,4158.36962890625,
2021-08-23,62695.84375,4200.1982421875,421.4862365722656
2021-08-24,60098.5,3996.549560546875,422.15533447265625
2021-08-25,61639.23046875,4060.01025390625,423.0411682128906
2021-08-26,59549.91015625,3933.0078125,420.5438232421875
2021-08-27,61922.34375,4128.18505859375,424.3039245605469
2021-08-28,61725.1015625,4095.1181640625,
2021-08-29,61591.5078125,4070.3798828125,
2021-08-30,59328.4765625,4065.397216796875,426.1698303222656
2021-08-31,59509.3125,4332.275390625,425.5384521484375
2021-09-01,61654.96484375,4840.3388671875,425.7646179199219
2021-09-02,61923.3125,4759.00048828125,427.0744934082031
2021-09-03,62659.28125,4935.81689453125,426.9707946777344
2021-09-04,62563.88671875,4870.146484375,
2021-09-05,64857.9453125,4952.85693359375,
2021-09-06,65973.9296875,4924.05859375,
2021-09-07,59200.3984375,4333.2412109375,425.4441223144531
2021-09-08,58510.20703125,4439.62841796875,424.9259033203125
2021-09-09,58757.890625,4340.95947265625,423.1071472167969
2021-09-10,56970.0234375,4076.2841796875,419.7711181640625
2021-09-11,57373.08203125,4150.88232421875,
2021-09-12,58422.55078125,4325.111328125,
2021-09-13,56875.6796875,4155.98193359375,420.8453979492188
2021-09-14,59766.96875,4352.09619140625,418.5743408203125
2021-09-15,60791.61328125,4561.9658203125,422.0705261230469
2021-09-16,60599.1875,4529.14111328125,421.40142822265625
2021-09-17,60314.30078125,4336.603515625,417.2965087890625
2021-09-18,61604.15625,4379.32373046875,
2021-09-19,60334.046875,4250.48974609375,
2021-09-20,54853.77734375,3788.45849609375,410.3384399414063
2021-09-21,52156.71875,3543.146484375,409.9508361816406
2021-09-22,55717.63671875,3935.5927734375,413.9498291015625
2021-09-23,56849.671875,3995.770263671875,418.9793090820313
2021-09-24,54203.0390625,3709.29736328125,419.6694641113281
2021-09-25,54045.03515625,3701.425537109375,
2021-09-26,54659.10546875,3873.787109375,
2021-09-27,53329.70703125,3704.84326171875,418.4688415527344
2021-09-28,52021.05078125,3558.916748046875,410.0359497070313
2021-09-29,53012.93359375,3639.018798828125,410.7261352539063
2021-09-30,55546.47265625,3807.473876953125,405.7060241699219
2021-10-01,60851.08984375,4182.85009765625,410.5274963378906
2021-10-02,60338.33203125,4289.30615234375,
2021-10-03,60873.0703125,4317.140625,
2021-10-04,61834.86328125,4255.650390625,405.2332458496094
2021-10-05,64823.35546875,4427.5068359375,409.4497375488281
2021-10-06,69678.6953125,4506.54541015625,411.1514892578125
2021-10-07,67519.5703125,4502.4453125,414.7061462402344
2021-10-08,67312.4765625,4444.9697265625,413.9498291015625
2021-10-09,68560.21875,4459.88427734375,
2021-10-10,68382.484375,4277.1875,
2021-10-11,71755.390625,4425.48828125,410.9529418945313
2021-10-12,69925.84375,4357.896484375,409.9412841796875
2021-10-13,71400.6484375,4485.71826171875,411.4161071777344
2021-10-14,70937.625,4685.34033203125,418.3364562988281
2021-10-15,76176.9375,4777.15234375,421.5223693847656
2021-10-16,75309.015625,4737.26318359375,
2021-10-17,76170.078125,4760.63427734375,
2021-10-18,76744.5546875,4638.322265625,422.7702941894531
2021-10-19,79398.328125,4790.99658203125,426.0319519042969
2021-10-20,81340.7890625,5122.55126953125,427.7052917480469
2021-10-21,76962.0078125,5015.72021484375,428.8208923339844
2021-10-22,75045.078125,4909.0703125,428.3765258789063
2021-10-23,75912.2890625,5158.19921875,
2021-10-24,75385.3359375,5057.66796875,
2021-10-25,78049.546875,5222.1494140625,430.673828125
2021-10-26,74803.234375,5119.29052734375,431.0614318847656
2021-10-27,72345.34375,4861.9052734375,429.1517639160156
2021-10-28,74853.671875,5293.80078125,433.2925720214844
2021-10-29,77081.15625,5468.50244140625,434.1717529296875
2021-10-30,76661.078125,5358.1396484375,
2021-10-31,75934.8203125,5310.17138671875,
2021-11-01,75488.6875,5351.4228515625,434.9186096191406
2021-11-02,78451.1953125,5688.80908203125,436.6770935058594
2021-11-03,77946.2734375,5702.92724609375,439.3430786132813
2021-11-04,76526.7734375,5650.3525390625,441.41351318359375
2021-11-05,76126.40625,5587.20361328125,442.945068359375
2021-11-06,76626.8203125,5631.21337890625,
2021-11-07,78850.96875,5753.2373046875,
2021-11-08,84072.0546875,5987.58447265625,443.3231201171875
2021-11-09,83291.3203125,5888.89599609375,441.8577880859375
2021-11-10,81162.859375,5789.42724609375,438.30316162109375
2021-11-11,81766.484375,5955.1513671875,438.4449157714844
2021-11-12,80523.40625,5857.7900390625,441.7538757324219
2021-11-13,80916.9921875,5838.14111328125,
2021-11-14,82136.203125,5804.33642578125,
2021-11-15,79543.4375,5703.7705078125,441.9050598144531
2021-11-16,75600.125,5298.39013671875,443.6540832519531
2021-11-17,76131.671875,5407.1962890625,442.5763854980469
2021-11-18,71765.2578125,5042.09619140625,444.07952880859375
2021-11-19,73473.609375,5433.83349609375,443.285400390625
2021-11-20,75468.0,5574.9462890625,
2021-11-21,74322.125,5403.25341796875,
2021-11-22,71500.0625,5193.26123046875,442.0374145507813
2021-11-23,72977.1484375,5502.54736328125,442.6235961914063
2021-11-24,71258.0546875,5368.3466796875,443.8053283691406
2021-11-25,72534.3125,5413.65869140625,
2021-11-26,68511.4453125,5155.2099609375,433.9070129394531
2021-11-27,70113.96875,5240.3603515625,
2021-11-28,72853.359375,5465.04443359375,
2021-11-29,73636.0234375,5662.33056640625,439.2296752929688
2021-11-30,72827.109375,5916.931640625,430.6832885742188
2021-12-01,73320.28125,5876.6455078125,425.8995971679688
2021-12-02,72396.2578125,5782.82666015625,432.4227600097656
2021-12-03,68866.2421875,5423.01611328125,428.6601867675781
2021-12-04,63216.015625,5293.0927734375,
2021-12-05,63280.54296875,5381.37255859375,
2021-12-06,64560.9296875,5563.25732421875,433.7368774414063
2021-12-07,64117.0,5456.96923828125,442.7087097167969
2021-12-08,63901.59765625,5616.9326171875,443.8809509277344
2021-12-09,60575.10546875,5234.88916015625,440.8840942382813
2021-12-10,60119.703125,4973.7763671875,445.0343627929688
2021-12-11,62816.5078125,5197.6904296875,
2021-12-12,63729.58984375,5259.39697265625,
2021-12-13,59863.00390625,4846.97021484375,441.0920715332031
2021-12-14,59978.8046875,4819.4453125,438.0573120117188
2021-12-15,62770.1875,5158.52587890625,444.9020080566406
2021-12-16,60918.65625,5064.22265625,440.9786071777344
2021-12-17,59578.58984375,5002.67578125,436.2853088378906
2021-12-18,60412.43359375,5107.6083984375,
2021-12-19,60249.05859375,5059.8935546875,
2021-12-20,60646.34375,5088.990234375,431.6461181640625
2021-12-21,63238.33984375,5195.18115234375,439.311767578125
2021-12-22,62498.3828125,5117.8779296875,443.704345703125
2021-12-23,65142.59765625,5269.4541015625,446.4650573730469
2021-12-24,65088.49609375,5184.2919921875,
2021-12-25,64586.0234375,5242.3056640625,
2021-12-26,65118.4921875,5212.76904296875,
2021-12-27,64760.640625,5163.34912109375,452.7835083007813
2021-12-28,60992.25390625,4871.41455078125,452.4133911132813
2021-12-29,59372.22265625,4638.50439453125,452.9922180175781
2021-12-30,60136.87109375,4733.9619140625,451.7398681640625
2021-12-31,58533.6640625,4655.0322265625,450.6014709472656
2022-01-01,60278.515625,4765.08544921875,
2022-01-02,59937.44140625,4848.09912109375,
2022-01-03,59242.6953125,4796.45556640625,453.2104187011719
2022-01-04,58314.0625,4820.44775390625,453.05859375
2022-01-05,55596.8359375,4530.52099609375,444.3589172363281
2022-01-06,54947.09765625,4351.89013671875,443.94146728515625
2022-01-07,52537.5390625,4036.85986328125,442.1863098144531
2022-01-08,52763.80859375,3909.14990234375,
2022-01-09,53009.12109375,3993.87353515625,
2022-01-10,52972.27734375,3905.15966796875,441.6361083984375
2022-01-11,53752.30078125,4072.83203125,445.65863037109375
2022-01-12,54950.484375,4216.4052734375,446.8634643554688
2022-01-13,53275.625,4063.118408203125,440.7063293457031
2022-01-14,54076.76171875,4153.02587890625,440.8865661621094
2022-01-15,54174.24609375,4178.78369140625,
2022-01-16,54073.08203125,4202.69970703125,
2022-01-17,52881.88671875,4020.604248046875,
2022-01-18,52960.85546875,3954.383056640625,433.07861328125
2022-01-19,52226.37109375,3873.19091796875,428.581787109375
2022-01-20,50857.03515625,3751.880126953125,423.8381652832031
2022-01-21,45863.3046875,3217.8779296875,415.5179748535156
2022-01-22,44068.05859375,3025.7177734375,
2022-01-23,45570.26953125,3184.470458984375,
2022-01-24,46280.05078125,3081.208251953125,417.2825927734375
2022-01-25,46625.41796875,3098.68994140625,412.1880187988281
2022-01-26,46642.44140625,3123.699462890625,411.1538696289063
2022-01-27,47340.6640625,3088.635986328125,409.1235961914063
2022-01-28,48242.28125,3252.076171875,419.2843017578125
2022-01-29,48694.0625,3315.90576171875,
2022-01-30,48383.35546875,3322.05712890625,
2022-01-31,48941.953125,3418.891357421875,426.8361206054688
2022-02-01,49166.76171875,3543.308349609375,429.7202453613281
2022-02-02,46882.73046875,3403.771728515625,433.8946228027344
2022-02-03,47108.80078125,3396.945068359375,423.6958923339844
2022-02-04,52980.2265625,3808.862060546875,425.6882019042969
2022-02-05,52863.59375,3845.575927734375,
2022-02-06,54060.4140625,3897.169189453125,
2022-02-07,55530.38671875,3980.416748046875,424.322021484375
2022-02-08,56058.44140625,3967.69580078125,427.8133239746094
2022-02-09,56206.7421875,4106.54638671875,434.0748901367188
2022-02-10,55476.03125,3918.88134765625,426.2764587402344
2022-02-11,53994.2109375,3727.174072265625,417.8707580566406
2022-02-12,53786.08203125,3714.415283203125,
2022-02-13,53694.5234375,3669.083251953125,
2022-02-14,54210.5078125,3734.136962890625,416.5046997070313
2022-02-15,56723.4609375,4046.501708984375,423.2215576171875
2022-02-16,55817.01171875,3971.308837890625,423.6958923339844
2022-02-17,51520.1640625,3662.104248046875,414.6451416015625
2022-02-18,51065.515625,3553.61328125,411.9602661132813
2022-02-19,51181.828125,3525.515380859375,
2022-02-20,49025.296875,3353.256591796875,
2022-02-21,47300.640625,3283.6748046875,
2022-02-22,48882.18359375,3369.759765625,407.539306640625
2022-02-23,47495.1328125,3298.680419921875,400.3101196289063
2022-02-24,49097.75,3327.6953125,406.33447265625
2022-02-25,49855.390625,3514.719970703125,415.2997741699219
2022-02-26,49716.72265625,3535.79443359375,
2022-02-27,48103.921875,3344.462158203125,
2022-02-28,54715.02734375,3697.898193359375,414.2372131347656
2022-03-01,56438.26171875,3782.28515625,407.92822265625
2022-03-02,55550.08203125,3730.964599609375,415.4325866699219
2022-03-03,53792.65625,3591.68896484375,413.3643798828125
2022-03-04,49828.234375,3332.045166015625,410.00592041015625
2022-03-05,50163.05078125,3392.7431640625,
2022-03-06,48853.5078125,3248.896240234375,
2022-03-07,48719.3359375,3197.142333984375,397.91943359375
2022-03-08,49936.87109375,3321.729248046875,394.90240478515625
2022-03-09,53734.07421875,3493.858154296875,405.4901123046875
2022-03-10,50308.6328125,3326.97265625,403.6590576171875
2022-03-11,49445.0078125,3262.216796875,398.5264892578125
2022-03-12,49583.98046875,3281.578369140625,
2022-03-13,48205.4453125,3208.135498046875,
2022-03-14,50860.078125,3321.7490234375,395.6139221191406
2022-03-15,50240.7421875,3346.271728515625,404.3136901855469
2022-03-16,52203.33203125,3517.1787109375,413.2789611816406
2022-03-17,51732.16015625,3555.887451171875,418.4495544433594
2022-03-18,52690.35546875,3712.60498046875,423.03265380859375
2022-03-19,53181.53125,3713.77197265625,
2022-03-20,51998.86328125,3606.0234375,
2022-03-21,51712.84375,3648.245361328125,422.9089965820313
2022-03-22,53301.359375,3741.18017578125,427.857666015625
2022-03-23,53871.96875,3806.907958984375,422.3475646972656
2022-03-24,55043.39453125,3891.59814453125,428.7141418457031
2022-03-25,55327.2578125,3875.727783203125,430.8078002929688
2022-03-26,55570.41015625,3925.044921875,
2022-03-27,58466.90234375,4110.34423828125,
2022-03-28,59012.4140625,4178.0439453125,433.8721618652344
2022-03-29,59327.60546875,4252.158203125,439.2394714355469
2022-03-30,58753.265625,4226.0478515625,436.5272521972656
2022-03-31,56932.453125,4102.7099609375,429.8085632324219
2022-04-01,57957.578125,4319.80517578125,431.026611328125
2022-04-02,57440.76953125,4314.1787109375,
2022-04-03,58194.2421875,4413.1943359375,
2022-04-04,58215.68359375,4396.81884765625,434.7190551757813
2022-04-05,56876.83984375,4259.63671875,429.2279968261719
2022-04-06,54286.0703125,3984.996337890625,424.9360046386719
2022-04-07,54759.90625,4069.842529296875,427.0772399902344
2022-04-08,53156.86328125,4012.53271484375,425.9352416992188
2022-04-09,53778.42578125,4100.32666015625,
2022-04-10,53102.8203125,4040.952392578125,
2022-04-11,49957.34375,3768.17529296875,418.6550903320313
2022-04-12,50703.26171875,3829.07470703125,417.1038818359375
2022-04-13,51737.11328125,3919.04150390625,421.8812255859375
2022-04-14,50364.7578125,3808.56494140625,416.6280517578125
2022-04-15,51150.08203125,3835.508056640625,
2022-04-16,50987.40234375,3862.4921875,
2022-04-17,50108.89453125,3776.627197265625,
2022-04-18,51446.5,3852.994140625,416.7993469238281
2022-04-19,52309.859375,3912.400390625,423.5276184082031
2022-04-20,51666.296875,3843.338134765625,423.2135314941406
2022-04-21,51030.03125,3761.686279296875,416.8848876953125
2022-04-22,50515.3125,3768.706298828125,405.4460754394531
2022-04-23,50192.96484375,3734.739501953125,
2022-04-24,50218.67578125,3718.733154296875,
2022-04-25,51537.33203125,3833.479736328125,407.7966613769531
2022-04-26,48816.69140625,3596.5625,395.9864196777344
2022-04-27,50291.109375,3702.42919921875,397.0999145507813
2022-04-28,50923.546875,3760.247802734375,407.1304321289063
2022-04-29,49658.98828125,3621.356689453125,392.0846557617188
2022-04-30,48507.9296875,3511.498046875,
2022-05-01,49454.25,3635.24462890625,
2022-05-02,49593.0234375,3677.916015625,394.4447937011719
2022-05-03,48447.49609375,3572.20751953125,396.2529296875
2022-05-04,50569.69140625,3745.9345703125,408.3200378417969
2022-05-05,46918.7734375,3526.704345703125,393.8071899414063
2022-05-06,46523.42578125,3478.814453125,391.4565734863281
2022-05-07,45827.69921875,3402.800537109375,
2022-05-08,44005.18359375,3252.603515625,
2022-05-09,39419.00390625,2921.502685546875,378.9232177734375
2022-05-10,40430.3828125,3054.1640625,379.7987365722656
2022-05-11,37604.0078125,2692.792236328125,373.7651672363281
2022-05-12,37837.3671875,2555.296875,373.3750305175781
2022-05-13,37796.140625,2600.039794921875,382.301513671875
2022-05-14,38852.15625,2654.0634765625,
2022-05-15,40401.28125,2769.173828125,
2022-05-16,38374.328125,2599.235107421875,380.7503356933594
2022-05-17,38964.72265625,2677.072265625,388.5825805664063
2022-05-18,37015.69140625,2470.25341796875,372.9181823730469
2022-05-19,38860.82421875,2587.36376953125,370.6341857910156
2022-05-20,37492.58203125,2518.250732421875,370.7960205078125
2022-05-21,37789.80078125,2535.20263671875,
2022-05-22,38863.671875,2618.579833984375,
2022-05-23,37211.10546875,2521.98681640625,377.733642578125
2022-05-24,38029.58203125,2537.798095703125,374.8500671386719
2022-05-25,37900.1875,2493.35107421875,378.161865234375
2022-05-26,37389.02734375,2304.50830078125,385.7180480957031
2022-05-27,36430.01953125,2195.050537109375,395.1870422363281
2022-05-28,36933.83984375,2280.939208984375,
2022-05-29,37473.3671875,2306.017822265625,
2022-05-30,40151.26953125,2526.59228515625,
2022-05-31,40174.98828125,2454.461669921875,392.9697265625
2022-06-01,37751.23046875,2310.205322265625,389.7911682128906
2022-06-02,38297.38671875,2305.5126953125,397.2141723632813
2022-06-03,37414.76171875,2235.835693359375,390.6952209472656
2022-06-04,37576.64453125,2269.253173828125,
2022-06-05,37640.765625,2272.04541015625,
2022-06-06,39471.8359375,2339.4326171875,391.88482666015625
2022-06-07,39057.59765625,2274.154541015625,395.6438598632813
2022-06-08,37932.0078125,2251.70458984375,391.3423156738281
2022-06-09,38250.96875,2273.59814453125,382.03509521484375
2022-06-10,37180.06640625,2128.5517578125,370.9578247070313
2022-06-11,36255.80859375,1955.486572265625,
2022-06-12,34250.03515625,1849.5447998046875,
2022-06-13,28991.302734375,1552.978271484375,356.87322998046875
2022-06-14,28748.29296875,1568.5848388671875,355.7978210449219
2022-06-15,29060.38671875,1587.6361083984375,360.8701477050781
2022-06-16,26405.244140625,1383.287841796875,348.92681884765625
2022-06-17,26668.302734375,1415.4141845703125,349.678955078125
2022-06-18,24774.376953125,1294.4156494140625,
2022-06-19,26724.59765625,1466.24658203125,
2022-06-20,26743.37109375,1463.962890625,
2022-06-21,26784.6015625,1454.713134765625,358.4816589355469
2022-06-22,25910.384765625,1363.021240234375,357.8318176269531
2022-06-23,27390.576171875,1485.260498046875,361.33935546875
2022-06-24,27369.197265625,1581.494873046875,372.8277893066406
2022-06-25,27718.126953125,1602.8963623046875,
2022-06-26,27120.458984375,1547.5115966796875,
2022-06-27,26691.599609375,1536.55712890625,371.4037170410156
2022-06-28,26109.26953125,1473.5302734375,363.8148193359375
2022-06-29,25902.666015625,1415.9144287109375,363.5185852050781
2022-06-30,25468.66015625,1373.9219970703125,360.5652160644531
2022-07-01,24829.54296875,1365.563232421875,364.3787841796875
2022-07-02,24794.609375,1374.2550048828125,
2022-07-03,24871.07421875,1383.9267578125,
2022-07-04,26015.298828125,1480.1422119140625,
2022-07-05,26314.90625,1478.7108154296875,365.0669250488281
2022-07-06,26791.193359375,1547.5992431640625,366.2998962402344
2022-07-07,28059.83984375,1604.923583984375,371.78607177734375
2022-07-08,28112.763671875,1581.51220703125,371.4801940917969
2022-07-09,27933.060546875,1574.3609619140625,
2022-07-10,27011.33984375,1512.915283203125,
2022-07-11,25956.73046875,1426.1331787109375,367.2365417480469
2022-07-12,25184.78125,1353.071044921875,363.9869384765625
2022-07-13,26275.634765625,1447.659912109375,362.0753479003906
2022-07-14,26963.44140625,1561.875244140625,361.1960144042969
2022-07-15,27155.154296875,1607.087890625,368.0968017578125
2022-07-16,27616.490234375,1762.823974609375,
2022-07-17,27029.66796875,1741.2906494140625,
2022-07-18,29187.548828125,2049.2548828125,365.057373046875
2022-07-19,30111.416015625,1986.4171142578125,374.92095947265625
2022-07-20,29938.6171875,1959.0750732421875,377.3103637695313
2022-07-21,29836.921875,2030.913330078125,381.1526184082031
2022-07-22,29339.34765625,1985.758544921875,377.6162414550781
2022-07-23,29017.083984375,2001.119140625,
2022-07-24,29224.447265625,2067.472412109375,
2022-07-25,27453.310546875,1857.55615234375,378.0750122070313
2022-07-26,27348.626953125,1856.4920654296875,373.60198974609375
2022-07-27,29393.8671875,2097.429443359375,383.3030700683594
2022-07-28,30536.865234375,2209.80712890625,388.1106567382813
2022-07-29,30458.623046875,2210.26025390625,393.768798828125
2022-07-30,30268.708984375,2170.035400390625,
2022-07-31,29905.228515625,2154.792236328125,
2022-08-01,29944.361328125,2100.2177734375,392.6026611328125
2022-08-02,29613.046875,2104.45849609375,390.0126037597656
2022-08-03,29370.029296875,2081.123046875,396.1200256347656
2022-08-04,29126.494140625,2069.79296875,395.8524169921875
2022-08-05,30115.529296875,2239.987060546875,395.183349609375
2022-08-06,29691.34375,2187.491455078125,
2022-08-07,29999.3359375,2199.673583984375,
2022-08-08,30607.380859375,2282.447265625,394.724609375
2022-08-09,29849.0078125,2194.47900390625,393.1570739746094
2022-08-10,30592.634765625,2365.564208984375,401.4149475097656
2022-08-11,30578.79296875,2401.1474609375,401.4149475097656
2022-08-12,31177.650390625,2500.626953125,408.2104797363281
2022-08-13,31204.798828125,2531.405029296875,
2022-08-14,31082.419921875,2475.4169921875,
2022-08-15,31149.125,2457.43505859375,409.8926696777344
2022-08-16,30681.19140625,2412.714111328125,410.6955261230469
2022-08-17,30146.4921875,2367.951416015625,407.7803649902344
2022-08-18,30055.04296875,2391.441162109375,408.965576171875
2022-08-19,27116.70703125,2095.0205078125,403.4699096679688
2022-08-20,27491.431640625,2048.283447265625,
2022-08-21,27977.06640625,2103.814208984375,
2022-08-22,27924.3125,2117.2744140625,395.0686645507813
2022-08-23,27899.431640625,2154.875,394.1128540039063
2022-08-24,27752.271484375,2149.432861328125,395.3745422363281
2022-08-25,27950.05859375,2195.0966796875,400.9562072753906
2022-08-26,26414.0,1965.7718505859373,387.3842468261719
2022-08-27,26129.416015625,1944.40625,
2022-08-28,25624.169921875,1868.6309814453125,
2022-08-29,26392.5078125,2019.33984375,384.82275390625
2022-08-30,25917.25,1994.9534912109373,380.5982360839844
2022-08-31,26351.82421875,2042.040771484375,377.7022399902344
2022-09-01,26464.51171875,2085.611572265625,378.8874206542969
2022-09-02,26213.3203125,2070.338623046875,374.8922729492188
2022-09-03,26032.58984375,2043.62890625,
2022-09-04,26268.8984375,2073.522705078125,
2022-09-05,26014.23828125,2123.409912109375,
2022-09-06,24782.646484375,2054.620849609375,373.4776916503906
2022-09-07,25329.19921875,2140.15185546875,380.1873474121094
2022-09-08,25287.521484375,2139.38134765625,382.67230224609375
2022-09-09,27907.75,2243.836181640625,388.6171569824219
2022-09-10,28298.5234375,2318.389892578125,
2022-09-11,28352.91015625,2294.619384765625,
2022-09-12,29041.13671875,2224.79638671875,392.7938537597656
2022-09-13,26725.3046875,2081.472412109375,375.71429443359375
2022-09-14,26637.658203125,2151.36865234375,377.14794921875
2022-09-15,26102.625,1949.8834228515625,372.8659973144531
2022-09-16,26227.443359375,1900.0775146484373,370.021484375
2022-09-17,26698.32421875,1949.546142578125,
2022-09-18,25749.294921875,1770.5797119140625,
2022-09-19,25884.498046875,1824.43359375,372.8909912109375
2022-09-20,25247.91796875,1770.0714111328125,368.6107177734375
2022-09-21,25000.466796875,1688.4189453125,362.1807556152344
2022-09-22,26156.771484375,1788.844482421875,359.1385192871094
2022-09-23,26224.427734375,1805.03173828125,353.12115478515625
2022-09-24,25734.357421875,1791.080322265625,
2022-09-25,25533.4375,1757.559326171875,
2022-09-26,26359.4921875,1831.0859375,349.6278991699219
2022-09-27,26226.16796875,1825.387451171875,348.7353820800781
2022-09-28,26478.427734375,1822.877685546875,355.5971984863281
2022-09-29,26766.615234375,1826.53662109375,348.16912841796875
2022-09-30,26875.234375,1836.66748046875,342.78521728515625
2022-10-01,26709.689453125,1814.076416015625,
2022-10-02,26249.921875,1758.9354248046875,
2022-10-03,26740.169921875,1803.39111328125,351.835205078125
2022-10-04,27470.966796875,1839.9578857421875,362.73736572265625
2022-10-05,27412.263671875,1839.43505859375,361.8928527832031
2022-10-06,27422.73046875,1857.5164794921875,358.1596374511719
2022-10-07,26845.154296875,1830.0455322265625,348.16912841796875
2022-10-08,26666.228515625,1806.675537109375,
2022-10-09,26703.345703125,1816.1671142578125,
2022-10-10,26363.14453125,1778.5308837890625,345.5107727050781
2022-10-11,26276.935546875,1764.8726806640625,343.3226928710937
2022-10-12,26473.6171875,1789.4271240234375,342.19012451171875
2022-10-13,26680.044921875,1773.0677490234375,351.220947265625
2022-10-14,26634.48828125,1801.146240234375,343.21710205078125
2022-10-15,26470.64453125,1769.840576171875,
2022-10-16,26696.2890625,1809.8974609375,
2022-10-17,26813.31640625,1826.407958984375,352.0367736816406
2022-10-18,26541.318359375,1798.9161376953125,356.1730041503906
2022-10-19,26362.8515625,1770.9879150390625,353.64898681640625
2022-10-20,26251.576171875,1767.9493408203125,350.6835632324219
2022-10-21,26159.970703125,1773.7183837890625,359.2056579589844
2022-10-22,26208.7109375,1793.3021240234375,
2022-10-23,26704.4453125,1860.790283203125,
2022-10-24,26500.14453125,1842.4193115234373,363.6011047363281
2022-10-25,27366.638671875,1990.5032958984373,369.4073486328125
2022-10-26,28143.076171875,2122.632080078125,366.6241455078125
2022-10-27,27514.998046875,2054.045166015625,364.6663818359375
2022-10-28,28020.28515625,2116.2509765625,373.3420715332031
2022-10-29,28323.849609375,2203.6240234375,
2022-10-30,28082.705078125,2164.874755859375,
2022-10-31,27899.2578125,2140.810302734375,370.6452941894531
2022-11-01,27900.0,2151.48486328125,369.0234069824219
2022-11-02,27651.279296875,2084.474609375,359.7622985839844
2022-11-03,27774.646484375,2104.80224609375,356.057861328125
2022-11-04,28509.638671875,2217.832763671875,361.1826477050781
2022-11-05,28694.388671875,2194.907958984375,
2022-11-06,28277.939453125,2124.559326171875,
2022-11-07,27799.359375,2116.49853515625,364.63763427734375
2022-11-08,24876.91796875,1788.272216796875,366.6049499511719
2022-11-09,21482.755859375,1488.2568359375,359.0521545410156
2022-11-10,23447.369140625,1732.4969482421875,378.7835693359375
2022-11-11,22606.892578125,1708.3226318359375,382.4495849609375
2022-11-12,22293.357421875,1665.8038330078125,
2022-11-13,21693.802734375,1620.8226318359375,
2022-11-14,22142.869140625,1654.371826171875,379.1961975097656
2022-11-15,22413.650390625,1661.6297607421875,382.4303894042969
2022-11-16,22230.71484375,1621.153076171875,379.5129699707031
2022-11-17,22235.31640625,1600.019775390625,378.3516845703125
2022-11-18,22400.904296875,1626.3614501953125,380.0695190429688
2022-11-19,22419.376953125,1634.5804443359375,
2022-11-20,21795.947265625,1528.443359375,
2022-11-21,21229.3984375,1490.4189453125,378.6875915527344
2022-11-22,21634.6328125,1516.94921875,383.7835693359375
2022-11-23,22158.267578125,1578.358642578125,386.2020263671875
2022-11-24,22147.451171875,1605.9029541015625,
2022-11-25,22133.896484375,1606.171142578125,386.1156005859375
2022-11-26,22056.78515625,1615.5113525390625,
2022-11-27,22052.787109375,1602.70458984375,
2022-11-28,21877.8984375,1578.4989013671875,379.9543762207031
2022-11-29,22340.263671875,1653.1419677734375,379.3017883300781
2022-11-30,23031.90625,1738.18701171875,391.25
2022-12-01,22794.49609375,1714.6102294921875,390.9621276855469
2022-12-02,23016.580078125,1743.286865234375,390.5111083984375
2022-12-03,22813.5234375,1677.5758056640625,
2022-12-04,23035.43359375,1721.566162109375,
2022-12-05,23066.072265625,1711.6990966796875,383.4860534667969
2022-12-06,23327.4296875,1735.8265380859375,377.9582214355469
2022-12-07,23003.421875,1682.6961669921875,377.315185546875
2022-12-08,23436.45703125,1742.23876953125,380.2710571289063
2022-12-09,23517.8203125,1735.42041015625,377.4303588867188
2022-12-10,23513.455078125,1738.4288330078125,
2022-12-11,23359.076171875,1726.056396484375,
2022-12-12,23455.04296875,1737.5032958984375,382.871826171875
2022-12-13,24104.728515625,1790.164306640625,385.7701110839844
2022-12-14,24141.8984375,1774.2647705078125,383.3036804199219
2022-12-15,23714.970703125,1729.443115234375,373.927490234375
2022-12-16,22867.81640625,1604.7794189453125,369.5128173828125
2022-12-17,23070.576171875,1632.1016845703125,
2022-12-18,22939.89453125,1621.7496337890625,
2022-12-19,22429.1484375,1593.0052490234375,366.3794555664063
2022-12-20,22994.451171875,1656.2120361328125,366.8808288574219
2022-12-21,22899.73046875,1652.5081787109375,372.3665771484375
2022-12-22,22950.6953125,1661.174072265625,367.0543212890625
2022-12-23,22918.6015625,1664.8465576171875,369.1657409667969
2022-12-24,22987.919921875,1666.1961669921875,
2022-12-25,22922.044921875,1659.0146484375,
2022-12-26,22942.41015625,1663.7158203125,
2022-12-27,22610.14453125,1640.3128662109375,367.70989990234375
2022-12-28,22513.103515625,1618.4964599609375,363.14007568359375
2022-12-29,22557.46484375,1628.673583984375,369.6767272949219
2022-12-30,22528.77734375,1627.291748046875,368.7029724121094
2022-12-31,22454.123046875,1623.958740234375,
2023-01-01,22500.216796875,1625.373779296875,
2023-01-02,22635.826171875,1647.5299072265625,
2023-01-03,22806.46875,1660.974365234375,367.1507568359375
2023-01-04,22741.763671875,1694.5517578125,369.9852600097656
2023-01-05,22835.91796875,1695.988525390625,365.7624816894531
2023-01-06,22799.55078125,1707.2513427734375,374.1501770019531
2023-01-07,22803.73046875,1700.38037109375,
2023-01-08,22964.533203125,1729.7618408203125,
2023-01-09,23033.666015625,1770.115478515625,373.9380798339844
2023-01-10,23438.623046875,1795.6673583984375,376.5603942871094
2023-01-11,24087.17578125,1864.040771484375,381.3231201171875
2023-01-12,25244.677734375,1896.989013671875,382.71142578125
2023-01-13,26683.806640625,1945.5267333984373,384.1961364746094
2023-01-14,28113.486328125,2078.3349609375,
2023-01-15,27977.66015625,2080.12841796875,
2023-01-16,28366.544921875,2112.900146484375,
2023-01-17,28338.236328125,2099.5654296875,383.4924011230469
2023-01-18,27922.509765625,2045.396484375,377.4377746582031
2023-01-19,28392.0390625,2090.419677734375,374.6901245117188
2023-01-20,30371.83984375,2222.99169921875,381.6702575683594
2023-01-21,30507.212890625,2179.28076171875,
2023-01-22,30379.03515625,2177.27880859375,
2023-01-23,30666.201171875,2177.17529296875,386.2496948242188
2023-01-24,30270.279296875,2081.545654296875,385.8351135253906
2023-01-25,30934.5859375,2156.6708984375,385.9797668457031
2023-01-26,30674.24609375,2134.96044921875,390.2218017578125
2023-01-27,30781.25390625,2131.541259765625,391.118408203125
2023-01-28,30722.322265625,2097.5498046875,
2023-01-29,31633.462890625,2190.30712890625,
2023-01-30,30570.498046875,2097.7958984375,386.2111206054688
2023-01-31,30794.916015625,2111.440673828125,391.8896789550781
2023-02-01,31492.236328125,2179.406005859375,396.05462646484375
2023-02-02,31259.3671875,2188.436279296875,401.8200073242188
2023-02-03,31449.05859375,2232.673583984375,397.5490112304688
2023-02-04,31291.505859375,2235.776611328125,
2023-02-05,30768.626953125,2186.9765625,
2023-02-06,30596.4140625,2172.720947265625,395.1194763183594
2023-02-07,31153.748046875,2239.0185546875,400.287109375
2023-02-08,30844.1328125,2219.54052734375,395.9100646972656
2023-02-09,29345.408203125,2079.87451171875,392.4778137207031
2023-02-10,28985.521484375,2028.0311279296875,393.3937377929688
2023-02-11,29276.330078125,2061.344482421875,
2023-02-12,29103.8984375,2023.7274169921875,
2023-02-13,29081.8671875,2009.8585205078125,398.01177978515625
2023-02-14,29645.107421875,2077.050537109375,397.8286743164063
2023-02-15,32553.7421875,2241.527587890625,399.1205139160156
2023-02-16,31829.65625,2209.784423828125,393.6250915527344
2023-02-17,33100.921875,2283.6357421875,392.6417541503906
2023-02-18,33202.88671875,2279.64208984375,
2023-02-19,32800.05859375,2267.01806640625,
2023-02-20,33404.6640625,2290.746826171875,
2023-02-21,33070.81640625,2243.895263671875,384.7650451660156
2023-02-22,32766.810546875,2225.962646484375,384.2347717285156
2023-02-23,32433.93359375,2236.176513671875,386.2785949707031
2023-02-24,31634.126953125,2193.258056640625,382.1521911621094
2023-02-25,31605.41796875,2175.065185546875,
2023-02-26,32035.921875,2231.0009765625,
2023-02-27,31934.767578125,2218.76953125,383.4538269042969
2023-02-28,31587.109375,2191.420654296875,382.03656005859375
2023-03-01,32136.087890625,2260.63623046875,380.5711059570313
2023-03-02,31921.470703125,2239.99169921875,383.5309143066406
2023-03-03,30456.8515625,2137.1279296875,389.6819152832031
2023-03-04,30441.91015625,2133.915283203125,
2023-03-05,30524.68359375,2128.541015625,
2023-03-06,30541.388671875,2134.2421875,389.9518737792969
2023-03-07,30553.29296875,2147.736083984375,383.9743957519531
2023-03-08,29970.625,2117.018798828125,384.6011047363281
2023-03-09,28166.6796875,1989.994384765625,377.5052490234375
2023-03-10,27976.4921875,1980.5987548828125,372.05804443359375
2023-03-11,28595.48828125,2054.83251953125,
2023-03-12,30515.37109375,2189.5185546875,
2023-03-13,33249.94921875,2308.9208984375,371.52777099609375
2023-03-14,33876.23828125,2332.02294921875,377.6691589355469
2023-03-15,33560.41015625,2280.201171875,375.30706787109375
2023-03-16,34373.02734375,2301.179931640625,381.8919372558594
2023-03-17,37764.125,2468.341552734375,377.4265747070313
2023-03-18,37136.0625,2426.069580078125,
2023-03-19,38451.98828125,2448.7236328125,
2023-03-20,37965.30859375,2372.65283203125,381.05572509765625
2023-03-21,38628.62109375,2477.041748046875,386.0592346191406
2023-03-22,37467.578125,2384.2607421875,379.4783325195313
2023-03-23,38869.39453125,2491.799072265625,380.5041809082031
2023-03-24,37950.35546875,2418.43505859375,383.00103759765625
2023-03-25,37952.3203125,2407.005615234375,
2023-03-26,38435.79296875,2437.9775390625,
2023-03-27,37061.87890625,2342.611083984375,383.7171325683594
2023-03-28,37067.78125,2409.89111328125,382.85589599609375
2023-03-29,38460.7578125,2432.592529296875,388.4206237792969
2023-03-30,37910.15234375,2424.341796875,390.6949768066406
2023-03-31,38527.1171875,2464.922607421875,396.20166015625
2023-04-01,38435.8671875,2453.88134765625,
2023-04-02,38081.19140625,2424.97802734375,
2023-04-03,37342.609375,2432.55419921875,397.71136474609375
2023-04-04,37857.48828125,2514.602783203125,395.5048828125
2023-04-05,37912.6328125,2568.65576171875,394.4692687988281
2023-04-06,37847.53125,2527.64013671875,396.008056640625
2023-04-07,37866.0703125,2529.709228515625,
2023-04-08,37895.8125,2507.8271484375,
2023-04-09,38268.03515625,2511.382080078125,
2023-04-10,40042.94140625,2580.865966796875,396.41455078125
2023-04-11,40707.87890625,2547.6064453125,396.52099609375
2023-04-12,40509.9296875,2581.5908203125,394.90478515625
2023-04-13,40557.5546875,2685.19873046875,400.1502380371094
2023-04-14,41212.09375,2841.095947265625,399.1726989746094
2023-04-15,40986.05859375,2828.701416015625,
2023-04-16,40520.56640625,2833.674072265625,
2023-04-17,39441.16796875,2781.09423828125,400.6050109863281
2023-04-18,40707.64453125,2818.34375,400.8663330078125
2023-04-19,38823.4296875,2608.287109375,400.7986450195313
2023-04-20,38080.22265625,2619.6142578125,398.6114807128906
2023-04-21,37235.68359375,2525.432861328125,398.9210815429688
2023-04-22,38050.16796875,2563.66357421875,
2023-04-23,37361.109375,2521.39208984375,
2023-04-24,37252.0234375,2493.936279296875,399.3372802734375
2023-04-25,38552.37109375,2542.3486328125,392.9982299804688
2023-04-26,38743.9765625,2544.379150390625,391.3337097167969
2023-04-27,40085.55859375,2596.02783203125,399.1243591308594
2023-04-28,40062.66015625,2584.131591796875,402.5308837890625
2023-04-29,39940.2734375,2606.7216796875,
2023-04-30,39691.95703125,2545.330810546875,
2023-05-01,38071.96875,2482.8134765625,402.1244812011719
2023-05-02,39065.328125,2548.174072265625,397.6048889160156
2023-05-03,39540.671875,2596.373779296875,394.8757934570313
2023-05-04,39014.94140625,2539.49169921875,392.078857421875
2023-05-05,39804.96484375,2688.84326171875,399.3372802734375
2023-05-06,38956.20703125,2561.02392578125,
2023-05-07,38072.90234375,2506.185791015625,
2023-05-08,37034.4140625,2472.649169921875,399.4436950683594
2023-05-09,36995.1328125,2472.6083984375,397.6920166015625
2023-05-10,36937.8828125,2463.79736328125,399.5501403808594
2023-05-11,36439.72265625,2424.5078125,398.8533325195313
2023-05-12,36608.9140625,2469.302978515625,398.3307495117188
2023-05-13,36583.03515625,2453.2236328125,
2023-05-14,36507.7109375,2440.795166015625,
2023-05-15,36619.44921875,2447.630859375,399.70501708984375
2023-05-16,36439.05078125,2458.487060546875,397.033935546875
2023-05-17,36898.59765625,2453.540283203125,401.853515625
2023-05-18,36218.83984375,2432.021728515625,405.7247009277344
2023-05-19,36289.57421875,2446.18017578125,405.1343078613281
2023-05-20,36615.4453125,2457.008056640625,
2023-05-21,36090.671875,2434.296630859375,
2023-05-22,36258.703125,2454.313720703125,405.298828125
2023-05-23,36757.046875,2503.571533203125,400.7502136230469
2023-05-24,35789.4921875,2446.368408203125,397.8468322753906
2023-05-25,36124.80078125,2464.08837890625,401.2922058105469
2023-05-26,36373.50390625,2489.431884765625,406.4891357421875
2023-05-27,36576.42578125,2492.738037109375,
2023-05-28,38222.7421875,2600.6298828125,
2023-05-29,37747.52734375,2575.481689453125,
2023-05-30,37677.46484375,2585.552001953125,406.6440124511719
2023-05-31,36928.23046875,2542.5859375,404.3891296386719
2023-06-01,36059.72265625,2503.74853515625,408.231201171875
2023-06-02,36592.109375,2561.15966796875,414.1347351074219
2023-06-03,36352.421875,2540.84765625,
2023-06-04,36418.875,2538.81787109375,
2023-06-05,34645.01171875,2436.74609375,413.3410949707031
2023-06-06,36496.12890625,2524.957275390625,414.24114990234375
2023-06-07,35228.55078125,2450.188232421875,412.8088073730469
2023-06-08,35422.265625,2467.1669921875,415.3057556152344
2023-06-09,35401.1640625,2460.165771484375,416.0509338378906
2023-06-10,34560.0859375,2342.7333984375,
2023-06-11,34597.59375,2338.610595703125,
2023-06-12,34618.04296875,2328.845947265625,419.8252868652344
2023-06-13,34510.34765625,2315.4990234375,422.5931091308594
2023-06-14,33485.58984375,2199.774169921875,423.0963439941406
2023-06-15,33820.3828125,2202.363525390625,428.341796875
2023-06-16,34750.93359375,2265.9169921875,426.8827209472656
2023-06-17,34992.765625,2279.8232421875,
2023-06-18,34765.1171875,2271.248291015625,
2023-06-19,35471.953125,2295.56103515625,
2023-06-20,37464.09375,2370.141357421875,424.66796875
2023-06-21,39518.984375,2488.75830078125,422.4921569824219
2023-06-22,39326.6640625,2462.419921875,424.0171203613281
2023-06-23,40540.796875,2499.982421875,420.8116455078125
2023-06-24,40346.9453125,2477.790771484375,
2023-06-25,40129.09375,2502.13037109375,
2023-06-26,39812.7421875,2445.535400390625,419.0923156738281
2023-06-27,40500.3984375,2493.917236328125,423.68695068359375
2023-06-28,39874.35546875,2422.67431640625,423.900634765625
2023-06-29,40344.56640625,2454.473388671875,425.5713806152344
2023-06-30,40377.17578125,2561.146728515625,430.5934448242188
2023-07-01,40526.65625,2549.72265625,
2023-07-02,40580.17578125,2567.59033203125,
2023-07-03,41277.390625,2590.58349609375,431.0888366699219
2023-07-04,40702.58203125,2561.1494140625,
2023-07-05,40539.3203125,2538.29443359375,430.4477233886719
2023-07-06,39974.1875,2470.724853515625,427.0770568847656
2023-07-07,40350.66015625,2487.620849609375,425.9988403320313
2023-07-08,40284.53515625,2480.887939453125,
2023-07-09,40063.53515625,2473.838623046875,
2023-07-10,40374.78515625,2496.412353515625,427.0770568847656
2023-07-11,40509.12890625,2484.89208984375,429.796875
2023-07-12,40070.74609375,2468.3427734375,433.2550354003906
2023-07-13,41275.8984375,2631.224853515625,436.6937255859375
2023-07-14,40133.48828125,2565.853271484375,436.4217834472656
2023-07-15,40091.95703125,2556.00634765625,
2023-07-16,40018.08984375,2544.934814453125,
2023-07-17,39798.03125,2523.718994140625,437.9371032714844
2023-07-18,39311.6875,2498.54052734375,441.1911926269531
2023-07-19,39378.77734375,2486.69580078125,442.17230224609375
2023-07-20,39249.046875,2491.22900390625,439.23870849609375
2023-07-21,39570.76171875,2503.316650390625,439.23870849609375
2023-07-22,39389.58203125,2467.372314453125,
2023-07-23,39788.66796875,2498.572998046875,
2023-07-24,38441.4609375,2437.433349609375,441.2009582519531
2023-07-25,38545.2578125,2450.001220703125,442.4054260253906
2023-07-26,38763.41796875,2472.198486328125,442.4734497070313
2023-07-27,38640.1640625,2460.897216796875,439.5398559570313
2023-07-28,38849.46484375,2484.130859375,443.8430786132813
2023-07-29,38899.38671875,2492.51025390625,
2023-07-30,38797.1015625,2467.1435546875,
2023-07-31,38567.23046875,2449.08544921875,444.6881713867188
2023-08-01,39379.1015625,2483.830810546875,443.4156494140625
2023-08-02,38900.8984375,2454.114501953125,437.2473449707031
2023-08-03,38956.890625,2450.118408203125,435.9942932128906
2023-08-04,38896.1640625,2445.16748046875,434.0224304199219
2023-08-05,38871.43359375,2456.03955078125,
2023-08-06,38845.6015625,2444.364013671875,
2023-08-07,39020.328125,2442.986083984375,437.810791015625
2023-08-08,39963.89453125,2491.6533203125,435.9068603515625
2023-08-09,39670.25390625,2488.3876953125,432.9927673339844
2023-08-10,39567.1171875,2488.27685546875,433.1481628417969
2023-08-11,39509.05859375,2482.44287109375,432.8955993652344
2023-08-12,39533.5859375,2484.815673828125,
2023-08-13,39357.69921875,2472.08447265625,
2023-08-14,39581.82421875,2482.15234375,435.28521728515625
2023-08-15,39352.9296875,2464.665771484375,430.214599609375
2023-08-16,38853.97265625,2444.343994140625,427.0576477050781
2023-08-17,36119.453125,2282.388916015625,423.8034362792969
2023-08-18,35345.33984375,2253.6533203125,424.0074462890625
2023-08-19,35408.63671875,2265.222900390625,
2023-08-20,35466.72265625,2281.67724609375,
2023-08-21,35389.5390625,2258.59619140625,426.7662048339844
2023-08-22,35273.4140625,2213.957275390625,425.61029052734375
2023-08-23,35747.20703125,2271.117919921875,430.3506164550781
2023-08-24,35546.81640625,2255.36669921875,424.3863220214844
2023-08-25,35452.1796875,2249.727294921875,427.378173828125
2023-08-26,35398.81640625,2240.705810546875,
2023-08-27,35470.6875,2253.5,
2023-08-28,35506.48046875,2247.47607421875,430.08831787109375
2023-08-29,37596.0703125,2345.3662109375,436.3051452636719
2023-08-30,36947.66796875,2307.92041015625,438.1022033691406
2023-08-31,35035.0546875,2223.362060546875,437.4610595703125
2023-09-01,35010.29296875,2209.781005859375,438.2770385742188
2023-09-02,35105.25390625,2221.525146484375,
2023-09-03,35258.69921875,2221.345458984375,
2023-09-04,35103.4140625,2216.23828125,
2023-09-05,35164.41015625,2228.302978515625,436.38287353515625
2023-09-06,35126.51171875,2226.3349609375,433.44927978515625
2023-09-07,35905.5625,2254.477783203125,432.1185302734375
2023-09-08,35385.828125,2234.882568359375,432.7693481445313
2023-09-09,35372.203125,2233.550048828125,
2023-09-10,35206.79296875,2203.579345703125,
2023-09-11,34171.33984375,2107.15185546875,435.6154479980469
2023-09-12,35012.3671875,2158.24658203125,433.225830078125
2023-09-13,35546.85546875,2179.28271484375,433.7310485839844
2023-09-14,35871.92578125,2199.07373046875,437.4707336425781
2023-09-15,36010.875,2221.7138671875,432.2000427246094
2023-09-16,35964.15234375,2213.517822265625,
2023-09-17,35881.38671875,2194.594482421875,
2023-09-18,36084.16796875,2208.330810546875,432.4534606933594
2023-09-19,36580.1796875,2209.43359375,431.5566101074219
2023-09-20,36569.27734375,2187.37744140625,427.5892028808594
2023-09-21,35807.72265625,2135.321044921875,420.5218200683594
2023-09-22,35857.16796875,2149.398681640625,419.5762634277344
2023-09-23,35862.2421875,2150.512451171875,
2023-09-24,35390.99609375,2130.79736328125,
2023-09-25,35374.21484375,2136.4609375,421.3406677246094
2023-09-26,35446.69140625,2154.35888671875,415.1506652832031
2023-09-27,35579.3046875,2156.80322265625,415.31634521484375
2023-09-28,36455.578125,2229.95361328125,417.7241821289063
2023-09-29,36560.91796875,2265.985107421875,416.7103271484375
2023-09-30,36650.74609375,2271.1923828125,
2023-10-01,37985.00390625,2353.465576171875,
2023-10-02,37652.203125,2275.24365234375,416.5446166992188
2023-10-03,37606.08984375,2271.291259765625,410.96875
2023-10-04,38209.15625,2264.887451171875,413.9613952636719
2023-10-05,37579.5390625,2208.883056640625,413.8054504394531
2023-10-06,38240.7265625,2252.073486328125,418.7184143066406
2023-10-07,38271.16015625,2236.58349609375,
2023-10-08,38168.55078125,2231.96630859375,
2023-10-09,37460.98046875,2145.51171875,421.399169921875
2023-10-10,37208.86328125,2129.633056640625,423.5924682617188
2023-10-11,36536.859375,2129.4736328125,425.3276672363281
2023-10-12,36617.21484375,2106.990478515625,422.7346801757813
2023-10-13,36711.46484375,2121.1630859375,420.6290283203125
2023-10-14,36715.921875,2125.802734375,
2023-10-15,37056.11328125,2125.80078125,
2023-10-16,38831.05078125,2179.228271484375,425.0546569824219
2023-10-17,38796.95703125,2137.34619140625,425.03515625
2023-10-18,38849.203125,2144.510986328125,419.3715515136719
2023-10-19,39393.72265625,2150.013427734375,415.6867980957031
2023-10-20,40750.23828125,2202.966796875,410.578857421875
2023-10-21,41073.4921875,2236.790771484375,
2023-10-22,41109.96484375,2279.915283203125,
2023-10-23,45292.30859375,2416.662353515625,409.8671569824219
2023-10-24,46588.49609375,2452.2275390625,412.9573974609375
2023-10-25,47624.03515625,2467.13427734375,407.030517578125
2023-10-26,47194.07421875,2492.632080078125,402.1564331054688
2023-10-27,47071.88671875,2470.969970703125,400.3335876464844
2023-10-28,47321.4453125,2466.21240234375,
2023-10-29,47884.66796875,2489.371826171875,
2023-10-30,47718.66796875,2503.4521484375,405.1198425292969
2023-10-31,48117.14453125,2521.154052734375,407.6641540527344
2023-11-01,49026.375,2555.393310546875,412.0118103027344
2023-11-02,48031.69921875,2475.421630859375,419.9076843261719
2023-11-03,47487.7734375,2505.88916015625,423.73870849609375
2023-11-04,47966.1328125,2539.9384765625,
2023-11-05,47881.44921875,2587.63720703125,
2023-11-06,47995.06640625,2602.44482421875,424.7134704589844
2023-11-07,48802.41796875,2599.767578125,425.9222717285156
2023-11-08,49171.76171875,2605.541748046875,426.2341918945313
2023-11-09,50671.3671875,2928.388671875,422.91009521484375
2023-11-10,51483.94921875,2867.520263671875,429.5095520019531
2023-11-11,51256.08203125,2833.052978515625,
2023-11-12,51127.16015625,2821.912353515625,
2023-11-13,50378.94921875,2836.586669921875,429.10009765625
2023-11-14,48686.95703125,2711.323974609375,437.4250183105469
2023-11-15,51835.22265625,2819.431884765625,438.3510437011719
2023-11-16,49722.390625,2696.731689453125,438.88720703125
2023-11-17,50223.45703125,2691.5634765625,439.43310546875
2023-11-18,50208.390625,2694.314208984375,
2023-11-19,51298.828125,2762.358154296875,
2023-11-20,51442.85546875,2775.83251953125,442.8157043457031
2023-11-21,49067.25,2653.907470703125,441.8506164550781
2023-11-22,51255.46484375,2826.782470703125,443.5564880371094
2023-11-23,51073.28125,2824.482177734375,
2023-11-24,51471.2109375,2839.8359375,443.8294067382813
2023-11-25,51575.61328125,2844.285888671875,
2023-11-26,51090.00390625,2812.587158203125,
2023-11-27,50689.25,2758.57080078125,443.0301818847656
2023-11-28,51322.9765625,2780.203857421875,443.46875
2023-11-29,51459.61328125,2759.20556640625,443.1568908691406
2023-11-30,51127.55078125,2782.6708984375,444.9017333984375
2023-12-01,52227.875,2817.53466796875,447.5337219238281
2023-12-02,53291.07421875,2923.592041015625,
2023-12-03,53930.25,2959.257080078125,
2023-12-04,56841.13671875,3037.31884765625,445.1844482421875
2023-12-05,59915.65234375,3117.853759765625,445.0966796875
2023-12-06,59461.1328125,3033.3232421875,443.3030700683594
2023-12-07,58864.86328125,3205.591552734375,446.6856689453125
2023-12-08,60037.8671875,3206.34228515625,448.6060485839844
2023-12-09,59438.91796875,3182.4765625,
2023-12-10,59460.26953125,3195.04443359375,
2023-12-11,56003.6796875,3020.684326171875,450.3509216308594
2023-12-12,56314.39453125,2991.6953125,452.4077758789063
2023-12-13,57946.67578125,3054.204345703125,458.64654541015625
2023-12-14,57671.69921875,3105.27001953125,460.1185302734375
2023-12-15,56158.62109375,2972.469482421875,459.3609008789063
2023-12-16,56595.421875,2983.74755859375,
2023-12-17,55354.23828125,2939.333251953125,
2023-12-18,57109.359375,2970.82470703125,461.9448547363281
2023-12-19,56383.68359375,2905.01416015625,464.75384521484375
2023-12-20,58317.65625,2941.66552734375,458.3136901855469
2023-12-21,58277.75390625,2975.10888671875,462.6593322753906
2023-12-22,58506.2109375,3093.696533203125,463.5891723632813
2023-12-23,58162.65625,3070.454345703125,
2023-12-24,57093.140625,3007.139892578125,
2023-12-25,57799.3203125,3011.7646484375,
2023-12-26,56114.5546875,2944.884765625,465.5466613769531
2023-12-27,57369.2421875,3141.2880859375,466.3883972167969
2023-12-28,56400.14453125,3106.0224609375,466.5645446777344
2023-12-29,55830.12109375,3051.06103515625,465.2138366699219
2023-12-30,55914.8046875,3040.080810546875,
2023-12-31,56001.16015625,3022.93798828125,
2024-01-01,58496.80078125,3115.5078125,
2024-01-02,59893.0078125,3138.4453125,462.61041259765625
2024-01-03,57198.16015625,2951.152587890625,458.8323974609375
2024-01-04,59008.25,3030.60693359375,457.3544616699219
2024-01-05,59060.9765625,3033.975341796875,457.98089599609375
2024-01-06,58828.94921875,2997.8369140625,
2024-01-07,58709.3828125,2969.820068359375,
2024-01-08,62712.4296875,3114.93701171875,464.51898193359375
2024-01-09,61781.46875,3139.742431640625,463.8143005371094
2024-01-10,62388.94921875,3454.90869140625,466.4373168945313
2024-01-11,62036.296875,3504.775146484375,466.2317504882813
2024-01-12,57502.5234375,3387.44677734375,466.55474853515625
2024-01-13,57488.05078125,3457.407958984375,
2024-01-14,56036.80078125,3314.56591796875,
2024-01-15,57120.56640625,3374.356201171875,
2024-01-16,58216.8828125,3490.84716796875,464.8419189453125
2024-01-17,57711.34375,3413.81689453125,462.258056640625
2024-01-18,55644.15625,3326.91064453125,466.3688049316406
2024-01-19,56032.94140625,3351.736572265625,472.18267822265625
2024-01-20,56096.4609375,3324.931396484375,
2024-01-21,55806.58203125,3296.23095703125,
2024-01-22,53249.80859375,3114.6357421875,473.1809997558594
2024-01-23,53619.16015625,3015.235107421875,474.56103515625
2024-01-24,54208.44921875,3021.126708984375,475.0797729492188
2024-01-25,53832.37109375,2989.562255859375,477.6636962890625
2024-01-26,56279.23828125,3051.310791015625,477.056884765625
2024-01-27,56699.9140625,3052.914794921875,
2024-01-28,56563.3046875,3037.3115234375,
2024-01-29,58057.9765625,3107.634765625,480.8348693847656
2024-01-30,57564.44140625,3142.05517578125,480.46295166015625
2024-01-31,57198.19140625,3065.97998046875,472.62310791015625
2024-02-01,57657.140625,3083.68115234375,478.8088684082031
2024-02-02,58195.10546875,3110.19677734375,483.8494873046875
2024-02-03,57934.20703125,3094.0263671875,
2024-02-04,57363.44921875,3084.199462890625,
2024-02-05,57776.04296875,3113.569091796875,482.0876770019531
2024-02-06,58122.30078125,3200.159423828125,483.4873352050781
2024-02-07,59666.421875,3263.131591796875,487.5198364257813
2024-02-08,60977.26953125,3257.266845703125,487.7351379394531
2024-02-09,63594.5,3355.285400390625,490.5539855957031
2024-02-10,64436.2890625,3373.78173828125,
2024-02-11,64995.20703125,3374.753662109375,
2024-02-12,67224.234375,3576.784912109375,490.3386535644531
2024-02-13,67481.6875,3584.44677734375,483.585205078125
2024-02-14,70167.0234375,3760.940673828125,487.9798583984375
2024-02-15,69940.71875,3803.32275390625,491.34674072265625
2024-02-16,70358.4296875,3781.8740234375,488.8999328613281
2024-02-17,69687.75,3758.917724609375,
2024-02-18,70252.125,3880.388671875,
2024-02-19,69900.2890625,3973.73779296875,
2024-02-20,70709.4375,4075.426025390625,486.2083129882813
2024-02-21,69958.6328125,4008.58984375,486.6487426757813
2024-02-22,69174.2421875,4005.79443359375,496.72015380859375
2024-02-23,68419.640625,3940.29443359375,497.0627136230469
2024-02-24,69551.3671875,4035.681396484375,
2024-02-25,69896.7734375,4205.5654296875,
2024-02-26,73615.0,4292.21044921875,495.2421875
2024-02-27,77246.2734375,4390.38916015625,496.1622619628906
2024-02-28,84869.1875,4597.119140625,495.5065002441406
2024-02-29,83037.2734375,4534.4970703125,497.2878112792969
2024-03-01,84785.015625,4664.2880859375,501.95648193359375
2024-03-02,84227.2265625,4646.63037109375,
2024-03-03,85601.1328125,4730.81298828125,
2024-03-04,92766.9453125,4928.76025390625,501.4181518554688
2024-03-05,86709.3359375,4831.392578125,496.4069213867188
2024-03-06,89330.3203125,5160.93212890625,498.9223327636719
2024-03-07,90036.9921875,5212.2841796875,503.8748779296875
2024-03-08,92386.125,5264.5966796875,500.85052490234375
2024-03-09,92661.859375,5296.5830078125,
2024-03-10,93046.6796875,5232.298828125,
2024-03-11,97204.9921875,5480.55126953125,500.41986083984375
2024-03-12,96452.921875,5370.76171875,505.8030090332031
2024-03-13,98412.4140625,5394.99462890625,505.0102233886719
2024-03-14,96650.0625,5256.63427734375,504.0119323730469
2024-03-15,93899.8359375,5053.56640625,500.551025390625
2024-03-16,88368.0859375,4766.25390625,
2024-03-17,92644.46875,4934.1474609375,
2024-03-18,91430.734375,4761.7861328125,503.5259094238281
2024-03-19,84049.6875,4286.62451171875,506.3240966796875
2024-03-20,91506.203125,4733.91064453125,511.00726318359375
2024-03-21,88597.734375,4725.37109375,512.6958618164062
2024-03-22,86901.75,4542.31640625,511.7239379882813
2024-03-23,87287.953125,4546.2763671875,
2024-03-24,91520.3671875,4702.51318359375,
2024-03-25,95043.9453125,4878.466796875,510.3101806640625
2024-03-26,95059.1640625,4872.63525390625,509.3675842285156
2024-03-27,94360.1484375,4755.162109375,513.6482543945312
2024-03-28,95771.3359375,4821.11962890625,513.5501708984375
2024-03-29,94421.71875,4744.2744140625,
2024-03-30,94087.328125,4739.0576171875,
2024-03-31,96460.5,4932.7919921875,
2024-04-01,94612.5078125,4757.66796875,512.6566162109375
2024-04-02,88777.1875,4445.48681640625,509.3971862792969
2024-04-03,89236.078125,4478.576171875,509.9566650390625
2024-04-04,92790.0234375,4510.287109375,503.7321166992188
2024-04-05,92187.9609375,4510.19921875,508.9944763183594
2024-04-06,93633.2578125,4558.50341796875,
2024-04-07,94364.6328125,4698.32373046875,
2024-04-08,97210.5546875,5014.86328125,509.27923583984375
2024-04-09,93845.5,4757.7158203125,509.8684387207031
2024-04-10,96625.984375,4850.93310546875,504.762939453125
2024-04-11,95902.4609375,4798.15869140625,508.5724182128906
2024-04-12,92572.3828125,4467.76708984375,501.552490234375
2024-04-13,87923.65625,4139.701171875,
2024-04-14,90452.734375,4343.77197265625,
2024-04-15,87447.234375,4276.2509765625,495.26898193359375
2024-04-16,88184.8046875,4263.20556640625,494.3657531738281
2024-04-17,84388.546875,4110.4833984375,491.43994140625
2024-04-18,87463.7265625,4222.2421875,490.4287414550781
2024-04-19,87813.6328125,4207.884765625,486.1480407714844
2024-04-20,89396.6015625,4343.158203125,
2024-04-21,89212.453125,4324.53173828125,
2024-04-22,91573.8359375,4386.56103515625,490.62506103515625
2024-04-23,90725.6171875,4399.04296875,496.4471130371094
2024-04-24,88086.859375,4302.876953125,496.2114868164063
2024-04-25,88079.5625,4311.671875,494.3264770507813
2024-04-26,87220.46875,4282.2216796875,499.0096740722656
2024-04-27,86766.8984375,4449.4541015625,
2024-04-28,86188.5,4455.70068359375,
2024-04-29,87259.4453125,4394.9189453125,500.7768859863281
2024-04-30,83544.25,4150.2685546875,492.8439636230469
2024-05-01,79989.1640625,4077.84130859375,491.2436218261719
2024-05-02,80800.1484375,4083.735595703125,495.8384094238281
2024-05-03,85954.6875,4241.76611328125,501.9845275878906
2024-05-04,87349.2265625,4262.19482421875,
2024-05-05,87671.4296875,4295.52099609375,
2024-05-06,86313.6484375,4185.3564453125,507.1684265136719
2024-05-07,85610.578125,4129.22998046875,507.72802734375
2024-05-08,84001.5625,4082.370361328125,507.777099609375
2024-05-09,86238.9140625,4152.62939453125,510.702880859375
2024-05-10,83143.2421875,3979.575927734375,511.36077880859375
2024-05-11,83156.671875,3982.634765625,
2024-05-12,84049.7890625,4005.910888671875,
2024-05-13,85964.578125,4030.757080078125,511.4293518066406
2024-05-14,84044.1796875,3933.93310546875,513.7759399414062
2024-05-15,90111.1328125,4129.81689453125,520.1380615234375
2024-05-16,88812.2109375,4009.76953125,519.0678100585938
2024-05-17,91307.890625,4213.416015625,519.81396484375
2024-05-18,91156.640625,4252.67578125,
2024-05-19,90197.4375,4180.43408203125,
2024-05-20,97337.4453125,4991.45361328125,520.4129028320312
2024-05-21,95675.6953125,5169.13427734375,521.6892700195312
2024-05-22,94633.6640625,5116.53173828125,520.18701171875
2024-05-23,93286.9921875,5186.81640625,516.3875122070312
2024-05-24,93801.9453125,5101.6142578125,519.80419921875
2024-05-25,94780.0546875,5130.26806640625,
2024-05-26,93665.9453125,5230.09765625,
2024-05-27,94576.2421875,5304.32666015625,
2024-05-28,93207.609375,5241.00927734375,520.1674194335938
2024-05-29,92698.6953125,5162.078125,516.52490234375
2024-05-30,93550.171875,5127.1630859375,513.0985107421875
2024-05-31,92071.7578125,5129.56396484375,517.7718505859375
2024-06-01,92368.2421875,5202.10302734375,
2024-06-02,92274.703125,5149.4140625,
2024-06-03,93775.0703125,5133.26806640625,518.1940307617188
2024-06-04,96514.1953125,5214.3056640625,518.773193359375
2024-06-05,97314.1640625,5290.27001953125,524.93896484375
2024-06-06,96715.703125,5209.9619140625,524.9291381835938
2024-06-07,95536.75,5068.2314453125,524.2910766601562
2024-06-08,95486.03125,5071.4287109375,
2024-06-09,95833.0625,5099.1865234375,
2024-06-10,95651.328125,5045.53173828125,525.910888671875
2024-06-11,92616.890625,4812.041015625,527.1774291992188
2024-06-12,93640.0078125,4884.47900390625,531.5072631835938
2024-06-13,91753.0,4768.33642578125,532.5774536132812
2024-06-14,90788.359375,4786.591796875,532.9013671875
2024-06-15,91035.7890625,4903.87841796875,
2024-06-16,91530.328125,4972.9306640625,
2024-06-17,91187.1171875,4815.6279296875,537.1426391601562
2024-06-18,89354.6015625,4778.62158203125,538.5074462890625
2024-06-19,89041.859375,4878.83984375,
2024-06-20,88718.015625,4804.92236328125,537.0446166992188
2024-06-21,87802.1796875,4816.49609375,536.3245239257812
2024-06-22,88016.3984375,4787.3701171875,
2024-06-23,86561.671875,4683.7138671875,
2024-06-24,82328.578125,4575.8740234375,534.5811157226562
2024-06-25,84434.1640625,4638.10546875,536.6397705078125
2024-06-26,83342.34375,4617.8955078125,537.3095703125
2024-06-27,84396.1171875,4719.23876953125,538.1566162109375
2024-06-28,82605.40625,4620.02587890625,536.0388793945312
2024-06-29,83382.2265625,4619.11083984375,
2024-06-30,85711.0,4694.39013671875,
2024-07-01,86349.7578125,4726.54443359375,537.1420288085938
2024-07-02,84840.8046875,4672.75341796875,540.7568969726562
2024-07-03,82039.921875,4489.4970703125,543.170166015625
2024-07-04,77576.109375,4158.78369140625,
2024-07-05,77301.640625,4067.64599609375,546.3023681640625
2024-07-06,79651.3828125,4193.23046875,
2024-07-07,76182.65625,3995.91845703125,
2024-07-08,77289.8984375,4114.5771484375,546.9327392578125
2024-07-09,79080.3203125,4177.0029296875,547.4645385742188
2024-07-10,78640.65625,4224.9736328125,552.8818969726562
2024-07-11,78130.953125,4224.1201171875,548.1145629882812
2024-07-12,79012.5078125,4277.02978515625,551.5718383789062
2024-07-13,80830.8828125,4335.76416015625,
2024-07-14,82960.140625,4427.35693359375,
2024-07-15,88726.4140625,4772.849609375,553.0886840820312
2024-07-16,88993.3359375,4707.57568359375,556.36865234375
2024-07-17,87708.4140625,4635.4912109375,548.5676879882812
2024-07-18,87668.84375,4695.27978515625,544.35205078125
2024-07-19,91701.3828125,4819.0673828125,540.7371826171875
2024-07-20,92324.7578125,4837.7080078125,
2024-07-21,93432.21875,4848.2900390625,
2024-07-22,93007.4453125,4734.53369140625,546.3121337890625
2024-07-23,90884.59375,4800.10546875,545.4551391601562
2024-07-24,90291.140625,4608.1083984375,533.0938110351562
2024-07-25,90900.5078125,4386.8837890625,530.3162231445312
2024-07-26,93918.984375,4530.47705078125,536.255615234375
2024-07-27,93782.4609375,4491.279296875,
2024-07-28,94402.5703125,4524.6611328125,
2024-07-29,92588.3515625,4601.07177734375,536.57080078125
2024-07-30,91676.8203125,4540.38134765625,533.8522338867188
2024-07-31,89229.0390625,4461.912109375,542.5298461914062
2024-08-01,90725.4921875,4444.22607421875,534.8471069335938
2024-08-02,85216.4765625,4143.24267578125,524.8890991210938
2024-08-03,84196.6640625,4028.5927734375,
2024-08-04,80683.1015625,3729.495361328125,
2024-08-05,74537.53125,3337.05712890625,509.6024169921875
2024-08-06,77258.2109375,3390.0048828125,514.30078125
2024-08-07,75674.8671875,3213.324462890625,510.8631896972656
2024-08-08,84766.28125,3685.906982421875,522.6729736328125
2024-08-09,83749.7265625,3576.1376953125,524.9777221679688
2024-08-10,83840.109375,3590.47802734375,
2024-08-11,80656.375,3507.11669921875,
2024-08-12,81565.5625,3743.94140625,525.2536010742188
2024-08-13,83098.140625,3706.84228515625,533.8916015625
2024-08-14,80571.6171875,3652.79736328125,535.5759887695312
2024-08-15,79054.59375,3529.827880859375,544.755859375
2024-08-16,80617.1953125,3549.683349609375,545.9773559570312
2024-08-17,81423.734375,3579.183837890625,
2024-08-18,80000.5078125,3574.824462890625,
2024-08-19,81101.296875,3595.16796875,551.197509765625
2024-08-20,80362.3828125,3504.0029296875,550.30126953125
2024-08-21,83102.21875,3574.566650390625,552.1923828125
2024-08-22,82145.90625,3568.365234375,547.8585815429688
2024-08-23,86665.1875,3737.947265625,553.6796875
2024-08-24,86702.609375,3741.30712890625,
2024-08-25,86906.765625,3713.776611328125,
2024-08-26,84776.3984375,3615.0126953125,552.35986328125
2024-08-27,80019.7890625,3306.438720703125,553.1183471679688
2024-08-28,79552.65625,3407.593505859375,549.9072265625
2024-08-29,80110.203125,3411.151611328125,549.95654296875
2024-08-30,79766.953125,3407.96533203125,555.2063598632812
2024-08-31,79594.6171875,3392.453125,
2024-09-01,77339.4765625,3275.553466796875,
2024-09-02,79791.2109375,3426.09619140625,
2024-09-03,77785.7265625,3278.513916015625,543.78076171875
2024-09-04,78311.6640625,3308.23486328125,542.6677856445312
2024-09-05,75814.1328125,3196.339111328125,541.347900390625
2024-09-06,73265.1015625,3020.135498046875,532.2369995117188
2024-09-07,73524.40625,3088.35107421875,
2024-09-08,74383.1484375,3115.882568359375,
2024-09-09,77342.4375,3199.092529296875,538.1959838867188
2024-09-10,78462.4921875,3252.3271484375,540.5401611328125
2024-09-11,77874.890625,3177.621826171875,546.0855712890625
2024-09-12,78908.0,3206.14208984375,550.6853637695312
2024-09-13,82343.65625,3319.242919921875,553.5615234375
2024-09-14,81585.9609375,3288.44384765625,
2024-09-15,80367.328125,3151.662353515625,
2024-09-16,79066.859375,3118.629638671875,554.3790283203125
2024-09-17,81982.9453125,3183.298828125,554.6055297851562
2024-09-18,83897.8125,3224.916748046875,552.960693359375
2024-09-19,85370.171875,3343.10107421875,562.3966064453125
2024-09-20,85838.1796875,3478.832275390625,561.4244384765625
2024-09-21,86112.3828125,3553.24951171875,
2024-09-22,86346.15625,3503.924072265625,
2024-09-23,85684.90625,3583.469970703125,562.827392578125
2024-09-24,86298.703125,3562.369873046875,564.4378662109375
2024-09-25,85142.7265625,3478.068115234375,563.1929321289062
2024-09-26,87841.0703125,3547.279052734375,565.42578125
2024-09-27,88958.84375,3645.261962890625,564.6057739257812
2024-09-28,89103.1640625,3620.969970703125,
2024-09-29,88673.171875,3592.772216796875,
2024-09-30,85657.8984375,3520.83740234375,566.8682861328125
2024-10-01,82098.8125,3304.789794921875,561.7900390625
2024-10-02,81898.34375,3194.782470703125,562.0271606445312
2024-10-03,82322.0,3183.69677734375,560.9996337890625
2024-10-04,84296.9453125,3279.65234375,566.09765625
2024-10-05,84327.4609375,3280.790283203125,
2024-10-06,85317.9375,3313.84326171875,
2024-10-07,84771.8046875,3298.7001953125,560.9798583984375
2024-10-08,84839.3359375,3331.529541015625,566.2853393554688
2024-10-09,83060.0625,3246.994873046875,570.2076416015625
2024-10-10,82855.015625,3276.917724609375,569.2098388671875
2024-10-11,85990.0078125,3355.200927734375,572.618408203125
2024-10-12,87019.953125,3410.296142578125,
2024-10-13,86525.9140625,3397.189208984375,
2024-10-14,91173.578125,3629.07275390625,577.3014526367188
2024-10-15,92388.34375,3591.319580078125,572.8160400390625
2024-10-16,93010.5625,3591.928466796875,575.3056640625
2024-10-17,92986.8359375,3592.933837890625,575.3551635742188
2024-10-18,94503.453125,3648.64404296875,577.5681762695312
2024-10-19,94426.0234375,3658.457275390625,
2024-10-20,95224.9921875,3790.087158203125,
2024-10-21,93198.1015625,3687.802001953125,576.6197509765625
2024-10-22,93081.0,3620.62841796875,576.3135375976562
2024-10-23,91930.9375,3472.168701171875,571.0474243164062
2024-10-24,94430.1875,3511.289306640625,572.282470703125
2024-10-25,92582.96875,3384.121337890625,572.0848388671875
2024-10-26,93100.171875,3444.788818359375,
2024-10-27,94396.65625,3482.332763671875,
2024-10-28,97093.1328125,3562.94775390625,573.8533935546875
2024-10-29,101196.0234375,3670.915771484375,574.7821044921875
2024-10-30,100613.453125,3696.006591796875,573.0432739257812
2024-10-31,97844.5078125,3505.753662109375,561.809814453125
2024-11-01,97042.34375,3508.21240234375,564.1809692382812
2024-11-02,96779.796875,3479.400146484375,
2024-11-03,95696.5,3419.66064453125,
2024-11-04,94267.4921875,3332.202392578125,562.9656982421875
2024-11-05,95956.6015625,3351.655029296875,569.7730102539062
2024-11-06,105503.2734375,3799.7392578125,583.9407348632812
2024-11-07,105267.7421875,4015.7080078125,588.455810546875
2024-11-08,106512.953125,4122.03271484375,591.0048217773438
2024-11-09,106810.921875,4355.8916015625,
2024-11-10,111946.03125,4439.3974609375,
2024-11-11,123478.859375,4697.982421875,591.5679931640625
2024-11-12,122658.7734375,4527.06787109375,589.7303466796875
2024-11-13,126751.6171875,4467.30078125,590.016845703125
2024-11-14,122690.59375,4301.4599609375,586.2229614257812
2024-11-15,128398.515625,4375.1318359375,578.7142333984375
2024-11-16,127701.03125,4418.38623046875,
2024-11-17,126561.359375,4332.53076171875,
2024-11-18,126965.6875,4498.296875,581.08544921875
2024-11-19,128873.609375,4342.20068359375,583.2095947265625
2024-11-20,131781.890625,4291.5087890625,583.4071655273438
2024-11-21,137763.78125,4700.60205078125,586.5391235351562
2024-11-22,138918.46875,4675.06884765625,588.3570556640625
2024-11-23,137205.96875,4765.75048828125,
2024-11-24,136569.21875,4686.8125,
2024-11-25,131266.875,4812.8271484375,590.3528442382812
2024-11-26,129267.9765625,4674.79150390625,593.4353637695312
2024-11-27,134600.78125,5129.80029296875,591.6371459960938
2024-11-28,133992.84375,5014.70751953125,
2024-11-29,136597.203125,5036.4619140625,595.3124389648438
2024-11-30,135149.234375,5192.61962890625,
2024-12-01,136329.359375,5200.88232421875,
2024-12-02,134660.640625,5118.95458984375,596.3795166015625
2024-12-03,135032.03125,5092.71923828125,596.6561279296875
2024-12-04,138991.609375,5405.69775390625,600.3610229492188
2024-12-05,135418.875,5342.82373046875,599.3731079101562
2024-12-06,141472.75,5671.626953125,600.5093383789062
2024-12-07,141506.4375,5668.4130859375,
2024-12-08,143231.34375,5667.375,
2024-12-09,138110.390625,5271.22509765625,597.4168701171875
2024-12-10,137038.875,5148.1787109375,595.5594482421875
2024-12-11,143150.734375,5423.09814453125,600.1635131835938
2024-12-12,142221.625,5520.236328125,597.0711059570312
2024-12-13,144472.90625,5569.36083984375,596.9525146484375
2024-12-14,144339.890625,5508.02880859375,
2024-12-15,148381.171875,5622.2529296875,
2024-12-16,150931.1875,5676.099609375,599.5015258789062
2024-12-17,151891.96875,5562.13720703125,597.0315551757812
2024-12-18,144681.484375,5233.546875,579.2379150390625
2024-12-19,140417.390625,4922.88232421875,579.0599975585938
2024-12-20,140514.46875,4991.45166015625,586.01513671875
2024-12-21,139763.453125,4797.357421875,
2024-12-22,136574.484375,4706.671875,
2024-12-23,136106.734375,4910.0205078125,589.5243530273438
2024-12-24,141753.140625,5016.50390625,596.076904296875
2024-12-25,142533.5625,5014.17236328125,
2024-12-26,138041.921875,4800.31640625,596.11669921875
2024-12-27,135762.1875,4799.4658203125,589.8416137695312
2024-12-28,137221.625,4899.60498046875,
2024-12-29,134712.25,4824.32763671875,
2024-12-30,132949.03125,4816.6416015625,583.1105346679688
2024-12-31,134469.09375,4796.38623046875,580.9891357421875
2025-01-01,135734.15625,4820.86669921875,
2025-01-02,139563.125,4971.64501953125,579.5616455078125
2025-01-03,141740.703125,5208.337890625,586.8081665039062
2025-01-04,141926.796875,5284.4716796875,
2025-01-05,141958.046875,5247.322265625,
2025-01-06,146390.796875,5289.85986328125,590.1885375976562
2025-01-07,139238.1875,4857.93994140625,583.5169677734375
2025-01-08,136645.5,4782.3134765625,584.3695068359375
2025-01-09,133196.890625,4636.67236328125,
2025-01-10,136654.296875,4714.9912109375,575.4476928710938
2025-01-11,136389.515625,4733.80810546875,
2025-01-12,136209.34375,4708.015625,
2025-01-13,135769.875,4504.0419921875,576.3399047851562
2025-01-14,138545.65625,4626.63232421875,577.1329345703125
2025-01-15,143966.15625,4942.6708984375,587.6309814453125
2025-01-16,143593.6875,4762.1513671875,586.5008544921875
2025-01-17,151360.28125,5033.8076171875,592.3892822265625
2025-01-18,151198.546875,4787.279296875,
2025-01-19,146283.125,4643.57666015625,
2025-01-20,145910.34375,4688.44287109375,
2025-01-21,152224.25,4771.830078125,597.811767578125
2025-01-22,149229.640625,4664.9609375,601.1723022460938
2025-01-23,149473.9375,4794.65185546875,604.4535522460938
2025-01-24,150379.265625,4748.05322265625,602.68896484375
2025-01-25,150228.859375,4759.12060546875,
2025-01-26,147724.28125,4655.66748046875,
2025-01-27,147060.6875,4579.33984375,594.1637573242188
2025-01-28,145950.484375,4432.00537109375,599.2689819335938
2025-01-29,149304.109375,4481.8623046875,596.5825805664062
2025-01-30,151797.796875,4707.16015625,599.7844848632812
2025-01-31,148922.515625,4796.501953125,596.5924072265625
2025-02-01,146378.84375,4534.82958984375,
2025-02-02,143731.15625,4220.748046875,
2025-02-03,146246.703125,4160.1162109375,592.57763671875
2025-02-04,140339.96875,3921.833740234375,596.5527954101562
2025-02-05,138311.390625,3990.8896484375,598.9715576171875
2025-02-06,138205.6875,3846.56396484375,601.0533447265625
2025-02-07,138012.453125,3749.1064453125,595.5515747070312
2025-02-08,137955.4375,3763.80615234375,
2025-02-09,138315.125,3767.7880859375,
2025-02-10,139710.546875,3815.7060546875,599.5960693359375
2025-02-11,136790.90625,3718.5009765625,600.0521850585938
2025-02-12,139981.671875,3913.90673828125,598.1190795898438
2025-02-13,137139.21875,3797.935302734375,604.4337158203125
2025-02-14,138262.84375,3865.461669921875,604.4039916992188
2025-02-15,138364.0625,3819.3330078125,
2025-02-16,136391.671875,3777.0107421875,
2025-02-17,135860.09375,3891.387939453125,
2025-02-18,135571.953125,3787.8291015625,606.1784057617188
2025-02-19,137624.0,3867.676025390625,607.6058959960938
2025-02-20,139392.296875,3884.607421875,605.078125
2025-02-21,136839.515625,3786.152587890625,594.728759765625
2025-02-22,137492.9375,3935.01025390625,
2025-02-23,136812.75,4009.3017578125,
2025-02-24,130530.6171875,3589.3369140625,592.0224609375
2025-02-25,126910.4765625,3566.3359375,589.0782470703125
2025-02-26,120944.4296875,3343.048828125,589.3756713867188
2025-02-27,122368.3828125,3330.629638671875,579.9680786132812
2025-02-28,122058.21875,3237.465576171875,589.0187377929688
2025-03-01,124458.0625,3206.70703125,
2025-03-02,136133.453125,3639.47705078125,
2025-03-03,124748.7421875,3109.923583984375,578.69921875
2025-03-04,125591.40625,3124.609130859375,571.8493041992188
2025-03-05,129958.5390625,3215.10302734375,577.995361328125
2025-03-06,128588.140625,3148.143310546875,567.7352905273438
2025-03-07,124679.5859375,3074.4736328125,570.9173583984375
2025-03-08,123834.3046875,3164.3408203125,
2025-03-09,115854.7265625,2897.0625,
2025-03-10,113297.4921875,2685.068115234375,555.710693359375
2025-03-11,119616.984375,2771.4208984375,551.0911254882812
2025-03-12,120222.8828125,2741.243896484375,554.0155639648438
2025-03-13,116956.5546875,2687.74365234375,546.6301879882812
2025-03-14,120793.75,2746.864501953125,557.9212646484375
2025-03-15,121365.515625,2787.81396484375,
2025-03-16,118699.390625,2712.98388671875,
2025-03-17,120219.4921875,2755.413818359375,562.2236328125
2025-03-18,118288.6953125,2763.566162109375,556.1468505859375
2025-03-19,124404.4375,2947.38818359375,562.2037963867188
2025-03-20,120573.0390625,2839.44140625,560.5780029296875
2025-03-21,121219.7734375,2833.997802734375,560.762939453125
2025-03-22,120452.4765625,2844.964599609375,
2025-03-23,123347.328125,2874.32568359375,
2025-03-24,125270.703125,2974.29150390625,570.8053588867188
2025-03-25,124853.34375,2951.437744140625,572.177490234375
2025-03-26,124237.8515625,2872.4375,565.3466796875
2025-03-27,124728.203125,2864.86279296875,563.8452758789062
2025-03-28,121312.484375,2726.017578125,552.4904174804688
2025-03-29,118787.71875,2627.960693359375,
2025-03-30,117821.1171875,2584.7080078125,
2025-03-31,118811.578125,2624.510986328125,556.1991577148438
2025-04-01,121751.2890625,2723.94384765625,557.7700805664062
2025-04-02,117295.3359375,2552.94970703125,561.2999267578125
2025-04-03,117034.9609375,2556.9892578125,533.6385498046875
2025-04-04,119297.15625,2582.94970703125,502.3977966308594
2025-04-05,118814.8046875,2569.62890625,
2025-04-06,111378.671875,2245.2861328125,
2025-04-07,112837.9296875,2214.796875,501.5029296875
2025-04-08,108722.6171875,2099.065673828125,493.6480102539063
2025-04-09,116468.90625,2352.737060546875,545.4906005859375
2025-04-10,111134.2890625,2124.98095703125,521.5877075195312
2025-04-11,115628.296875,2172.6181640625,530.894287109375
2025-04-12,118237.7890625,2278.505859375,
2025-04-13,116111.5703125,2215.3759765625,
2025-04-14,117505.8046875,2255.494384765625,536.0447387695312
2025-04-15,116806.09375,2217.810302734375,534.5433349609375
2025-04-16,116469.9296875,2187.235107421875,522.6614990234375
2025-04-17,117507.265625,2190.462158203125,523.4072265625
2025-04-18,116891.3984375,2199.287841796875,
2025-04-19,117739.3359375,2232.504638671875,
2025-04-20,117759.6875,2194.854248046875,
2025-04-21,121072.34375,2185.381103515625,510.94873046875
2025-04-22,129401.6015625,2433.614501953125,524.2424926757812
2025-04-23,130008.734375,2492.117919921875,532.3658447265625
2025-04-24,130168.046875,2452.27001953125,543.5715942382812
2025-04-25,131514.671875,2480.652587890625,547.4990844726562
2025-04-26,131431.453125,2529.955322265625,
2025-04-27,130048.0078125,2486.895751953125,
2025-04-28,131389.328125,2488.45068359375,547.7078247070312
2025-04-29,130364.9453125,2487.669921875,551.1580810546875
2025-04-30,129949.09375,2474.32470703125,551.3768310546875
2025-05-01,133595.484375,2546.437255859375,555.2843627929688
2025-05-02,133934.5625,2546.71435546875,563.527099609375
2025-05-03,132527.265625,2534.458251953125,
2025-05-04,130372.5,2500.0107421875,
2025-05-05,130969.28125,2515.349609375,560.2955932617188
2025-05-06,133316.171875,2499.73486328125,555.6124877929688
2025-05-07,134261.78125,2506.685791015625,557.9490966796875
2025-05-08,143739.890625,3072.06201171875,561.8367919921875
2025-05-09,143518.4375,3269.114990234375,561.1209106445312
2025-05-10,145972.859375,3600.54296875,
2025-05-11,145006.09375,3496.422607421875,
2025-05-12,143668.046875,3488.398681640625,579.66455078125
2025-05-13,145147.296875,3734.41748046875,583.4926147460938
2025-05-14,144723.046875,3648.236572265625,584.2383422851562
2025-05-15,144791.625,3554.531005859375,587.0919189453125
2025-05-16,144548.671875,3542.57373046875,590.810546875
2025-05-17,144163.109375,3458.752685546875,
2025-05-18,148526.03125,3485.830322265625,
2025-05-19,147414.71875,3530.44091796875,591.4568481445312
2025-05-20,148535.515625,3510.867431640625,589.46826171875
2025-05-21,152035.09375,3538.04833984375,579.5352783203125
2025-05-22,154765.875,3692.20458984375,579.7639770507812
2025-05-23,147375.875,3470.447021484375,575.806640625
2025-05-24,148067.328125,3476.22216796875,
2025-05-25,149779.078125,3505.29150390625,
2025-05-26,150334.84375,3522.27734375,
2025-05-27,150523.015625,3677.73388671875,587.7780151367188
2025-05-28,149353.65625,3716.044921875,584.3775024414062
2025-05-29,145860.0,3634.917236328125,586.6842651367188
2025-05-30,142899.234375,3476.26904296875,586.028076171875
2025-05-31,143777.96875,3475.092529296875,
2025-06-01,145012.15625,3481.13720703125,
2025-06-02,145172.484375,3574.549560546875,589.3291015625
2025-06-03,144608.4375,3556.875732421875,592.6898193359375
2025-06-04,143291.78125,3569.082763671875,592.5307006835938
2025-06-05,138829.640625,3302.475341796875,589.6671142578125
2025-06-06,142978.234375,3392.889892578125,595.722412109375
2025-06-07,144656.4375,3460.42822265625,
2025-06-08,144859.4375,3437.93017578125,
2025-06-09,151112.84375,3673.919921875,596.2593383789062
2025-06-10,150704.0,3845.628173828125,599.639892578125
2025-06-11,148536.140625,3790.432861328125,597.9297485351562
2025-06-12,144022.828125,3605.42333984375,600.3060913085938
2025-06-13,144182.921875,3505.650390625,593.5946044921875
2025-06-14,143342.28125,3443.077392578125,
2025-06-15,143450.484375,3461.279052734375,
2025-06-16,144958.015625,3448.42919921875,599.2421875
2025-06-17,143137.734375,3435.763671875,594.1216430664062
2025-06-18,143660.6875,3457.583740234375,594.0321044921875
2025-06-19,143371.40625,3453.555908203125,
2025-06-20,141812.75,3304.49853515625,592.636962890625
2025-06-21,140424.984375,3159.155517578125,
2025-06-22,138767.9375,3061.821044921875,
2025-06-23,144958.8125,3325.177734375,598.49072265625
2025-06-24,145562.46875,3360.23486328125,605.1024169921875
2025-06-25,147216.984375,3317.430908203125,605.4414672851562
2025-06-26,145919.21875,3296.206298828125,610.1783447265625
2025-06-27,146834.296875,3323.485107421875,613.2098999023438
2025-06-28,146918.421875,3336.103271484375,
2025-06-29,148296.28125,3421.885986328125,
2025-06-30,145776.484375,3383.2724609375,616.1417846679688
2025-07-01,144216.421875,3282.502197265625,615.9423828125
2025-07-02,147922.296875,3494.031005859375,618.734619140625
2025-07-03,148852.9375,3517.4296875,623.611083984375
2025-07-04,147061.75,3414.720458984375,
2025-07-05,147329.703125,3426.6474609375,
2025-07-06,148595.703125,3497.8251953125,
2025-07-07,147994.78125,3475.098876953125,618.9639892578125
2025-07-08,148926.75,3575.197509765625,618.6249389648438
2025-07-09,152362.1875,3792.102783203125,622.3345947265625
2025-07-10,158390.859375,4035.104248046875,624.0897827148438
2025-07-11,160992.40625,4052.15625,621.8958129882812
2025-07-12,160880.390625,4031.641845703125,
2025-07-13,163038.046875,4069.731689453125,
2025-07-14,164273.5625,4130.28857421875,623.08251953125
2025-07-15,161549.78125,4306.8486328125,620.419921875
2025-07-16,162555.03125,4615.64990234375,622.494140625
2025-07-17,163862.484375,4775.884765625,626.3035888671875
2025-07-18,162059.734375,4874.04150390625,625.8449096679688
2025-07-19,161972.875,4937.5693359375,
2025-07-20,160988.171875,5159.64501953125,
2025-07-21,160612.078125,5146.8427734375,627.0316162109375
2025-07-22,163253.640625,5100.70849609375,627.121337890625
2025-07-23,161534.65625,4937.25,632.4566040039062
2025-07-24,161471.71875,5058.27587890625,632.6659545898438
2025-07-25,161096.453125,5104.3056640625,635.3385620117188
2025-07-26,161558.40625,5124.77734375,
2025-07-27,163679.671875,5310.23095703125,
2025-07-28,161968.671875,5202.01025390625,635.1790161132812
2025-07-29,162430.6875,5225.25634765625,633.503662109375
2025-07-30,162922.953125,5265.5283203125,632.7058715820312
2025-07-31,160423.390625,5123.07861328125,630.3324584960938
2025-08-01,156304.65625,4811.57275390625,620.0010375976562
2025-08-02,155304.015625,4682.49169921875,
2025-08-03,157369.90625,4818.71337890625,
2025-08-04,158448.578125,5120.869140625,629.4249267578125
2025-08-05,157195.015625,4974.28955078125,626.2337646484375
2025-08-06,158053.765625,5061.87646484375,631.030517578125
2025-08-07,161364.359375,5375.73974609375,630.501953125
2025-08-08,160511.171875,5515.74755859375,635.4183349609375
2025-08-09,160252.078125,5864.79345703125,
2025-08-10,164088.546875,5851.0380859375,
2025-08-11,163554.34375,5822.71044921875,634.1618041992188
2025-08-12,165485.65625,6321.9931640625,640.9131469726562
2025-08-13,169653.59375,6542.01953125,643.1070556640625
2025-08-14,163505.59375,6282.978515625,643.1668701171875
2025-08-15,162262.125,6136.73046875,641.6610717773438
2025-08-16,162390.671875,6117.64501953125,
2025-08-17,162268.09375,6180.07958984375,
2025-08-18,160459.578125,5952.42138671875,641.5214233398438
2025-08-19,156461.859375,5648.6318359375,638.0410766601562
2025-08-20,158549.34375,6013.859375,636.3457641601562
2025-08-21,156286.953125,5871.18212890625,633.7928466796875
2025-08-22,161736.203125,6685.86181640625,643.52587890625
2025-08-23,159660.765625,6609.392578125,
2025-08-24,156909.828125,6610.11865234375,
2025-08-25,152623.09375,6060.59375,640.6936645507812
2025-08-26,154678.421875,6364.66748046875,643.3762817382812
2025-08-27,153280.125,6206.328125,644.8422241210938
2025-08-28,154773.75,6198.3564453125,647.1258544921875
2025-08-29,149081.171875,5995.8642578125,643.2666015625
2025-08-30,149551.25,6012.05517578125,
2025-08-31,148713.5625,6031.73681640625,
2025-09-01,150201.875,5931.69775390625,
2025-09-02,153290.5625,5962.53857421875,638.4998168945312
2025-09-03,154100.609375,6138.45263671875,641.960205078125
2025-09-04,152972.40625,5939.01611328125,647.3253173828125
2025-09-05,153080.109375,5958.50390625,645.4505004882812
2025-09-06,152484.765625,5912.98291015625,
2025-09-07,153813.734375,5956.96533203125,
2025-09-08,154614.859375,5943.45947265625,647.0361328125
2025-09-09,154432.453125,5966.5791015625,648.531982421875
2025-09-10,157950.109375,6028.22119140625,650.4067993164062
2025-09-11,159807.5625,6172.22802734375,655.8118286132812
2025-09-12,160864.546875,6533.20947265625,655.5924072265625
2025-09-13,160655.21875,6467.99658203125,
2025-09-14,159717.265625,6379.40673828125,
2025-09-15,159027.390625,6235.7763671875,659.0827026367188
2025-09-16,160534.703125,6187.59619140625,658.1752319335938
2025-09-17,160385.875,6324.5380859375,657.3575439453125
2025-09-18,161558.5625,6330.53125,660.4290161132812
2025-09-19,159413.46875,6160.7001953125,663.7000122070312
2025-09-20,159470.640625,6176.7861328125,
2025-09-21,158931.125,6135.44921875,
2025-09-22,155870.40625,5810.31396484375,666.8400268554688
2025-09-23,155011.828125,5764.45361328125,663.2100219726562
2025-09-24,157482.140625,5771.685546875,661.0999755859375
2025-09-25,152032.046875,5393.07275390625,658.0499877929688
2025-09-26,152989.0625,5627.84375,661.8200073242188
2025-09-27,152945.984375,5603.81787109375,
2025-09-28,156281.921875,5772.5888671875,
2025-09-29,159212.5,5869.3291015625,663.6799926757812
2025-09-30,158814.3125,5772.9267578125,666.1799926757812
2025-10-01,165403.71875,6065.7119140625,668.4500122070312
2025-10-02,168484.671875,6265.64892578125,669.219970703125
2025-10-03,170763.546875,6305.69384765625,669.2100219726562
2025-10-04,170985.46875,6269.83740234375,
2025-10-05,172483.609375,6305.6796875,
2025-10-06,173972.140625,6537.275390625,671.6099853515625
2025-10-07,169465.359375,6210.84765625,669.1199951171875
2025-10-08,172145.296875,6318.46435546875,673.1099853515625
2025-10-09,170634.140625,6125.64453125,671.1599731445312
2025-10-10,158663.59375,5385.76171875,653.02001953125
2025-10-11,155324.9375,5257.419921875,
2025-10-12,161231.453125,5829.97412109375,
2025-10-13,161837.125,5960.509765625,663.0399780273438
2025-10-14,158891.6875,5794.74365234375,662.22998046875
2025-10-15,155611.015625,5600.96533203125,665.1699829101562
2025-10-16,151961.359375,5470.68896484375,660.6400146484375
2025-10-17,149326.390625,5375.35546875,664.3900146484375
2025-10-18,150370.15625,5457.1025390625,
2025-10-19,152316.390625,5585.2197265625,
2025-10-20,155197.734375,5586.49951171875,671.2999877929688
2025-10-21,152086.328125,5435.28564453125,671.2899780273438
2025-10-22,150654.828125,5327.509765625,667.7999877929688
2025-10-23,153957.828125,5393.53955078125,671.760009765625
2025-10-24,155387.234375,5506.2587890625,677.25
2025-10-25,156348.65625,5536.638671875,
2025-10-26,160194.109375,5818.740234375,
2025-10-27,159677.703125,5764.9443359375,685.239990234375
2025-10-28,157454.453125,5551.046875,687.0599975585938
2025-10-29,153438.890625,5442.046875,687.3900146484375
2025-10-30,151429.03125,5319.14404296875,679.8300170898438
2025-10-31,153964.75,5406.494140625,682.0599975585938
2025-11-01,154678.46875,5444.59033203125,
2025-11-02,155072.5,5481.74658203125,
2025-11-03,149762.765625,5063.3896484375,683.3400268554688
2025-11-04,143262.453125,4643.171875,675.239990234375
2025-11-05,146516.578125,4830.45068359375,677.5800170898438
2025-11-06,142958.0,4674.31103515625,670.3099975585938
2025-11-07,145243.40625,4826.77001953125,670.969970703125
2025-11-08,143711.484375,4777.6982421875,
2025-11-09,147074.546875,5031.6484375,
2025-11-10,148672.953125,5005.193359375,681.4400024414062
2025-11-11,144365.578125,4787.0029296875,683.0
2025-11-12,142430.125,4781.7451171875,683.3800048828125
2025-11-13,139945.859375,4537.83740234375,672.0399780273438
2025-11-14,132454.25,4355.07666015625,671.9299926757812
2025-11-15,134088.890625,4443.89208984375,
2025-11-16,134234.546875,4455.23095703125,
