Date,BTC-CAD,ETH-CAD,SPY
2018-01-03,0.017531324288640127,0.0916362109069544,0.006325259612331102
2018-01-04,0.02185942030752175,0.014601555877808314,0.004214978565648009
2018-01-05,0.10972902513868732,0.010202652171461102,0.006663845373502175
2018-01-06,0.005593985891549469,0.04406053216656547,0.0
2018-01-07,-0.060782809674678306,0.10595814972147433,0.0
2018-01-08,-0.07771587352096665,-0.002255671016429761,0.0018285940819975366
2018-01-09,-0.03331133774551753,0.13703319064259456,0.002263509282666165
2018-01-10,0.030579425673222138,-0.029376311113058606,-0.0015301069210005291
2018-01-11,-0.10532934541257089,-0.08099840763145416,0.0072965806938751765
2018-01-12,0.03704711633017688,0.09624177597288419,0.006518854196457147
2018-01-13,0.027151900686900543,0.09677988139829496,0.0
2018-01-14,-0.04026723068635263,-0.020525493750821355,0.0
2018-01-15,0.000813399525184888,-0.05726732213985919,0.0
2018-01-16,-0.1688825454781573,-0.18472817848256007,-0.0034185318852296698
2018-01-17,-0.02478470627833984,-0.03595817340152119,0.0095315934478859
2018-01-18,0.022868467640307033,0.01901065504812527,-0.0016805329075331166
2018-01-19,0.018068307643983372,0.009185651079677504,0.0045494430344210635
2018-01-20,0.11129107424901963,0.11168326275371498,0.0
2018-01-21,-0.10099974861253458,-0.09168175834024561,0.0
2018-01-22,-0.06006132036349876,-0.04658185591126873,0.008130947943798095
2018-01-23,-0.008876951977469627,-0.02005431492986398,0.002122735077467075
2018-01-24,0.03945167000691452,0.0676834068763521,-0.0003884035821729581
2018-01-25,-0.006153862651634867,6.863812161284066e-05,0.0004238001591718721
2018-01-26,-0.013586524709995218,-0.00662587881113863,0.011577949724835168
2018-01-27,0.02410614400143185,0.04918626075883936,0.0
2018-01-28,0.030710173144094854,0.1260512829885816,0.0
2018-01-29,-0.039930501582354117,-0.049464739209052366,-0.006629976888736122
2018-01-30,-0.10527965486566127,-0.09400104465043557,-0.010256941566514799
2018-01-31,0.008489493555502214,0.041084523811833584,0.0004963541858173937
2018-02-01,-0.10591999381062711,-0.07613679152728936,-0.0011354286010599735
2018-02-02,-0.02416799368971545,-0.10489281763200653,-0.02176969215526592
2018-02-03,0.038972934554483585,0.05266961360521072,0.0
2018-02-04,-0.09699319534821227,-0.13332784866725678,0.0
2018-02-05,-0.15326729922205673,-0.1574228200266523,-0.041822562760941984
2018-02-06,0.11234641399542378,0.13381799804621708,0.019702448683736495
2018-02-07,-0.0122386429584731,-0.0407238403857777,-0.005425396664556992
2018-02-08,0.08652379470911353,0.08220705167666398,-0.03750828755789215
2018-02-09,0.0561065214756542,0.07982990501215181,0.015021504312973333
2018-02-10,-0.013171560792707981,-0.026531250199080536,0.0
2018-02-11,-0.05600599061412803,-0.052123548202781755,0.0
2018-02-12,0.09693640696807515,0.06532638911290722,0.014684365251238507
2018-02-13,-0.03616073447998691,-0.02637400996061967,0.002487488172915997
2018-02-14,0.0952055520882833,0.08369474130457588,0.013496144916782526
2018-02-15,0.07058116948214344,0.014362765462984983,0.012760129477351834
2018-02-16,0.012205480800709267,0.013292561529631763,0.00029263689582403885
2018-02-17,0.08587142788265645,0.03167196897372482,0.0
2018-02-18,-0.04986841752331084,-0.05092307275935937,0.0
2018-02-19,0.06442102978945985,0.022155798763718426,0.0
2018-02-20,0.022847002936125405,-0.044884387202243414,-0.006260660606678847
2018-02-21,-0.058844218183137786,-0.046952711651617296,-0.004974407695640726
2018-02-22,-0.06300812203985495,-0.042549613413575216,0.0012960660717937778
2018-02-23,0.022468751261933484,0.05580726080497467,0.015939325413491634
2018-02-24,-0.04737641005064008,-0.02739453847777762,0.0
2018-02-25,-0.013400442740488905,0.006861229789946188,0.0
2018-02-26,0.07534588457630642,0.03160997934488563,0.011612304791123629
2018-02-27,0.04204553263615529,0.017546014267376897,-0.012486310774192155
2018-02-28,-0.02607431824842954,-0.021764590199545908,-0.010130239020701204
2018-03-01,0.053275540203787886,0.019959105200697547,-0.014540932248987337
2018-03-02,0.016072465861178387,-0.013997205445563488,0.005155207098522574
2018-03-03,0.03637786123889142,0.0004340945179968081,0.0
2018-03-04,0.0026933218053597496,0.011734043388404558,0.0
2018-03-05,0.012371088148396714,-0.008037338683252737,0.011557888194309252
2018-03-06,-0.07070738003618138,-0.045241035486085934,0.0025348300853202943
2018-03-07,-0.07861166210714576,-0.0815472453666305,-0.0003663920453000902
2018-03-08,-0.05791063435638033,-0.06472414894253953,0.004839158763916496
2018-03-09,-0.012589847455189873,0.027777753521413873,0.017402253746254814
2018-03-10,-0.050500363784425795,-0.057655517277257484,0.0
2018-03-11,0.08046218028638541,0.053146026613343,0.0
2018-03-12,-0.036744012585325225,-0.030233998521560057,-0.0012548891907068205
2018-03-13,0.007595242868602581,-0.004257418803864543,-0.006463115598515867
2018-03-14,-0.10060417382983544,-0.11078896524821102,-0.005131068436235786
2018-03-15,0.011270330699247655,0.002588541407420708,-0.0010898267040916343
2018-03-16,0.007594796826408068,-0.012749947063913747,0.0010841831617629527
2018-03-17,-0.05054593322130341,-0.0812528049630179,0.0
2018-03-18,0.03883192911993305,-0.02549634513478538,0.0
2018-03-19,0.04860599048874814,0.03270115519491523,-0.013530286180865492
2018-03-20,0.032137615650163154,0.00019442512763756525,0.001701002720728484
2018-03-21,-0.01201844876886693,-0.005701581592323812,-0.0019197093219804895
2018-03-22,-0.019835643478361198,-0.03660994131063533,-0.02499704775775624
2018-03-23,0.01416958415712033,-0.003247163335211023,-0.02131442445401832
2018-03-24,-0.023818603007725203,-0.0244245947699393,0.0
2018-03-25,-0.020642410333276295,-0.004860667783215811,0.0
2018-03-26,-0.036934781477532264,-0.06861096334568839,0.02735891061506801
2018-03-27,-0.042574256141149514,-0.07815485667341004,-0.01701152161715047
2018-03-28,0.01810534821540144,-0.005984136211872548,-0.0029549588011501537
2018-03-29,-0.10118481986214478,-0.13708426372885685,0.01277746309412775
2018-03-30,-0.0376560354217107,0.023274754096509476,0.0
2018-03-31,0.012046888347907458,0.004591473194256235,0.0
2018-04-01,-0.018541468887921297,-0.042501436355482536,0.0
2018-04-02,0.03725078565311479,0.020171212331497657,-0.02158457805415781
2018-04-03,0.04310912558176749,0.06916109695935546,0.012817028964366317
2018-04-04,-0.08457969575512148,-0.09097044716472369,0.010699157340951837
2018-04-05,-0.0050130277943784,0.008250703363233525,0.007891998051934523
2018-04-06,-0.02495090173497383,-0.03302693758719899,-0.022285830589786282
2018-04-07,0.041403909778730874,0.040587621987224765,0.0
2018-04-08,0.016665829917590802,0.03983949385200192,0.0
2018-04-09,-0.04210039938470522,-0.011253851584612784,0.004928353737744251
2018-04-10,0.00047646159363012863,0.03019078017882837,0.015900395151560387
2018-04-11,0.018002488314885046,0.03777296171943667,-0.00524230084414401
2018-04-12,0.1338708573306704,0.146667182446232,0.008227044183144683
2018-04-13,0.002043138250126253,0.0007730657594717805,-0.0029329869807220854
2018-04-14,0.011433709897381128,0.017743878702382476,0.0
2018-04-15,0.042849833295140805,0.06018578335176761,0.0
2018-04-16,-0.035233056504212934,-0.04140492040020094,0.008221860999316322
2018-04-17,-0.020132230372138515,-0.01685065021752785,0.010698455786444683
2018-04-18,0.03866494738479842,0.04918857128277421,0.000740113853111346
2018-04-19,0.01917209760192451,0.08547077357575494,-0.005547415406566336
2018-04-20,0.07466205044837904,0.0925265152321979,-0.008479890112107258
2018-04-21,0.005624055254046079,-0.016765845575444693,0.0
2018-04-22,-0.010157935483871006,0.02751904235318925,0.0
2018-04-23,0.02070868001620596,0.03950023326425112,-0.00014972712955130252
2018-04-24,0.08355655204714574,0.09979219666526529,-0.013467154255499159
2018-04-25,-0.08633832644644335,-0.1295383354380587,0.0024715944869280193
2018-04-26,0.05187884590064007,0.0796944972293463,0.010165753916230313
2018-04-27,-0.03533697870336461,-0.02744442360570909,0.0009387663368616295
2018-04-28,0.04021677738949081,0.05663706435475224,0.0
2018-04-29,0.009045131387593441,0.009103570020769114,0.0
2018-04-30,-0.01956532745301187,-0.02812442813386784,-0.00769058693260416
2018-05-01,-0.01246074284142884,0.006211816039932927,0.00177691156088855
2018-05-02,0.016054286494410652,0.023351640403733054,-0.006717349651102267
2018-05-03,0.051965989061873996,0.13120156305549324,-0.002204160199895
2018-05-04,-0.0046558417623957515,0.00756536944896391,0.012946379801225927
2018-05-05,0.016224570913749625,0.0388174901908922,0.0
2018-05-06,-0.01955996575970409,-0.0281150627122857,0.0
2018-05-07,-0.027676248754534227,-0.04722062765974022,0.0033835929465078074
2018-05-08,-0.00931047675026797,0.004356184803212981,0.0
2018-05-09,0.0018292492678020356,-0.008645213735835156,0.009665637697948704
2018-05-10,-0.035746355478339153,-0.038799470483925735,0.009350638594725291
2018-05-11,-0.06507887696657633,-0.06403817487547925,0.0030517539600847243
2018-05-12,0.007510457819862815,0.009508711761334165,0.0
2018-05-13,0.0248737900296232,0.06824192854361422,0.0
2018-05-14,0.00043117378589507815,-0.002770888895428425,0.0004760976454498689
2018-05-15,-0.01795765637452018,-0.023986735898078093,-0.006887048356452263
2018-05-16,-0.023737348974412265,-0.009775297523887505,0.0042050024177053835
2018-05-17,-0.028714486644701998,-0.04462283665592903,-0.0008444036359115392
2018-05-18,0.02292751566057971,0.03589476863761942,-0.002500067538685924
2018-05-19,-0.0004593491193924937,0.0031151480601430137,0.0
2018-05-20,0.0321818122469395,0.02696711493574533,0.0
2018-05-21,-0.018828728447054854,-0.03023801560285344,0.007518304562301736
2018-05-22,-0.04211317922022462,-0.071015716932469,-0.0027801195793712985
2018-05-23,-0.058493500200892834,-0.09742838212000438,0.0027510890737911797
2018-05-24,0.007816658215272998,0.03515200702730503,-0.002048250426329057
2018-05-25,-0.007701591402506702,-0.01860547312870764,-0.0023826244201726743
2018-05-26,-0.016612041815140977,0.0009306045119319428,0.0
2018-05-27,0.0022182874718350565,-0.02435448951006136,0.0
2018-05-28,-0.030398243515860845,-0.09784988779741322,0.0
2018-05-29,0.05015172465519857,0.09875718631826058,-0.011501473888747782
2018-05-30,-0.01949265001875322,-0.020890685964467637,0.013344892746111059
2018-05-31,0.016230612026088886,0.036750003279414134,-0.006126008583604459
2018-06-01,0.006775416419013913,0.004616755499299741,0.009817910711643396
2018-06-02,0.01352523447172893,0.020282954285530952,0.0
2018-06-03,0.010437827168698455,0.04521685723378299,0.0
2018-06-04,-0.0290587760415294,-0.04335667117026365,0.004751190056638821
2018-06-05,0.017368239562840504,0.029029102218768754,0.0007276832155316271
2018-06-06,0.002881170118031351,-0.0033451844251668472,0.008361054873327056
2018-06-07,0.0059594686350732395,-0.00041835749910279496,-0.00010856173281836856
2018-06-08,-0.011534404857375335,-0.011382035496412146,0.002956740447139783
2018-06-09,-0.012188992121908604,-0.005847857624486585,0.0
2018-06-10,-0.0958314673386288,-0.11581844087167303,0.0
2018-06-11,0.019385793584214328,0.014487824712769992,0.001330085483188581
2018-06-12,-0.0449358360431894,-0.06632450187553474,0.001291768522822201
2018-06-13,-0.03842862985759665,-0.0420453158594748,-0.0031909064736368453
2018-06-14,0.0624354582474802,0.1000572759186833,0.0025178792087388047
2018-06-15,-0.026280891054452526,-0.048952001010335366,-0.0012756432222591485
2018-06-16,0.01449378329558848,0.017592540270934043,0.0
2018-06-17,-0.007994871823834737,0.001385485205340986,0.0
2018-06-18,0.03742038932754399,0.03803158435944898,-0.0020570570589091286
2018-06-19,0.010236631764543258,0.041923117845636515,-0.0038324233061077795
2018-06-20,0.0030872956307204102,-0.0010373264919975034,0.001705536753014325
2018-06-21,-0.0059372301677492745,-0.015637217913100354,-0.006268649450441144
2018-06-22,-0.09939318605866432,-0.12002806228659668,0.0018235054634734293
2018-06-23,0.012951021854044065,0.01868336811979776,0.0
2018-06-24,0.0024239151667313497,-0.034851104975214375,0.0
2018-06-25,0.013828106736808454,0.007279005230742985,-0.013613042829345168
2018-06-26,-0.0249582675399731,-0.05989565051598367,0.0022139642347205335
2018-06-27,0.012921927610061612,0.024703378185084057,-0.008284119743837581
2018-06-28,-0.04666958518661135,-0.05065560992374074,0.0057174365283125805
2018-06-29,0.04403589245145878,0.023190533144668457,0.0014400207264049225
2018-06-30,0.029863472557920767,0.043969199671433534,0.0
2018-07-01,-0.0019278657572987523,-0.0018615012830230926,0.0
2018-07-02,0.03883277879757352,0.050315202515647695,0.0021376448732153275
2018-07-03,-0.016232862525121905,-0.02686718828199941,-0.0035313130378293867
2018-07-04,0.009946660017046582,0.0062681242294293504,0.0
2018-07-05,0.006533682117923156,0.015412062389633885,0.00815788235017978
2018-07-06,0.0006613417478724681,-0.00533017491426635,0.008458430392295435
2018-07-07,0.02748633912185272,0.03723117336089676,0.0
2018-07-08,-0.010978813437049317,-0.004027297158719523,0.0
2018-07-09,-0.003527076852070432,-0.024236427269085037,0.009004487007747697
2018-07-10,-0.058861902090666884,-0.08649531612665673,0.003598178528602558
2018-07-11,0.015150817861463217,0.03284497503646322,-0.00731427121582684
2018-07-12,-0.02889390341667908,-0.03974473650241306,0.009065816798947246
2018-07-13,0.0007987344102691196,0.008501484989430708,0.0007875430657020566
2018-07-14,0.0061028772781075435,0.004743911004610135,0.0
2018-07-15,0.013307584552055829,0.031562674805329705,0.0
2018-07-16,0.05847206620707168,0.06686063510224338,-0.0008940921144131586
2018-07-17,0.09138186598762799,0.04756237280965814,0.004045280017132891
2018-07-18,0.004201186941401591,-0.043366130368213684,0.0021035585590005734
2018-07-19,0.01980524174841114,-0.01614026849547845,-0.0037714878293255705
2018-07-20,-0.023344494956057504,-0.04832628248437343,-0.0011429452569327037
2018-07-21,0.008860379197439094,0.0260440909247317,0.0
2018-07-22,-0.002009468373052603,-0.007899891730175468,0.0
2018-07-23,0.04316825317385886,-0.01563978418935741,0.0018592355426283458
2018-07-24,0.09082518474744772,0.06164288563007392,0.005031946138674082
2018-07-25,-0.03688270619782963,-0.022523958629115937,0.008522568290588062
2018-07-26,-0.026076678157507915,-0.01586275430639028,-0.002359116810797035
2018-07-27,0.025662270098078865,0.010968450226944704,-0.00677580939344935
2018-07-28,0.003323964862828266,-0.005893555905530645,0.0
2018-07-29,0.00428780194337719,0.0005732859371547772,0.0
2018-07-30,-0.007440418530591519,-0.02331134977386551,-0.005223802273553679
2018-07-31,-0.049485854350874825,-0.05137038641800329,0.004929285987423482
2018-08-01,-0.021495385038398318,-0.03172944783990017,-0.0016705580129157127
2018-08-02,-0.005742845040922706,-0.017502623903777326,0.005447344838551249
2018-08-03,-0.020184592296742965,0.010946898732696386,0.004285043977477754
2018-08-04,-0.054011190869302506,-0.026323243288549292,0.0
2018-08-05,0.00700081082051951,0.009954956852160635,0.0
2018-08-06,-0.017640782378540276,-0.010539730446690876,0.0036675554897673823
2018-08-07,-0.024170165783115483,-0.0607812236220171,0.003302081387968281
2018-08-08,-0.06895650430770495,-0.06480502368946894,-0.0004201625598171388
2018-08-09,0.043617417370978684,0.02713591079832134,-0.001366461568695021
2018-08-10,-0.0514602274968079,-0.07919449764222519,-0.006699852943804041
2018-08-11,0.01795067143329221,-0.036100772920799384,0.0
2018-08-12,0.004970174584715936,-0.007212082866922986,0.0
2018-08-13,-0.005336514889641264,-0.10472569973024559,-0.00374357775132772
2018-08-14,-0.02108722888333614,-0.031885154872838384,0.006380852510396995
2018-08-15,0.024097081029317513,0.018816581483984463,-0.007467639666186909
2018-08-16,0.005606558238338666,0.021597923793756246,0.008091657285694387
2018-08-17,0.0305293184707085,0.08736061664309691,0.003520150229019414
2018-08-18,-0.023838161177929695,-0.06308259193458055,0.0
2018-08-19,0.013123628236802132,0.01728864911339345,0.0
2018-08-20,-0.031773110164183826,-0.08947831806959072,0.0021402624414821325
2018-08-21,0.02809602131116118,0.027338182894695917,0.0023452877170275777
2018-08-22,-0.01922872411978671,-0.039526481768676236,-0.000593530972043399
2018-08-23,0.03173724673000633,0.02814762758427758,-0.0013286074313859642
2018-08-24,0.022354151145327794,0.01523207277622518,0.00601874462697527
2018-08-25,0.006433151069834997,-0.011736356538330384,0.0
2018-08-26,-0.009031486046926829,-0.01666518730220834,0.0
2018-08-27,0.02234327893689647,0.03366484912593548,0.007895613579718352
2018-08-28,0.02787737091913356,0.03526664838778171,0.0004832028610894934
2018-08-29,-0.008305316495221593,-0.025598742644230565,0.005380346136780512
2018-08-30,-0.0035655440139357175,-0.011833761825076339,-0.00404820408662554
2018-08-31,0.01231077496731503,-0.0001163920547657682,3.4738659299815566e-05
2018-09-01,0.02211972431602538,0.04359302979462254,0.0
2018-09-02,0.012987180723734948,-0.0013725271639561942,0.0
2018-09-03,0.0006289725937813628,-0.01503320923944429,0.0
2018-09-04,0.020501256692055936,-0.005885739473697527,-0.0017222711228734866
2018-09-05,-0.07719920503546018,-0.18680453316541068,-0.0026915480931093416
2018-09-06,-0.04034648201185831,-0.010687170699322013,-0.003010113389611213
2018-09-07,-0.00973711805229438,-0.056736178498297374,-0.0019430845515228112
2018-09-08,-0.0372796522202421,-0.08863605574888467,0.0
2018-09-09,0.01356608124262837,-0.0036752340850151333,0.0
2018-09-10,0.0035856524478894425,-0.00020061207272836779,0.0017381429363738654
2018-09-11,-0.0085530806919758,-0.06773516482029263,0.0032974889129500085
2018-09-12,-0.00023605766666456862,-0.014380084123145065,0.00024185684558353238
2018-09-13,0.026372897115004124,0.1532095127888058,0.005914896434626948
2018-09-14,0.0021381868977272678,0.004720106041347094,0.00017161358497830292
2018-09-15,0.004681622741735447,0.05348312917597742,0.0
2018-09-16,-0.0035182935812519966,-0.010684682612598917,0.0
2018-09-17,-0.03495287898932964,-0.10180067058080977,-0.00529419334594361
2018-09-18,0.007354803751276062,0.05383759110447861,0.005426223877724512
2018-09-19,0.00017193391025926985,-0.004114560958496272,0.0010655919558384408
2018-09-20,0.018218671553870136,0.0688911078795107,0.008103988171231702
2018-09-21,0.03402828800219804,0.09899640261113851,-0.0009133750407112062
2018-09-22,-0.0019257193674447892,-0.024754250476404338,0.0
2018-09-23,-0.0020028526089814758,0.01568964061023781,0.0
2018-09-24,-0.014704669633301415,-0.061500001547087346,-0.003322344708706293
2018-09-25,-0.022117376520899734,-0.04424889722647318,-0.0009276649376684931
2018-09-26,0.013709617825636844,-0.006103808730509752,-0.002992165171637251
2018-09-27,0.028132867839444353,0.05874663675160208,0.002793821425997045
2018-09-28,-0.0141890668447896,-0.03576134367626005,0.00010325595770477314
2018-09-29,-0.006347060736066945,0.04151487718425195,0.0
2018-09-30,-0.0019709225644692907,-0.00031816177368404475,0.0
2018-10-01,-0.008033177898002508,-0.011532468645632177,0.0034744032433537964
2018-10-02,-0.004232533323955234,-0.014698384472219717,-0.0005827976925597556
2018-10-03,-0.0035157119049402663,-0.02491035046062895,0.0005485881616775767
2018-10-04,0.014766858376267011,0.011201252059492184,-0.007815661583965072
2018-10-05,0.009067624198590973,0.026365201720723874,-0.005596726689123477
2018-10-06,-0.005159758619209476,-0.010900706698489637,0.0
2018-10-07,0.0020930110392369805,0.004308148146287438,0.0
2018-10-08,0.008128425746227741,0.014538179657241468,0.0
2018-10-09,-0.0030751850747090526,-0.007179614664941547,-0.0014591697902075484
2018-10-10,0.0006664798477631351,-0.0004532965867521943,-0.03166351853027194
2018-10-11,-0.051999805583368586,-0.16241598538689972,-0.022026392663163863
2018-10-12,0.0035364457737694366,0.03876894084984839,0.013888410451261768
2018-10-13,0.0018183930996198416,0.015829021252415698,0.0
2018-10-14,-0.00041452765116289925,-0.021821276179089577,0.0
2018-10-15,0.045768574523024075,0.0686041972152227,-0.005617141629897238
2018-10-16,-0.00402944523574611,-0.0019886231216318384,0.021866125773227107
2018-10-17,-0.0008939303718537017,-0.007558981567348022,0.0001782872253319745
2018-10-18,-0.006487738954589539,-0.014186806508643013,-0.014441239257576233
2018-10-19,0.0010986504896368654,0.004697574155538842,-0.0005427253047213254
2018-10-20,0.0036780351074070516,0.00835924073190153,0.0
2018-10-21,-0.0035675956154294086,-0.0022067398788095938,0.0
2018-10-22,0.0007419612420545008,-0.005743151889344711,-0.004488353618871788
2018-10-23,-0.0017633686739695342,0.00010686962761763397,-0.005091119682519629
2018-10-24,0.0009092941085742101,-0.004551177832036735,-0.030298366116964348
2018-10-25,-0.0016271344478574479,-0.004179069078787956,0.017940355596651525
2018-10-26,0.0034694099557472935,0.0067283452764475005,-0.01758725253376603
2018-10-27,0.0008695556207505284,0.00433283543381946,0.0
2018-10-28,-0.0009050958735438153,0.003819682378841671,0.0
2018-10-29,-0.02121659435435108,-0.0370861785326293,-0.005540305123365008
2018-10-30,-0.000736801181137059,0.0005695286275630984,0.01481862385392696
2018-10-31,0.0006845678495013274,0.0024346357079747527,0.010680594137359334
2018-11-01,0.004072177669482979,0.0021125610499717062,0.01064216729457823
2018-11-02,0.004102807552928134,0.011313858301079449,-0.005923066945251243
2018-11-03,-0.004254630017988759,-0.0022378979154996648,0.0
2018-11-04,0.0007447404243230427,0.03481901432474066,0.0
2018-11-05,0.0076609672409586604,0.008570091158831783,0.005516901448203715
2018-11-06,0.0073862118090046724,0.045750970398382496,0.006327732450715606
2018-11-07,0.010456167015792994,-0.006048469513763366,0.021409240892862114
2018-11-08,-0.009827730321827488,-0.02094711474457145,-0.0018149693982012494
2018-11-09,-0.0054311682681355,-0.005040574452862989,-0.009768512466404977
2018-11-10,0.003636538729982375,0.011645666263850885,0.0
2018-11-11,-0.0010346038128223878,-0.006959631399071076,0.0
2018-11-12,-0.0027706133273670552,-0.0008877067877447464,-0.018684905149954578
2018-11-13,-0.0029383020247090164,-0.018143558133688398,-0.0018711066990900749
2018-11-14,-0.09570506052701155,-0.12103755721675225,-0.006836747693976686
2018-11-15,-0.021689369539547698,-0.009283114951151195,0.01043655004160371
2018-11-16,-0.014760793408148842,-0.03302512640844235,0.0026006361362405084
2018-11-17,-0.003877878853151717,-0.006784975841950924,0.0
2018-11-18,0.012591490470227562,0.017752216934410647,0.0
2018-11-19,-0.1321988223695636,-0.15603077876681637,-0.01691430607496114
2018-11-20,-0.07684145928060171,-0.11737954572315279,-0.018506560761690327
2018-11-21,0.027844295484346082,0.042808307910903176,0.003407881794471601
2018-11-22,-0.05419041247905565,-0.07591037629274855,0.0
2018-11-23,-0.0008609339802518878,-0.023539106582871727,-0.006678844184486277
2018-11-24,-0.10698680432660723,-0.07919933922167055,0.0
2018-11-25,0.032228164602671416,0.024986170072768488,0.0
2018-11-26,-0.05559356629909373,-0.06773907631026965,0.016144203078690023
2018-11-27,0.014060863407042712,0.01853047128207863,0.0033643758831796156
2018-11-28,0.11268180100548042,0.11135745973267697,0.023025163394507997
2018-11-29,0.005066093338795596,-0.03995051176612896,-0.002184795420208885
2018-11-30,-0.060217039662757155,-0.03624915136084905,0.006095123727123841
2018-12-01,0.04971585803136547,0.04885856363647623,0.0
2018-12-02,-0.02073804011784286,-0.021925789264278128,0.0
2018-12-03,-0.06341783825012215,-0.06816519562303813,0.013241776197408184
2018-12-04,0.020748142725196317,0.016446710291763367,-0.032402501196968636
2018-12-05,-0.04354067212760926,-0.06263227560189444,0.0
2018-12-06,-0.060189743866701506,-0.10279139808519566,-0.001517517944577329
2018-12-07,-0.03376753193691495,0.011439703354397146,-0.023235554732718544
2018-12-08,0.01642648310549455,-0.012164949238238965,0.0
2018-12-09,0.039769807624792985,0.032397102904117014,0.0
2018-12-10,-0.02566472368449202,-0.031151043619212837,0.0018969739894936222
2018-12-11,-0.023350185556221703,-0.030942294812062898,0.0002272651560630834
2018-12-12,0.015928028607839817,0.016245500208366792,0.005035095372987186
2018-12-13,-0.04977794960145043,-0.0448359166728326,-0.00033882436917676007
2018-12-14,-0.019014267875518964,-0.023321086802004398,-0.018464813127860746
2018-12-15,-0.0017650714338035556,0.0015718036572056615,0.0
2018-12-16,0.005018163226016226,0.009777470232318564,0.0
2018-12-17,0.09244179082515469,0.1181952411021796,-0.019618434981768962
2018-12-18,0.04601854313882314,0.06657742092768726,-0.0010964568152936893
2018-12-19,0.014556509492063663,0.0025893993604757526,-0.014975676033368357
2018-12-20,0.10577775868794004,0.14976093478597075,-0.016277952843996246
2018-12-21,-0.050489907635014375,-0.05078001070242488,-0.02048959019167418
2018-12-22,0.030344327250198866,0.06649259662695672,0.0
2018-12-23,-0.004159179306314598,0.11953574244575571,0.0
2018-12-24,0.020888678244977754,0.07347002069284314,-0.026422861650518437
2018-12-25,-0.0660958962849788,-0.07568442573215939,0.0
2018-12-26,0.009988404894564207,0.014593735926687446,0.050524753010589896
2018-12-27,-0.049273546173800975,-0.1129494379699798,0.007677284013124508
2018-12-28,0.07480677687735415,0.18205033042627905,-0.0012898135484977757
2018-12-29,-0.026379162126496936,0.0026976448410978016,0.0
2018-12-30,0.011327451445745318,0.012745163777377444,0.0
2018-12-31,-0.03059270498547062,-0.04514290353152983,0.008758761646546764
2019-01-01,0.025493400610280492,0.0543841106288947,0.0
2019-01-02,0.026623099413868978,0.10171939115254114,0.0010403090128638937
2019-01-03,-0.03808444520767573,-0.049043535501026025,-0.023862820024580622
2019-01-04,-0.0023100769163376667,0.02850600689720717,0.03349593653626082
2019-01-05,-0.003379694523534149,0.006700804973300389,0.0
2019-01-06,0.05979897841865012,0.013168800843246675,0.0
2019-01-07,-0.01792228786609318,-0.0435127069971617,0.007884577411611415
2019-01-08,-0.0024450219009265473,-0.012627492415546615,0.009395270643220766
2019-01-09,-0.0015264658283176136,0.0003144901509422038,0.0046736095948867185
2019-01-10,-0.0863607767129364,-0.1452383545411503,0.0035274932265991765
2019-01-11,0.004505660495384145,-0.006184342711200941,0.0003862603955735455
2019-01-12,-0.0072855389576341745,-0.012617315310177069,0.0
2019-01-13,-0.029462590905718677,-0.07186870784705524,0.0
2019-01-14,0.04385799183329153,0.1049282324847014,-0.006100962835142276
2019-01-15,-0.021583615448587334,-0.05571508273539583,0.01146062750223309
2019-01-16,0.006684230163962912,0.012391842467641911,0.0024200716827247337
2019-01-17,0.0080026145131471,0.0031271002564641215,0.007586882591460675
2019-01-18,-0.0071492207437340305,-0.023565788289879652,0.013309869257793538
2019-01-19,0.019336253530036318,0.02899554387956438,0.0
2019-01-20,-0.03340904182361637,-0.03971351423280367,0.0
2019-01-21,-0.004999276140941311,-0.01747929914592583,0.0
2019-01-22,0.012587888654604695,0.018200051498122205,-0.013510379479739432
2019-01-23,-0.00655256813964078,-0.012054169406126691,0.002092233585169412
2019-01-24,0.004934540754337746,-0.0002231614519554448,0.0005315033246573453
2019-01-25,-0.010245295119389097,-0.018248397324620136,0.008461407912753405
2019-01-26,0.0006380117268136587,0.0008380188353860341,0.0
2019-01-27,-0.004633276146827403,-0.02598012343093481,0.0
2019-01-28,-0.028806099712788025,-0.05731403433149718,-0.0076002038313729425
2019-01-29,-0.0057737268164265165,-0.008644857164908704,-0.00132705910784503
2019-01-30,0.0013536961849478502,0.021458812953380813,0.01583059147149113
2019-01-31,-0.009124297412688387,-0.017927309416538417,0.0087825293940067
2019-02-01,0.0063424603820725345,0.002756593828664222,0.00048150133658464433
2019-02-02,0.009494286724637702,0.02621025815051925,0.0
2019-02-03,-0.016216790159998773,-0.026616208619280046,0.0
2019-02-04,-1.6894307597548064e-05,0.004452201013868562,0.007035819600633264
2019-02-05,0.0027913741588483365,-0.0028016728691713233,0.004191811011769131
2019-02-06,-0.0085175709373706,-0.016895889014291288,-0.0013184062621447445
2019-02-07,0.003121279552528833,0.0036531449169221464,-0.009532732308054959
2019-02-08,0.07579497425584947,0.13793144660494483,0.0012216353193130747
2019-02-09,0.0011702157427313509,0.0013316479924394553,0.0
2019-02-10,0.005087914535056859,0.0449234781808745,0.0
2019-02-11,-0.00925221879329663,-0.02607963325530127,0.0005545941908526864
2019-02-12,-0.0042075606519993425,0.00484644493019637,0.012859365933922895
2019-02-13,-0.003491801983590781,0.002242623184067538,0.0032467133708047324
2019-02-14,-0.0014516349775193227,-0.006777130421711353,-0.0022179634120316205
2019-02-15,-0.0028057619035484205,0.0019396904587156705,0.01089707454635036
2019-02-16,0.0024436741855988764,0.009463052731995436,0.0
2019-02-17,0.011843474627560635,0.08356426722844734,0.0
2019-02-18,0.06542106168111506,0.09313194846373674,0.0
2019-02-19,0.00609620066173755,-0.007041052685983762,0.0017307729018953832
2019-02-20,0.010397326088837477,0.025946224981768573,0.0020153403560443373
2019-02-21,-0.007196236815494861,-0.018710607753747333,-0.0035558600142838737
2019-02-22,0.005947683535254988,0.013162792797685174,0.00620003498972288
2019-02-23,0.033966702266429616,0.06483707427786833,0.0
2019-02-24,-0.08025237822917375,-0.1445582952157458,0.0
2019-02-25,0.02313896218684275,0.03343927185774276,0.0013612693124251951
2019-02-26,-0.008905170373983196,-0.013993824202040317,-0.0007153561547684761
2019-02-27,-0.0022970810682644283,-0.015639649397350297,-0.000429884338219666
2019-02-28,0.0024279483445863725,0.0060194122271159944,-0.0018624214751047363
2019-03-01,0.011174436789642694,0.007682221365214126,0.006243875800660659
2019-03-02,0.001431014972989697,-0.016216542210449436,0.0
2019-03-03,-0.005465793986771494,-0.015580381346052663,0.0
2019-03-04,-0.0200940322097245,-0.03170449139868525,-0.0036373911625541266
2019-03-05,0.03885119686817684,0.08177535996268626,-0.0013600630558727733
2019-03-06,0.008709153903014188,0.013817185078856431,-0.006056924945144315
2019-03-07,0.0021322519081128366,-0.00523977274335119,-0.008365305821438795
2019-03-08,-0.004933658499175819,-0.023307755740981317,-0.0020004130003962173
2019-03-09,0.016089468041729615,0.02115510268194809,0.0
2019-03-10,-0.002754910234242236,-0.008546585100252857,0.0
2019-03-11,-0.013432677634060863,-0.0230664282169325,0.014501615896279851
2019-03-12,-0.0017227717042821444,0.001810768095553028,0.0037707938181703593
2019-03-13,-0.005207339940865752,-0.013321483858701355,0.006619328650294021
2019-03-14,0.006527646302961543,0.005372656991079694,-0.000640196743096122
2019-03-15,0.01063866144136516,0.03112084722082109,0.004940560805064775
2019-03-16,0.022170371429806934,0.03418066982431767,0.0
2019-03-17,-0.005805037582744088,-0.01683893912515111,0.0
2019-03-18,0.001509305444018727,-0.004767997456589068,0.0036258498908923187
2019-03-19,0.00868451392103986,0.007305315124819467,0.00024828712013258425
2019-03-20,0.0012633010198745964,-0.0015397888378061442,-0.0030100769886682865
2019-03-21,-0.008402931561220739,-0.023052230106095695,0.011294859230165155
2019-03-22,0.002690556863326643,0.00803326814017713,-0.0192461512488884
2019-03-23,0.0028721887314844263,0.007640591153252885,0.0
2019-03-24,-0.003087249411134807,-0.00876831629296726,0.0
2019-03-25,-0.01696807395740818,-0.016554019661585206,-0.0007522320126712723
2019-03-26,0.004502794930216325,0.002130964151815684,0.007453922340454389
2019-03-27,0.027967875234125472,0.04321889007094182,-0.005228862096558262
2019-03-28,-0.002839608571044483,-0.009603728482617369,0.003790231078702355
2019-03-29,0.0009735602198541748,0.015787811063176393,0.0063059991171601215
2019-03-30,0.00202394245927473,-0.0028380378082047963,0.0
2019-03-31,-0.0003417488885812947,-0.004107766095199139,0.0
2019-04-01,0.01015930122896136,-0.0004336740422217211,0.011858796767353574
2019-04-02,0.176291903229306,0.15873247268239865,0.0004897864326094403
2019-04-03,0.01906822489892379,-0.015283842642491385,0.0015737111088103273
2019-04-04,-0.008448519853491931,-0.019464609051661808,0.0026535817944273177
2019-04-05,0.02496838629912923,0.04909204607865436,0.004839884533412553
2019-04-06,0.004593542311224885,0.0026122065682447904,0.0
2019-04-07,0.026188028984391876,0.05040024165637624,0.0
2019-04-08,0.012911552170112195,0.02817772897162718,0.0007623730662269512
2019-04-09,-0.014702995850757627,-0.021669619183223632,-0.0051244558189045275
2019-04-10,0.02210589335680435,0.006086562626527403,0.003410725654129809
2019-04-11,-0.044656527965191484,-0.06266094270891742,-0.00027774009532899324
2019-04-12,0.001620358943556166,-0.0078909731768384,0.00676602480790045
2019-04-13,0.0014583021561200837,-0.0012800664178590493,0.0
2019-04-14,0.01380779749914307,0.020061414551701517,0.0
2019-04-15,-0.016781839837908152,-0.034684729864448816,-0.0006548737536676841
2019-04-16,0.032431001866924936,0.03662327230490536,0.000655302894333909
2019-04-17,0.002367735576495722,-0.004768281250574713,-0.002446634348261867
2019-04-18,0.01142091129662326,0.04376898497387249,0.001968857877392427
2019-04-19,0.0022164821881980323,0.0005828045947697813,0.0
2019-04-20,0.006424294032924438,0.0002465561462297039,0.0
2019-04-21,-0.005782531775969213,-0.022705494133429927,0.0
2019-04-22,0.013331707356262212,0.008133478590788057,0.0008623976839192693
2019-04-23,0.038538233714883185,0.00379704640612033,0.008991380204712573
2019-04-24,-0.014596797535031625,-0.028160182459469163,-0.0022191879071911114
2019-04-25,-0.04756253622276296,-0.06954190230608692,-0.0006161151043645452
2019-04-26,0.011921245532400704,0.010933406600381002,0.004656872413345559
2019-04-27,-0.0020944108990158528,0.013353899393428348,0.0
2019-04-28,0.0030824630817318788,-0.007308819179229875,0.0
2019-04-29,-0.007585429162087376,-0.013739912738917281,0.001567559171225641
2019-04-30,0.014897732656046214,0.0399497867471208,0.0005105449775337778
2019-05-01,0.013388423602319843,-0.004700482730632061,-0.007516441894422465
2019-05-02,0.021186639556274756,0.010286422567441944,-0.002158987253398359
2019-05-03,0.044422195327202596,0.03264468529885822,0.009787769886125286
2019-05-04,0.010900658920615536,-0.02337464259408939,0.0
2019-05-05,-0.0026868293100328344,-0.00010801690523465357,0.0
2019-05-06,-0.010117778308629921,0.054511467971121386,-0.004115474794707419
2019-05-07,0.016053429135627573,-0.01492031629298951,-0.01669914742467915
2019-05-08,0.02638755037809215,0.006916290485000864,-0.0013892665093997447
2019-05-09,0.031498297681560095,-0.004440442736527106,-0.003025960891075097
2019-05-10,0.0290269740895861,0.012756761058740018,0.005023400782047327
2019-05-11,0.12947828137544937,0.12222058468621144,0.0
2019-05-12,-0.030325608976969676,-0.03399451739106507,0.0
2019-05-13,0.12418966694364308,0.0539658153185445,-0.025130364944676686
2019-05-14,0.021555183788362964,0.10161326329302978,0.009043285821131564
2019-05-15,0.024913534563306028,0.13656840745362775,0.0058580640468197664
2019-05-16,-0.037547132472962375,0.06985424713767485,0.009261239680027344
2019-05-17,-0.06820839070501883,-0.0762824416233665,-0.006465283829578006
2019-05-18,-0.009897724142493125,-0.0376156561797627,0.0
2019-05-19,0.12575635148776332,0.11215874355194155,0.0
2019-05-20,-0.028278849564138064,-0.03758443525429145,-0.006612003260100474
2019-05-21,-0.0035740766771077404,0.01158449787560234,0.009015814777613151
2019-05-22,-0.03336477936213478,-0.03901512745728408,-0.003071534720981206
2019-05-23,0.02917513037574282,0.008019050640719172,-0.012218914203194875
2019-05-24,0.01060916950274593,0.01152646196460938,0.0022686826048325948
2019-05-25,0.008232156457379292,0.009191198895173391,0.0
2019-05-26,0.07683735999927799,0.06057413244032217,0.0
2019-05-27,0.01566191721015664,0.02207121978976745,0.0
2019-05-28,-0.006083399058996686,-0.00032588589200366336,-0.009300770906900846
2019-05-29,-0.005072631980255093,-0.006651288318226922,-0.006710646397433573
2019-05-30,-0.038567698395817085,-0.049770792952217424,0.0027314822072341816
2019-05-31,0.03108592699522661,0.04833446117535045,-0.013475521834826587
2019-06-01,-0.001222841710055822,-0.010153517981602467,0.0
2019-06-02,0.020179973686027086,0.017502961680750717,0.0
2019-06-03,-0.06647834735470382,-0.07057704748512472,-0.002542878959940431
2019-06-04,-0.06462787401294678,-0.04824369521938843,0.021706624659860285
2019-06-05,0.017342702438202018,0.025920892318526567,0.00866211206735068
2019-06-06,-0.0051694704117637436,0.004872428038081411,0.0065027565049589064
2019-06-07,0.02306458645092735,0.0006450964654154401,0.010006914453099425
2019-06-08,-0.01116658299892126,-0.020692113990291805,0.0
2019-06-09,-0.03470886835311515,-0.052720448299812706,0.0
2019-06-10,0.04025048584378399,0.06155086524098263,0.004589336905810315
2019-06-11,-0.007806583141969359,-0.005750156388117711,-0.00024258178829750232
2019-06-12,0.03167801501294676,0.06582308609994536,-0.0017652952514607412
2019-06-13,0.00989432858153716,-0.018679710530359883,0.004126462141567089
2019-06-14,0.06432206092098447,0.03880002681504324,-0.0011048480822254403
2019-06-15,0.016625872862507274,0.01867510595357813,0.0
2019-06-16,0.01616878011762224,-0.0007116386237409067,0.0
2019-06-17,0.03639854451808722,0.01921347194852885,0.0003798695237855476
2019-06-18,-0.028405949716993506,-0.03667864153462097,0.010471198093783718
2019-06-19,0.013318461964721973,0.00876364158863363,0.002257391473845738
2019-06-20,0.020744795987738707,0.00191571682347913,0.009554402958723562
2019-06-21,0.06840529230480308,0.08911728138257335,-0.0014538162020637513
2019-06-22,0.05491949889729697,0.049065907916857165,0.0
2019-06-23,0.012097941106446575,-0.007237369419707984,0.0
2019-06-24,0.01307213014547881,0.0071696762039563655,-0.0012246984774333391
2019-06-25,0.07038052844236731,0.02438871447643276,-0.009807889212965826
2019-06-26,0.09913751795332004,0.05396567339377589,-0.0009972712813079987
2019-06-27,-0.14266712787337021,-0.12800351265575383,0.003545866840668932
2019-06-28,0.11061322094781656,0.0586898676724088,0.00514596625038255
2019-06-29,-0.03610452281993981,0.028380685968689034,0.0
2019-06-30,-0.09666518381735245,-0.09290420355828222,0.0
2019-07-01,-0.018341436610242345,0.013530984672619928,0.009078437355521496
2019-07-02,0.017956193693266398,-0.009584290413343854,0.0026042419585567966
2019-07-03,0.10373085381753211,0.036050207827877045,0.007994969924718598
2019-07-04,-0.06292330993188278,-0.06185923773700186,0.0
2019-07-05,-0.018696222055619605,0.014727217299770778,-0.001137823626792045
2019-07-06,0.020958339934547654,-0.0015639366004661648,0.0
2019-07-07,0.021175119323039837,0.06267208406370672,0.0
2019-07-08,0.07507812036846628,0.02675168902386771,-0.0054944388448143755
2019-07-09,0.025368280395216214,-0.012083879392145613,0.001245927611289499
2019-07-10,-0.0371613562646399,-0.0649781344536361,0.004778309214877208
2019-07-11,-0.06599605132187814,-0.073803190204908,0.002344339105289306
2019-07-12,0.03795775429471071,0.025904452319323257,0.0044766755025689164
2019-07-13,-0.035850388233426234,-0.02467778737376325,0.0
2019-07-14,-0.10002008333763379,-0.1556844547362285,0.0
2019-07-15,0.06336951214844433,0.010667080892938774,0.00033271284172342597
2019-07-16,-0.12758834061951874,-0.13061531381999258,-0.0032250373648009534
2019-07-17,0.020267245760826835,0.05909500359543696,-0.006805069360694027
2019-07-18,0.0995741912431185,0.07056494292866522,0.0036608203502654924
2019-07-19,-0.01143715652507693,-0.02181976823730769,-0.005554942315829536
2019-07-20,0.022449286620062514,0.03517685013726135,0.0
2019-07-21,-0.016147347278061552,-0.015766849356919632,0.0
2019-07-22,-0.018616808039835564,-0.03029948252042991,0.00245654624961289
2019-07-23,-0.04182073435694089,-0.021241673289286056,0.007150153792278902
2019-07-24,-0.00883373196898285,0.020441066182851797,0.0046993347525190465
2019-07-25,0.01155428283586768,0.013221747492800695,-0.0047765506858507
2019-07-26,-0.002956750016918419,0.0012921038391997541,0.0066996219038537586
2019-07-27,-0.03977850475618927,-0.05564493194734965,0.0
2019-07-28,0.007355098944393568,0.017632960982806978,0.0
2019-07-29,-0.003860664603743791,5.332562635396165e-05,-0.0018212356431177579
2019-07-30,0.00795821613152925,-0.004827357615826422,-0.00245472519309764
2019-07-31,0.05359877322771722,0.04240926848656135,-0.010940179705566488
2019-08-01,0.03256906549619809,-0.0024848307292355543,-0.008707890084160952
2019-08-02,0.011711975146037279,0.000603192967887578,-0.007529747716443436
2019-08-03,0.028859717099084525,0.021199480988199237,0.0
2019-08-04,0.012527519384316621,-0.0003695045919843709,0.0
2019-08-05,0.07707517716304224,0.05274564711443741,-0.030073131943828657
2019-08-06,-0.022801964797083074,-0.030085682020382754,0.014023034636758469
2019-08-07,0.04265914158230477,0.003806772977625217,0.000590423079077862
2019-08-08,-0.004028098635948774,-0.029985951158806645,0.019620536228769803
2019-08-09,-0.006837106283608896,-0.045571750125469324,-0.006811632441057425
2019-08-10,-0.042899366662441096,-0.01784117377893535,0.0
2019-08-11,0.012306118859903403,0.0425665662967627,0.0
2019-08-12,-0.010972099726639817,-0.02098714008459035,-0.012173474628603298
2019-08-13,-0.04434728804930965,-0.013838329741087674,0.015551660845742221
2019-08-14,-0.07065879789639806,-0.09929153037604888,-0.02956755793614463
2019-08-15,0.0262743493301123,0.010568691797687046,0.002641743850857914
2019-08-16,0.002905401503788596,-0.01935737784632685,0.014755281814541776
2019-08-17,-0.0137450063603759,0.0013352213122197476,0.0
2019-08-18,0.010547343303068946,0.04680048160353589,0.0
2019-08-19,0.06013482406798798,0.0491738407788227,0.01204731327900399
2019-08-20,-0.014897615884848836,-0.033017337678367564,-0.0076624037999651895
2019-08-21,-0.06018556239190376,-0.05133421048551623,0.00813572859919387
2019-08-22,-0.0002611705121602359,0.02420305112434984,-0.0003077686657110279
2019-08-23,0.028879750568119977,0.019162961808987466,-0.02568738963927808
2019-08-24,-0.023828334457693612,-0.017547709250826493,0.0
2019-08-25,-0.0020910818240621465,-0.023229295873745004,0.0
2019-08-26,0.018145878586381725,0.006457444111714006,0.011058245080536766
2019-08-27,-0.015396445139941428,-0.0049783351920580365,-0.003923603965669598
2019-08-28,-0.04079152864713265,-0.07118667320781447,0.007041438006120115
2019-08-29,-0.026715616130994158,-0.026827819846547696,0.012772855520815085
2019-08-30,0.013357455416530994,3.0694656669938425e-05,-0.0004439754535996432
2019-08-31,0.005164085577364919,0.02334063884393278,0.0
2019-09-01,0.00986273925771064,-0.008168732454049477,0.0
2019-09-02,0.0616348402371274,0.04041155084177883,0.0
2019-09-03,0.027208501800335627,0.006908227711652337,-0.005847490023309088
2019-09-04,-0.011291662402964198,-0.02794782337179036,0.011350304868944283
2019-09-05,-0.0014159993922570058,-0.00971944312769113,0.012855478866644843
2019-09-06,-0.025385240901061756,-0.02881390355597624,0.0007723759113715811
2019-09-07,0.015835708286161987,0.04887400726738944,0.0
2019-09-08,-0.007381742284901294,0.017188855480664067,0.0
2019-09-09,-0.010156061297859176,-0.0011111495152232864,0.0005034226781119866
2019-09-10,-0.022841525851666655,-0.009194769613326437,-0.00023505968616210904
2019-09-11,0.009074689341127984,-0.0030335467288717943,0.0071110185593514785
2019-09-12,0.024894728428123347,0.014921023315353388,0.0034639742657056605
2019-09-13,0.001078671986022961,0.0063895266705142895,-0.0006640119539953471
2019-09-14,-0.00024113295610206364,0.03862733451201339,0.0
2019-09-15,-0.006599343605473762,0.003293203845570636,0.0
2019-09-16,-0.00493206212425934,0.04059988802774739,-0.003088794233508274
2019-09-17,-0.0033669405435057254,0.05841471415253974,0.0025323654169233656
2019-09-18,-8.705550209497925e-05,0.017533456160394367,0.0005977661858618255
2019-09-19,0.0037013691659724124,0.043673051343326774,-6.646537788401741e-05
2019-09-20,-0.007840717836469002,-0.014186513767146192,-0.004724699808707267
2019-09-21,-0.01590356333277143,-0.011620459251152182,0.0
2019-09-22,0.005490982773855624,-0.018001383613152067,0.0
2019-09-23,-0.034355496440943045,-0.04597536573870986,-0.00023469955771793227
2019-09-24,-0.11539009936957456,-0.16878773955371873,-0.0078469372797777
2019-09-25,-0.014197232589384434,0.017888045941681474,0.0059152832197006955
2019-09-26,-0.04250846375015516,-0.023503371126867623,-0.002083568777502154
2019-09-27,0.014234841576421742,0.04568825096897067,-0.0053873121389621526
2019-09-28,-0.0008370934171946232,-0.0009088768067316844,0.0
2019-09-29,-0.017477326459010123,-0.023598362652312854,0.0
2019-09-30,0.023869342731001053,0.055425581390160295,0.00463786673944222
2019-10-01,0.004090120824070009,-0.01590541625086006,-0.0118948687489705
2019-10-02,0.01438386561717575,0.027531810358968123,-0.017664454115159156
2019-10-03,-0.015265381086769225,-0.02991893582933458,0.008192583456043456
2019-10-04,-0.008721989080139214,0.007977488233982033,0.013532205829517752
2019-10-05,-0.006022702751910747,-0.002966100267456917,0.0
2019-10-06,-0.020726624833156015,-0.019358449774957376,0.0
2019-10-07,0.03196184180643957,0.046688898244810595,-0.004314664793022227
2019-10-08,-0.0005291697714439048,0.006132935426862218,-0.015524663421854101
2019-10-09,0.04579073936472766,0.06314124648120001,0.009496358981197162
2019-10-10,-0.004869674001669599,-0.012214880000681827,0.006763312253043274
2019-10-11,-0.03721789751886673,-0.05370673488829103,0.01036715337337868
2019-10-12,0.0021152455921567004,-0.009214148625924956,0.0
2019-10-13,-0.0020829256340547664,0.006684872149024468,0.0
2019-10-14,0.008295400015965626,0.028715178257663787,-0.0011138452313740332
2019-10-15,-0.021808972000914806,-0.031287068277117025,0.009900373886843283
2019-10-16,-0.019311451252019496,-0.029800607145544,-0.0016062172116549922
2019-10-17,0.001855376064270109,0.006273309558819884,0.0029492267589044108
2019-10-18,-0.016859552622736196,-0.0254791332929325,-0.0043770487800445235
2019-10-19,0.0019255935427253679,-0.0040796281715488325,0.0
2019-10-20,0.029807823762145302,0.015728349880238524,0.0
2019-10-21,-0.0008686078869777347,-0.006973947752543452,0.006779099955105394
2019-10-22,-0.019616830397456875,-0.014515338575594394,-0.0032666190970637166
2019-10-23,-0.07115550760525746,-0.05886088641158649,0.00290961901767961
2019-10-24,-0.002971416257796622,-0.001595128881555441,0.0016337971122861727
2019-10-25,0.15460528021035658,0.1182274065622888,0.004094993813962056
2019-10-26,0.06755225697136646,-0.009214165857946321,0.0
2019-10-27,0.03347451804531176,0.02479680155107178,0.0
2019-10-28,-0.03159140045136721,-0.009234835604851055,0.005636391094402393
2019-10-29,0.021367600452838476,0.044943903620557224,-0.00029638496159867245
2019-10-30,-0.018049656612969533,-0.02422616714580239,0.003067184221218433
2019-10-31,-0.0004917541142407389,-0.003751999780113646,-0.0026634975759508572
2019-11-01,0.005898954506367016,-0.000766768759725589,0.009263918208489708
2019-11-02,0.0068994838410305626,-0.0002097892532051393,0.0
2019-11-03,-0.010884893028283216,-0.009462547503308771,0.0
2019-11-04,0.020115507433404067,0.022468364844524302,0.0040177040131152975
2019-11-05,-0.007341688795884482,0.015931095303189702,-0.0011061168729883386
2019-11-06,0.004491820357382714,0.01464812494527079,0.00022811956769230868
2019-11-07,-0.010944178676335015,-0.019846467520953648,0.0035165211518246586
2019-11-08,-0.046071521983783614,-0.01605502000962311,0.0024662784228897117
2019-11-09,0.0009882463582626677,0.0044364422119351765,0.0
2019-11-10,0.027396887341407217,0.023988320994590584,0.0
2019-11-11,-0.032186726076791516,-0.02034450023647616,-0.0019098010532095921
2019-11-12,0.006673740932586547,0.0073637971602835695,0.002108025712719286
2019-11-13,0.0003358307098564328,0.008760103908820982,0.00032396169736070846
2019-11-14,-0.011556963382899355,-0.012184895714996924,0.0014556282745967764
2019-11-15,-0.026930075647421114,-0.03155777167118712,0.007236086261288355
2019-11-16,0.006920409506632641,0.01566116493955083,0.0
2019-11-17,0.0033338467201020627,0.009810506125633722,0.0
2019-11-18,-0.03249899787452981,-0.02581460083038367,0.0007378023421749091
2019-11-19,-0.007547723198419343,-0.01235001185009399,-0.00028842266914486103
2019-11-20,-0.019457982897166937,-0.0075337751055922775,-0.003718805502214706
2019-11-21,-0.049663446138534684,-0.08272367078659848,-0.0016089721915706345
2019-11-22,-0.043937614164785255,-0.06800967349774567,0.0022237125600130803
2019-11-23,0.014188574866493608,0.02127863464639579,0.0
2019-11-24,-0.04763746729627183,-0.0693167050978164,0.0
2019-11-25,0.014288599067099117,0.02585393990467466,0.00775021941517684
2019-11-26,0.007653663974739988,0.014517549605836955,0.0022660295958520926
2019-11-27,0.04464279251426917,0.02837870361808026,0.004457112102005389
2019-11-28,-0.009658146091512276,-0.009006248033908149,0.0
2019-11-29,0.040175318147726236,0.023863414044469122,-0.003708373217128247
2019-11-30,-0.024688569682412176,-0.017800273505517605,0.0
2019-12-01,-0.01892467595088909,-0.008597818592090634,0.0
2019-12-02,-0.012193184011028979,-0.012480010331952118,-0.008494940649115934
2019-12-03,-0.001303519472506065,-0.008442333989164386,-0.006706268481373345
2019-12-04,-0.016671900597270306,-0.015544918607172664,0.00616999024883258
2019-12-05,0.02576600768648607,0.015758775777709122,0.0017981426335076378
2019-12-06,0.019315408118256494,0.005618593871158151,0.009133812291062027
2019-12-07,0.0012244874850233511,-0.00285725307748963,0.0
2019-12-08,0.0007595914137212834,0.01646322501742281,0.0
2019-12-09,-0.022599762816376767,-0.021088107686597413,-0.003143933264301846
2019-12-10,-0.01686913408560431,-0.013490767089085143,-0.001115174214875947
2019-12-11,-0.01291724832033092,-0.022712191999697318,0.0028388337644336126
2019-12-12,0.0019954821249357213,0.01231660853562122,0.008619000792334575
2019-12-13,0.00491398577262836,-0.0032895806177114517,0.0005990108797335747
2019-12-14,-0.019947244612790405,-0.014319376559658203,0.0
2019-12-15,0.004999058578287752,0.002839156220418637,0.0
2019-12-16,-0.03222019339800508,-0.06781809159599117,0.006870147451642605
2019-12-17,-0.042410232252930724,-0.08268490423040775,0.00021900721533207879
2019-12-18,0.09209095600628214,0.08185318019542187,6.254487255263896e-05
2019-12-19,-0.009437520580749093,-0.02762143714031129,0.0040988865516364825
2019-12-20,0.004011981503791118,-0.00018546716013101427,0.004384536061784905
2019-12-21,-0.0038654849512160805,-0.007279160522245753,0.0
2019-12-22,0.04446759507441089,0.03301302950921303,0.0
2019-12-23,-0.020650935182588315,-0.02828188927758768,0.0015274640711027132
2019-12-24,-0.002939652009908311,0.00506958383248346,3.121801639283106e-05
2019-12-25,-0.007269725112189929,-0.021005527387619405,0.0
2019-12-26,-0.008465751828725443,-0.004244988737101885,0.005323229210716374
2019-12-27,0.00473242253713857,0.00442471600458938,-0.00024779704825395044
2019-12-28,0.003988497676115532,0.008872431699495475,0.0
2019-12-29,0.0136159921993253,0.04943875736101,0.0
2019-12-30,-0.01843269745994447,-0.016731798280331445,-0.005513051085275555
2019-12-31,-0.017805762309967776,-0.026927314113948664,0.0024292412390640727
2020-01-01,-0.0010490656051665992,0.007210838714722945,0.0
2020-01-02,-0.029560678794038897,-0.025671354432849403,0.009352043128072696
2020-01-03,0.05291326866520918,0.05453287211274427,-0.007571985890592714
2020-01-04,0.008954853012304476,0.006690340997300925,0.0
2020-01-05,-0.0008646024110965378,0.007977016932948056,0.0
2020-01-06,0.04619629166179773,0.05678875773348002,0.003814724672452696
2020-01-07,0.05397380513881567,-0.002238437289539985,-0.0028115940601536327
2020-01-08,-0.007703578104219955,-0.013374184933329092,0.005329249396566427
2020-01-09,-0.022933790040059132,-0.014198929680205197,0.0067806570283190926
2020-01-10,0.03552675486832335,0.034906104168300534,-0.0028775802465521583
2020-01-11,-0.015798105891235315,-0.007200873142211517,0.0
2020-01-12,0.020487324676379037,0.021827446919779225,0.0
2020-01-13,-0.0066556675486943995,-0.012048855395962677,0.006877168644213283
2020-01-14,0.08480015987467171,0.15157727317331404,-0.0015246163577018468
2020-01-15,-0.004360610565059986,-0.0003585832163212066,0.0022598938805102886
2020-01-16,-0.009366201117294692,-0.010983579289571721,0.008318451253266579
2020-01-17,0.025470246444251998,0.040835845251421476,0.003112674065066434
2020-01-18,0.0015423176868081256,0.02685161695310012,0.0
2020-01-19,-0.026590795562631886,-0.04801092323919276,0.0
2020-01-20,-0.007024857107434834,-0.0005494612726334447,0.0
2020-01-21,0.012516566667173823,0.01775305176398101,-0.0019583777214278175
2020-01-22,-0.0025743476749360283,-0.0034119992537283705,0.00012057162375400665
2020-01-23,-0.03233260602200083,-0.03260949744359043,0.0011471462894623308
2020-01-24,0.005991580519466799,0.002109358527323746,-0.008893284786712363
2020-01-25,-0.009186831507503213,-0.010838565022421531,0.0
2020-01-26,0.028409256335911737,0.04317900996702173,0.0
2020-01-27,0.03864635560198848,0.01917591883878189,-0.016029346517625997
2020-01-28,0.0483931578530985,0.029882235013551917,0.01047916945084082
2020-01-29,-0.0019586626273774277,-0.004966723772215409,-0.000826133152389219
2020-01-30,0.021777230333854147,0.05623857507711172,0.003245556078888434
2020-01-31,-0.014792884920365679,-0.022672325430973084,-0.018157964389956982
2020-02-01,0.004528784193989388,0.019503629138652556,0.0
2020-02-02,-0.004863211571616066,0.02722612495024923,0.0
2020-02-03,-0.0015174729588401936,0.010585235300661688,0.007428533507354063
2020-02-04,-0.012898480616037378,-0.004030339872368449,0.015241304432900726
2020-02-05,0.047186102433224075,0.07923688600786694,0.01154791739909089
2020-02-06,0.012265796678034846,0.039868771485176646,0.0033651714826905543
2020-02-07,0.008275479461554491,0.05045648369098443,-0.005329788094990517
2020-02-08,0.007061700535168081,0.0018877505154191176,0.0
2020-02-09,0.02568812444834867,0.02453151856529945,0.0
2020-02-10,-0.02499247465863963,-0.021402308197692288,0.007465282393720241
2020-02-11,0.033519922542354585,0.05296094251200811,0.0017331620906879674
2020-02-12,0.009121149812787444,0.12261914636839144,0.006442776446324405
2020-02-13,-0.010238893243146419,0.010735357273439439,-0.0010670369428207316
2020-02-14,0.008398854419952917,0.0588922982354636,0.001602018807712824
2020-02-15,-0.04098979723540108,-0.06857045666018446,0.0
2020-02-16,0.004122906046255759,-0.018678340912475888,0.0
2020-02-17,-0.02523834707632877,0.02420894960834219,0.0
2020-02-18,0.04807171207360339,0.05995354138926956,-0.002577109695054758
2020-02-19,-0.052583935300041684,-0.08103210205486366,0.004781480173261077
2020-02-20,0.0003224266728518721,-0.0040896864333807015,-0.00410835045636726
2020-02-21,0.005502635687911761,0.02699402279224805,-0.010298366248904012
2020-02-22,-0.00240125625518528,-0.012307535921125545,0.0
2020-02-23,0.02923969324062914,0.04577261944879796,0.0
2020-02-24,-0.025127674178688553,-0.028681757210687775,-0.03316547389383284
2020-02-25,-0.032478107697137326,-0.06609743107905075,-0.030302037890678313
2020-02-26,-0.05109854302944683,-0.08480329884518167,-0.0036781768868218156
2020-02-27,-0.0011713997293528733,0.007694054273888584,-0.04491186763105215
2020-02-28,-0.01209033902381662,0.0007037163947520853,-0.004201634246656205
2020-02-29,-0.008411270108259594,-0.03048137266752049,0.0
2020-03-01,-0.0011459883329112408,-0.0008292749606114702,0.0
2020-03-02,0.02697159675702898,0.04391648466492026,0.0433070270441116
2020-03-03,-0.004925653192260793,-0.022181945466018593,-0.02863278507658784
2020-03-04,-0.003432640249201979,0.000442206766210651,0.04203332336510779
2020-03-05,0.037899603813313476,0.022091322867118013,-0.03324183953270876
2020-03-06,0.006902688949064872,0.06438413376935515,-0.016531043241884924
2020-03-07,-0.022976649479331757,-0.022964644463085104,0.0
2020-03-08,-0.0765962896658322,-0.1438261088756394,0.0
2020-03-09,-0.020533753844056757,0.008748056117735326,-0.07809479945119313
2020-03-10,0.003824895402228634,-0.0004782848922824101,0.05174528375565113
2020-03-11,0.0033564740309084407,-0.026332425046404095,-0.048748724110054376
2020-03-12,-0.3640520888095421,-0.4164587390423051,-0.09567702063912131
2020-03-13,0.11120021524013124,0.17706783421811112,0.08548641170571414
2020-03-14,-0.061389111899430415,-0.07041294609514914,0.0
2020-03-15,0.030373090810988268,0.009073645787921913,0.0
2020-03-16,-0.057096554137495925,-0.10434494540972805,-0.10942388401843917
2020-03-17,0.05935911277706518,0.04722267861132168,0.05399224625907739
2020-03-18,0.018422271272440227,0.02395225238647769,-0.05063311755904787
2020-03-19,0.18531505845070262,0.19286339847318867,0.002125107690800654
2020-03-20,-0.008423803510768102,-0.03759976977878321,-0.04309424705473208
2020-03-21,-0.0022120346881077113,0.000614282414199252,0.0
2020-03-22,-0.051357649614233725,-0.06558958819165073,0.0
2020-03-23,0.10221868643003051,0.09567413745650821,-0.02556820989491171
2020-03-24,0.04679372713185437,0.025749426342072113,0.09060328652956429
2020-03-25,-0.023470038058082898,-0.033815330010202205,0.014970278157347527
2020-03-26,-0.007226769771488506,0.0032470319015369675,0.05838982362775691
2020-03-27,-0.03782553753548723,-0.03308016969120553,-0.02978576291527324
2020-03-28,-0.035110730247946975,-0.02196624964151095,0.0
2020-03-29,-0.04963202113382337,-0.03957307366295182,0.0
2020-03-30,0.0960420296569866,0.06832879455408758,0.03247558114717175
2020-03-31,-0.005775446864571543,-0.001987394118113106,-0.01490527923246121
2020-04-01,0.03153852227688625,0.02064595627349175,-0.04500494103797148
2020-04-02,0.02663219842595499,0.04546641684577457,0.023075435509182673
2020-04-03,-0.0035026976926240128,0.00585196866867399,-0.01445402517322647
2020-04-04,0.020576204359102013,0.022670593854963172,0.0
2020-04-05,-0.008533591514817473,-0.008928820199794685,0.0
2020-04-06,0.06001050155783205,0.16641758595111678,0.06716628932945712
2020-04-07,-0.01977257033136115,-0.030435760767433817,0.0010191984457583736
2020-04-08,0.02120840891641529,0.04488562512132743,0.033568862247863596
2020-04-09,-0.005532321598529233,-0.011787179883939958,0.015217161506652088
2020-04-10,-0.06218794747087475,-0.07493022925826309,0.0
2020-04-11,-0.0009337714447594792,-0.0012400136378719617,0.0
2020-04-12,0.017299488465970292,0.019467772284645912,0.0
2020-04-13,-0.024614282855728642,-0.03662896205387034,-0.009130385565288335
2020-04-14,0.00014180445813072318,0.00895397183304758,0.029493234460118867
2020-04-15,-0.012559584899832776,-0.01059567579692866,-0.02124832236311769
2020-04-16,0.06538324134102846,0.11672827215224313,0.004824438178878676
2020-04-17,-0.005707588955860765,-0.005823368103136772,0.027015183496123862
2020-04-18,0.02275597274740626,0.08899759118616068,0.0
2020-04-19,-0.00581167203255617,-0.024828066915040026,0.0
2020-04-20,-0.03770136516643263,-0.04628536457830379,-0.017617833513200787
2020-04-21,0.00440174864455134,0.0072092964934387105,-0.030363234820199647
2020-04-22,0.03403778853741701,0.05669156267979614,0.02219462196844124
2020-04-23,0.03515005771097002,0.004799761355017251,-7.202976567977082e-05
2020-04-24,0.018337055226452792,0.024783957905706755,0.013938822806905282
2020-04-25,0.0025208671423277984,0.03317720888106179,0.0
2020-04-26,0.015655737427335392,0.010345618817972024,0.0
2020-04-27,0.009682378374150202,-0.0057752421321505265,0.014418569328228825
2020-04-28,-0.002237732278966842,0.002312711745473317,-0.004598496630736082
2020-04-29,0.11856139405506405,0.08501113376299196,0.026178413922601784
2020-04-30,-0.010500665318303182,-0.03763564142208531,-0.00931067982260847
2020-05-01,0.04642981403004143,0.054665417933035476,-0.026473443654595474
2020-05-02,0.013968712025173247,0.0051642433328815684,0.0
2020-05-03,-0.019090480809622612,-0.02925770678998396,0.0
2020-05-04,-0.0019784198639007933,-0.01671149124858684,0.0027584981611179504
2020-05-05,0.007275407477905338,-0.009544568715887602,0.009239196675207006
2020-05-06,0.03841523660273616,-0.004612694178943499,-0.006778731607028465
2020-05-07,0.05913686707719079,0.026275285155043626,0.012066873328488992
2020-05-08,-0.0078116061740793885,0.006479298314709503,0.016546309459373187
2020-05-09,-0.025205072500135706,-0.006462018531574687,0.0
2020-05-10,-0.09322843078314624,-0.11449583160653432,0.0
2020-05-11,-0.010875176201078363,-0.007437742759578869,0.00020510331359813172
2020-05-12,0.027862046541617946,0.022563545830164955,-0.01993213454320597
2020-05-13,0.05357848394642262,0.05289903145246644,-0.017685317151828195
2020-05-14,0.04576286252981432,0.014719270188275235,0.011967194224161481
2020-05-15,-0.03641379564753666,-0.03082149030897674,0.004596498552357886
2020-05-16,0.0050444954591972735,0.0256451559585944,0.0
2020-05-17,0.030160161565623955,0.03113358671203037,0.0
2020-05-18,-0.004997847009629353,0.02446849992420952,0.03046006740050955
2020-05-19,8.174133383409554e-05,-0.005176679137526952,-0.0102711375306076
2020-05-20,-0.0235826437077028,-0.018131471761576923,0.0169880075208797
2020-05-21,-0.043410238912078625,-0.04569662365209004,-0.0069035295749932946
2020-05-22,0.01512444753697384,0.04057345675478241,0.0018986065727835122
2020-05-23,0.002908747005846868,0.007362167137878961,0.0
2020-05-24,-0.04669054991551547,-0.03152385013294723,0.0
2020-05-25,0.01235215085047936,0.013664487504349676,0.0
2020-05-26,-0.021502078078304288,-0.029960104113965436,0.012320573347395225
2020-05-27,0.03719190987967025,0.032520293998275385,0.014879205447537514
2020-05-28,0.038847176800774985,0.053873366289354685,-0.0018452618467563742
2020-05-29,-0.009221244140059981,0.0036677835094662825,0.004456122696023135
2020-05-30,0.02768156784443554,0.09820084490342817,0.0
2020-05-31,-0.024371638151817643,-0.046619860983701966,0.0
2020-06-01,0.059703684301537496,0.05447453800717561,0.004041726761047304
2020-06-02,-0.06795502088944083,-0.04495402597624654,0.00828027638446116
2020-06-03,0.01221414243812391,0.02822019976102874,0.013307995994743305
2020-06-04,0.015518684637492175,0.0016186629419914222,-0.0026267495758405257
2020-06-05,-0.019688244252478948,-0.01901696400996422,0.02562962158774096
2020-06-06,-0.0012263500784959191,0.0029405227524785804,0.0
2020-06-07,0.008879814987273082,0.0113558079862075,0.0
2020-06-08,-0.0006672812547158236,0.0026917517685589587,0.012087553695096176
2020-06-09,0.0064407379741893145,-0.0017467118591790731,-0.007456718410649654
2020-06-10,0.008075832785902293,0.010826986667429095,-0.00558019486175898
2020-06-11,-0.040933248293054114,-0.049124429634745836,-0.057648785630598276
2020-06-12,0.013575056941115493,0.021475614815358535,0.011975806580022619
2020-06-13,-0.0005871396852761279,0.005960715785173765,0.0
2020-06-14,-0.005668399895457199,-0.016436027792473107,0.0
2020-06-15,-0.0009381182167775837,-0.025436221887192745,0.009335684444685688
2020-06-16,0.009127966132816301,0.019402830658190595,0.01924747243277003
2020-06-17,-0.002806723516852294,-0.0026701924198936355,-0.004153655837353165
2020-06-18,-0.006028322707367528,-0.0027864336716315607,0.0003848033906761472
2020-06-19,-0.012012600876895374,-0.02024851607865985,-0.0057147739638815365
2020-06-20,0.0047720049791342145,0.009403852071650176,0.0
2020-06-21,-0.0025161119822461053,-0.0006791596572903735,0.0
2020-06-22,0.02839394542059992,0.050261239196919494,0.006414972542933661
2020-06-23,0.000999699797728848,0.009634611804046456,0.0046038100387415515
2020-06-24,-0.02556292178229369,-0.02703567816065644,-0.025508720960849773
2020-06-25,-0.005784000357797026,-0.012535346107260925,0.010720676719480737
2020-06-26,-0.007375577372761621,-0.010454082015453281,-0.02375156831568692
2020-06-27,-0.012826308981367496,-0.02920845383301862,0.0
2020-06-28,0.010184059909965404,0.010036452279474917,0.0
2020-06-29,0.0036575483424023947,0.011113256323508347,0.014697663984731602
2020-06-30,-0.011748700179647464,-0.014220269100239546,0.012809623841980367
2020-07-01,0.011153793014679447,0.022485075791447207,0.007004554521885975
2020-07-02,-0.012987287000738701,-0.009072326116825846,0.005507066384011994
2020-07-03,-0.005370516664937819,-0.018853616360617775,0.0
2020-07-04,0.004972210548721989,0.016358805355756623,0.0
2020-07-05,-0.006370276713728251,-0.00611281834687083,0.0
2020-07-06,0.03233840190487802,0.05989997069017172,0.015436932386000413
2020-07-07,-0.008333388468180103,-0.005259184042976206,-0.010313343615232728
2020-07-08,0.012516647449095197,0.025172846767567814,0.007648496381570613
2020-07-09,-0.011432136220224987,-0.010292189833154164,-0.005692882664893206
2020-07-10,0.0011914977917026892,-0.007265676321069003,0.010210557931631614
2020-07-11,-0.004646908281331408,-0.00683635038575503,0.0
2020-07-12,0.004584139147650879,0.011841247099829921,0.0
2020-07-13,-0.0026722336911563227,-0.009570136369437932,-0.008659279159198396
2020-07-14,-0.0007156486882995416,0.0018589067068039977,0.012959466292756572
2020-07-15,-0.012249394071219943,-0.014229004735653139,0.009187181414293644
2020-07-16,-0.001843553767028161,-0.015374232482365913,-0.003293855941592927
2020-07-17,0.002748337000435308,-0.003068251045896253,0.0028992301846151314
2020-07-18,0.0007804153771060474,0.011589452721467941,0.0
2020-07-19,0.00251733444886848,0.012345329098871316,0.0
2020-07-20,-0.005941551703208314,-0.013353041460123505,0.008081770836525726
2020-07-21,0.016861995708551847,0.031321185489620706,0.0021277003254278615
2020-07-22,0.0140732234685077,0.06800995375622199,0.005691921883941298
2020-07-23,0.004808017023997246,0.04658540905541586,-0.011931769391789637
2020-07-24,-0.0036569072341796627,0.01745257861364169,-0.006440408892235849
2020-07-25,0.014551730327529544,0.0888060339185126,0.0
2020-07-26,0.02358307121980685,0.018391085971855237,0.0
2020-07-27,0.10339280895467806,0.032517959418099096,0.0072924390134732064
2020-07-28,-0.004238167524872383,-0.012265990452314357,-0.006342289628277542
2020-07-29,0.01432634417833234,0.0020094623953343937,0.012298292852049642
2020-07-30,0.006262781632787595,0.05709019903069801,-0.0035677359327507263
2020-07-31,0.019075150455762913,0.03275309019036743,0.00790242442534339
2020-08-01,0.03851530240981793,0.11472882265112405,0.0
2020-08-02,-0.06096435312542903,-0.03866770745253156,0.0
2020-08-03,0.017221457426367826,0.04192898732417749,0.006952180245154649
2020-08-04,-0.01088320146553623,0.001888299572611274,0.003862478955787285
2020-08-05,0.045768646632516674,0.027571086296491076,0.006210954995818696
2020-08-06,0.006887486793338171,-0.012485397898947315,0.006684544369928824
2020-08-07,-0.01026718928434589,-0.03436499655827363,0.0007178177161777377
2020-08-08,0.013128471647734674,0.03811650612701167,0.0
2020-08-09,-0.006342959655551428,-0.006957771901929921,0.0
2020-08-10,0.014659714579113192,0.009528855501227396,0.00298905646583858
2020-08-11,-0.042528314162535885,-0.04232497043376571,-0.008254663044286237
2020-08-12,0.010204846660780253,0.022828367846681186,0.013942300902819227
2020-08-13,0.015562829287077085,0.09469924608655544,-0.0018077113303177628
2020-08-14,0.0021033455917769395,0.02366143448126179,2.9955410347115574e-05
2020-08-15,0.008227483572707861,-0.00924302815662259,0.0
2020-08-16,0.0011920120059727424,-9.490404553436083e-05,0.0
2020-08-17,0.02801474287972394,-0.01210651028166354,0.0031764468151767034
2020-08-18,-0.02636648127023522,-0.01857741882581987,0.0021601084985471974
2020-08-19,-0.015208789603417983,-0.036484003009554344,-0.004163675408984213
2020-08-20,0.007274002034968197,0.0215626245870586,0.0031138117187692327
2020-08-21,-0.02397193809256659,-0.06549640280086366,0.003547081879307523
2020-08-22,0.007706437738604466,0.017240580876457523,0.0
2020-08-23,-0.001020559531835663,-0.010815122540532185,0.0
2020-08-24,0.012175960472730285,0.04568071379819849,0.010133413107217049
2020-08-25,-0.03844242424318478,-0.06281082453441644,0.0034990868676181286
2020-08-26,0.008846024962892995,0.004519927677293811,0.01002571636887084
2020-08-27,-0.01575225487549692,-0.011318468580717389,0.002186784036495526
2020-08-28,0.017489114568310038,0.032719477700022814,0.006459326735087201
2020-08-29,-0.003087179491816805,0.010222387060619953,0.0
2020-08-30,0.01636614871412667,0.06970722886975911,0.0
2020-08-31,-0.005807330793336618,0.012356948947106705,-0.0036225973878899476
2020-09-01,0.02601598199720212,0.0977735391611132,0.009418448311064198
2020-09-02,-0.04705591425024269,-0.07813617451096411,0.014464143368363214
2020-09-03,-0.09593987528405123,-0.11725079521481563,-0.03441453809866968
2020-09-04,0.019989590606156682,0.0007512259887698658,-0.008164513214177216
2020-09-05,-0.03255825927727052,-0.1364643473425028,0.0
2020-09-06,0.011915195231540165,0.05505954786657319,0.0
2020-09-07,0.010158968020931747,-0.0004837871212499678,0.0
2020-09-08,-0.012197637220182522,-0.0321937258683177,-0.027323239518708964
2020-09-09,0.004296175864010987,0.03317717689997224,0.01974765493515318
2020-09-10,0.01464734864040329,0.05135203379831732,-0.01736371427971739
2020-09-11,0.002713054318028041,0.01696729763005944,0.0005092964818182999
2020-09-12,0.003966513107291902,0.03332707433318771,0.0
2020-09-13,-0.010923596709081829,-0.05542372949279961,0.0
2020-09-14,0.03409781052568728,0.03151246522521278,0.013171018603766349
2020-09-15,0.012150821901649289,-0.03172229279546601,0.005052455972717418
2020-09-16,0.015568101437366755,0.0017658165383060975,-0.003968622414794121
2020-09-17,-0.004735483957198805,0.060908660836765494,-0.008795226360361674
2020-09-18,0.0037708854571074646,-0.007840303771504242,-0.011512809582359118
2020-09-19,0.013698913377879096,0.0030847722222948626,0.0
2020-09-20,-0.014577907975985238,-0.03808504979589111,0.0
2020-09-21,-0.03603268128375203,-0.0716662834325068,-0.011129612394106148
2020-09-22,0.006949413011290595,0.007615544455748413,0.01018463148639781
2020-09-23,-0.02113593185769158,-0.06156015228556588,-0.023191023369316777
2020-09-24,0.04726820797783704,0.08495201473649816,0.0026653514758507857
2020-09-25,-0.0037180525953460775,0.01067180191737016,0.0161669540973981
2020-09-26,0.0056238888705040235,0.009583701318063964,0.0
2020-09-27,0.0018235029617419407,0.005025398557966465,0.0
2020-09-28,-0.007795737376627088,-0.008081717826655566,0.01660949264943201
2020-09-29,0.014587415275802762,0.014929868078878528,-0.0054460089114015675
2020-09-30,-0.011133647909603583,-0.005119467552051837,0.007581638604652996
2020-10-01,-0.016976949274960962,-0.02037085923290205,0.006420226141398144
2020-10-02,-0.002323689038719823,-0.01798246304242468,-0.009494361211522251
2020-10-03,-0.0025194583726413367,0.0008178656124493422,0.0
2020-10-04,0.010084580057216685,0.016156765838812426,0.0
2020-10-05,0.009009419646029304,0.001337670256858825,0.017733038956087688
2020-10-06,-0.012911973069365978,-0.03262483963905927,-0.014215975222509725
2020-10-07,0.001434465427274656,-0.001726102912138927,0.017406455268894172
2020-10-08,0.01794096107094334,0.02100680713311376,0.008862646983893052
2020-10-09,0.007889616975168101,0.03636101757667687,0.008930192733677345
2020-10-10,0.020998293467708207,0.014746689524522294,0.0
2020-10-11,0.008834360744480962,0.012316753904539457,0.0
2020-10-12,0.013525674265219223,0.03201982970209438,0.01608758659775189
2020-10-13,-0.00902523341337591,-0.014702568582634301,-0.0065262920503385
2020-10-14,0.0011218520307805235,-0.0036750819392492584,-0.006283259882939984
2020-10-15,0.011616272812655426,0.0004091285000407119,-0.0012357136486237374
2020-10-16,-0.01774598412756412,-0.032344300452675,-0.000604396836261345
2020-10-17,0.0031777962105867807,0.0071728501567289715,0.0
2020-10-18,0.010217223951621834,0.024547358378851802,0.0
2020-10-19,0.02315695935509976,0.005172323980824345,-0.015203514408255736
2020-10-20,0.009454262561530147,-0.03358232768553149,0.004005903618263362
2020-10-21,0.07901038217857903,0.06528151093599721,-0.0018930028676747979
2020-10-22,0.009670977215603838,0.05355240297469588,0.005485286957013447
2020-10-23,-0.0034655423243489247,-0.01049287013713096,0.0033952817334355068
2020-10-24,0.01365055208042909,0.006566973735963266,0.0
2020-10-25,-0.004161595691556497,-0.013440142863665683,0.0
2020-10-26,0.007805335355722809,-0.026077443830442082,-0.018480073698766808
2020-10-27,0.04314273165513183,0.024547135533910414,-0.003447406458886082
2020-10-28,-0.019231530341219827,-0.029262849716461314,-0.03417888334282482
2020-10-29,0.012871206672861568,-0.004629394223002126,0.01016353082108945
2020-10-30,0.008491046415864734,-0.009711532409920065,-0.010424851951844838
2020-10-31,0.017308632073863572,0.009848901170417701,0.0
2020-11-01,0.0003932281767138335,0.02894641620511962,0.0
2020-11-02,-0.024489783329871617,-0.04399348508313261,0.01120854226295509
2020-11-03,0.020344078950380817,0.0026001603314731447,0.01765579395456962
2020-11-04,0.014964922573655892,0.03937371992057437,0.022349108907495863
2020-11-05,0.09867997471790302,0.026255824440102105,0.019502944808881706
2020-11-06,-0.0025414421601530623,0.09636914622649173,-0.00022852081885416098
2020-11-07,-0.04703397767738349,-0.04179757084188174,0.0
2020-11-08,0.04043690387616761,0.037856175830662364,0.0
2020-11-09,-0.010597199366958354,-0.021779258952785985,0.012565721764052906
2020-11-10,-0.0009684480790895789,0.01417897921701572,-0.0014666871999183817
2020-11-11,0.029008877878326844,0.031706704081975845,0.007428902281817695
2020-11-12,0.04291606541755444,0.0018234352927304354,-0.009701375004680712
2020-11-13,0.0018111527553450468,0.02879042873909632,0.013844896125280837
2020-11-14,-0.015300413231955967,-0.030500985185582752,0.0
2020-11-15,-0.007462202220884229,-0.027810478475531863,0.0
2020-11-16,0.04398056572453868,0.02404976706890083,0.012482545817372293
2020-11-17,0.057974124971172936,0.0467526465624295,-0.005378611916713627
2020-11-18,0.007675574447700839,-0.0031222399854188287,-0.012034676148587775
2020-11-19,0.000711985068009513,-0.01640193707661708,0.004210311606610118
2020-11-20,0.04545715320657373,0.08114395978901023,-0.0068477477494787165
2020-11-21,0.001123396578298852,0.0779645764381276,0.0
2020-11-22,-0.015186165503013105,0.015016073591359147,0.0
2020-11-23,-0.0011109191686047293,0.08942395752735854,0.005994249883184644
2020-11-24,0.03442595426727535,-0.013261339543599426,0.016113662134166873
2020-11-25,-0.019343668022101412,-0.05470530994541267,-0.0015416699712323956
2020-11-26,-0.08310531480830163,-0.0896051955474022,0.0
2020-11-27,-0.004737139691178505,-0.004795397372614474,0.00278481483400439
2020-11-28,0.035597344452304336,0.04007031478877465,0.0
2020-11-29,0.025335242645637468,0.06906655687081109,0.0
2020-11-30,0.08040096914642247,0.06859828336300433,-0.004427019527240894
2020-12-01,-0.04622088832628457,-0.049038813671044346,0.010937473441103629
2020-12-02,0.01988477591519966,0.01749305501153975,0.0021037811716995147
2020-12-03,0.008855501669102983,0.02674153867924045,-0.0002726505443774174
2020-12-04,-0.044641750461840046,-0.08283098986709525,0.008617839118910231
2020-12-05,0.024303310782684884,0.04784589452874122,0.0
2020-12-06,0.009789728653419205,0.008730413288378092,0.0
2020-12-07,-0.006239938338369777,-0.015043474183834116,-0.0020550881154765
2020-12-08,-0.04441437102731305,-0.061616730067545755,0.0029260102810799715
2020-12-09,0.013614469065484469,0.03454477786426002,-0.008968638417639951
2020-12-10,-0.02219414801952413,-0.030629625751665168,-0.000327305574643888
2020-12-11,-0.009144641229161699,-0.022692667495739838,-0.0011726339006969955
2020-12-12,0.04142534561353295,0.04190392951146782,0.0
2020-12-13,0.016425998505160022,0.03548602140071533,0.0
2020-12-14,0.006216954650005491,-0.00543206373045646,-0.004477004513376737
2020-12-15,0.003964757884407533,0.0008320043354983486,0.01351933270321748
2020-12-16,0.10169001516258858,0.08355622092464743,0.0015693043432742915
2020-12-17,0.06885222918533707,0.00930244984908346,0.005592023608624208
2020-12-18,0.01905873883938103,0.023060756939135674,-0.0039928571089373754
2020-12-19,0.03163073610969658,0.006850796755978994,0.0
2020-12-20,-0.014739765914057013,-0.03018444400222009,0.0
2020-12-21,-0.02553106901647051,-0.041473579788363635,-0.0035753443743374858
2020-12-22,0.04622837579620587,0.044303461332756866,-0.0016855394151455982
2020-12-23,-0.026464283380254527,-0.08402350396869396,0.0008986910265633696
2020-12-24,0.022717284506919233,0.04925791798916723,0.0038903877271967424
2020-12-25,0.04012994076816745,0.025187743286514186,0.0
2020-12-26,0.07185332773868613,0.015046190394562453,0.0
2020-12-27,-0.008794133204733101,0.07084567360077743,0.0
2020-12-28,0.03109353440435414,0.07012938093222232,0.008590611923750435
2020-12-29,0.008619768073315992,-7.937822128367689e-05,-0.0019076638496778875
2020-12-30,0.04822294928216908,0.02181031198442751,0.0014268353327602235
2020-12-31,0.003843283261075525,-0.02007072216939243,0.005080743620657691
2021-01-01,0.012836207290585655,-0.010083802945131448,0.0
2021-01-02,0.09373608990046733,0.06048281797431487,0.0
2021-01-03,0.019879116693403587,0.2588569473510296,0.0
2021-01-04,-0.020285416880305607,0.07119038123847798,-0.013613928607889902
2021-01-05,0.05444576739604878,0.04875764695858731,0.006887433889066763
2021-01-06,0.08241427506640808,0.09646058960467041,0.0059785661027143
2021-01-07,0.07085327968577948,0.016990951503344176,0.014857544553567248
2021-01-08,0.03650191238145761,-0.0009500966112121478,0.005697562800961231
2021-01-09,-0.013321264501857777,0.04645253053895515,0.0
2021-01-10,-0.04427734518090176,-0.01172589212149211,0.0
2021-01-11,-0.06934243052182065,-0.13318707280418862,-0.006740905399051034
2021-01-12,-0.05116043727207498,-0.04781156551777521,0.0002111441594709884
2021-01-13,0.09917032078857457,0.08282122570726269,0.0026931763456932156
2021-01-14,0.04600867295195443,0.07333465454518562,-0.00350206751925064
2021-01-15,-0.053624555759095194,-0.03145545885986967,-0.007292733131167517
2021-01-16,-0.01757555099315722,0.05265503795294779,0.0
2021-01-17,-0.008032281370507044,-4.576104344500287e-05,0.0
2021-01-18,0.021664895747041335,0.020266698864025212,0.0
2021-01-19,-0.017395365044542976,0.09312098131312996,0.007851950463676483
2021-01-20,-0.021718789502850333,-0.0037637552169976773,0.013838850792933233
2021-01-21,-0.13143054987427805,-0.1872886882087068,0.0009115930504615122
2021-01-22,0.07787840697994408,0.10985074056664534,-0.003539300950523794
2021-01-23,-0.02842299688893879,-0.004465424398282569,0.0
2021-01-24,0.00636664830605671,0.12986408291400142,0.0
2021-01-25,0.0032917012512818644,-0.04742485813814468,0.003943488106791904
2021-01-26,0.002713003972345751,0.021009167049790722,-0.0015606501781934012
2021-01-27,-0.0563946823672945,-0.06742177791777948,-0.024440813693290098
2021-01-28,0.10073367966049407,0.06430055412187041,0.008600557810019227
2021-01-29,0.02107438997664679,0.03316214859821276,-0.020019530196319635
2021-01-30,-0.0011312216186724067,-0.004400772429547728,0.0
2021-01-31,-0.032056061962357774,-0.04278781803250431,0.0
2021-02-01,0.016577778756598827,0.045022278326948495,0.016645427442181893
2021-02-02,0.05372055373659812,0.10141153130485203,0.014140041224423028
2021-02-03,0.05504377224753387,0.09595970510032492,0.0007863041602871323
2021-02-04,-0.011453740542290314,-0.036787811093565104,0.011365818955119122
2021-02-05,0.027965543689367545,0.07244108041109731,0.003935685983762038
2021-02-06,0.02940685843628099,-0.023741887430688835,0.0
2021-02-07,-0.0094409434972903,-0.03811827954537472,0.0
2021-02-08,0.18548441226490686,0.08020936808515144,0.007222322689897309
2021-02-09,0.0029453786713935504,0.00902703546098671,-0.0006658443151320581
2021-02-10,-0.033689523282216416,-0.013522612647841381,-0.0004357558334024958
2021-02-11,0.06681526420180584,0.02289219711959789,0.0016148461897651512
2021-02-12,-0.008653405216708432,0.03326763167990765,0.004940011641518582
2021-02-13,-0.008328078635195024,-0.0158824224519325,0.0
2021-02-14,0.03346283651742943,-0.005700135866397282,0.0
2021-02-15,-0.01998122277900094,-0.018149841903952857,0.0
2021-02-16,0.03238286545194957,0.006774121620022555,-0.0008661238083016443
2021-02-17,0.05889968017524305,0.036816825397681274,0.00022949369552893728
2021-02-18,-0.01044656872465377,0.046610702263851334,-0.004255956848470355
2021-02-19,0.0762368022964035,0.006865067460754659,-0.0017660380431073763
2021-02-20,0.003384689237833527,-0.021116195922722625,0.0
2021-02-21,0.02448994415523109,0.007204079112193229,0.0
2021-02-22,-0.057130422752047494,-0.07858928092212825,-0.0076914983173776985
2021-02-23,-0.10048533221126421,-0.12000730677776972,0.0012142991174644013
2021-02-24,0.011411850080368824,0.029154185132424182,0.011019324299748057
2021-02-25,-0.04487497784520067,-0.08541539991764058,-0.024095820169031668
2021-02-26,-0.006330274239989664,-0.010463761643716096,-0.005152726179895262
2021-02-27,-0.0033505416613064387,0.009553437738534232,0.0
2021-02-28,-0.0258112909682493,-0.03312629453949423,0.0
2021-03-01,0.0946989085683525,0.10010623214796488,0.024240358142126217
2021-03-02,-0.02560901374524427,-0.04644795388462786,-0.007803211999586668
2021-03-03,0.0478065781632766,0.05897936257876801,-0.013245792062947626
2021-03-04,-0.038748896524959164,-0.021158526501146135,-0.01237483557534269
2021-03-05,0.0055174263632618015,-0.007598902047814993,0.018396406210993588
2021-03-06,-0.00030498896071196047,0.07922037933864812,0.0
2021-03-07,0.0450781070526074,0.03952453635263731,0.0
2021-03-08,0.0224801603992566,0.06701807617426936,-0.004978671031730664
2021-03-09,0.04830235268936489,0.017159054739358748,0.014277565387285529
2021-03-10,0.019588647639394496,-0.038774176440035,0.006224717033250782
2021-03-11,0.025077162199319325,0.00813899694762088,0.010139105210159594
2021-03-12,-0.012942216288234776,-0.03427641673666082,0.001346649631303043
2021-03-13,0.06823800497589483,0.08612451815530409,0.0
2021-03-14,-0.03218634203401194,-0.03692675966951853,0.0
2021-03-15,-0.05662348611427326,-0.033252828227046116,0.005963678438815956
2021-03-16,0.013243648436608524,0.005729856747029194,-0.0012612982565403108
2021-03-17,0.031795856445371085,0.004665047443654036,0.0034099460395820014
2021-03-18,-0.008691553645475691,-0.01380803138014064,-0.014549832256493311
2021-03-19,0.010812035099564188,0.021910321010405687,-0.0018500365486088244
2021-03-20,-0.0005658428075210331,-0.0027450160323435613,0.0
2021-03-21,-0.013620540181486729,-0.013540154568573604,0.0
2021-03-22,-0.05226806576502585,-0.054392983879785306,0.00798477520588814
2021-03-23,0.009375294994659278,-0.0020340262479766613,-0.00787079342847874
2021-03-24,-0.03664693797574814,-0.051520329101696904,-0.00508340251811179
2021-03-25,-0.018555062118890797,0.0029807775804895353,0.005625410553859567
2021-03-26,0.06724184959358115,0.06821485658331139,0.016115192676159795
2021-03-27,0.015165758791233053,0.008017489562940572,0.0
2021-03-28,-0.0025482594547984183,-0.016756266783106266,0.0
2021-03-29,0.03261821897927475,0.07634957880875937,-0.000505256165614365
2021-03-30,0.022724117835651425,0.016973568540116002,-0.002652909659137448
2021-03-31,-0.00452208604895743,0.0344612356677394,0.004053285914812799
2021-04-01,0.0017121523984486853,0.02938365132534848,0.010799230439244578
2021-04-02,0.007004096916819247,0.08621700596982929,0.0
2021-04-03,-0.02998138096786951,-0.05356560352671924,0.0
2021-04-04,0.019196451393788783,0.031038580620905698,0.0
2021-04-05,0.0015647768073980828,0.0035174128180130992,0.014353001038167168
2021-04-06,-0.010635522721963553,0.00907751073726848,-0.0005906921532048415
2021-04-07,-0.033462284154213484,-0.06627848560799554,0.0011576025004214063
2021-04-08,0.03627998430617407,0.0552215894391499,0.004746595593587255
2021-04-09,-0.004028552139384689,-0.01054057992077495,0.007270171317538265
2021-04-10,0.026581402010947608,0.03080601298437502,0.0
2021-04-11,0.007279678383977917,0.010561378794829768,0.0
2021-04-12,-0.002921822837301913,-0.006238211671129368,0.0003645405407453062
2021-04-13,0.05787860608246698,0.07228383219684198,0.0029635651496167092
2021-04-14,-0.007568265539236174,0.05765773107703165,-0.0034149331457684617
2021-04-15,0.005593836553796416,0.036929764116664376,0.01074231674156123
2021-04-16,-0.0304584518090395,-0.037538673115397936,0.003342560106512016
2021-04-17,-0.014437616050158475,-0.03579500953167625,0.0
2021-04-18,-0.07287206461415141,-0.045182356022868575,0.0
2021-04-19,-0.008336378778479703,-0.03130935514702726,-0.004913238132271847
2021-04-20,0.020610565847977158,0.08333369330298068,-0.007321424183908576
2021-04-21,-0.05367266403027482,0.006085783285939117,0.009462259269687578
2021-04-22,-0.039833978389535396,0.016332327855013595,-0.009133212371355448
2021-04-23,-0.015074002617697535,-0.01876973688539796,0.010842234688751784
2021-04-24,-0.02040923630960645,-0.06429231656279255,0.0
2021-04-25,-0.019826394479996012,0.04838050618870526,0.0
2021-04-26,0.09418744639247834,0.08616622881315528,0.002087808647581957
2021-04-27,0.019576141715087703,0.05153615317496563,-0.00021558119086406702
2021-04-28,-0.012106309246766256,0.022749916885208554,-0.00028737387512334234
2021-04-29,-0.025292401589248836,0.0016282100339644057,0.006372691494043403
2021-04-30,0.0796800861633713,0.00718118816087876,-0.006570561000192265
2021-05-01,0.0013485285377825562,0.062269206690894086,0.0
2021-05-02,-0.0216333479988301,0.0011359323629409612,0.0
2021-05-03,0.009996042294759144,0.1622065394606147,0.002156868820986757
2021-05-04,-0.06577778311668492,-0.04986685036502869,-0.006169307520285661
2021-05-05,0.07366360836753683,0.07967488599847172,0.0003129207828884706
2021-05-06,-0.026944183144286038,-0.018188662380114295,0.00798546276141554
2021-05-07,0.015332039196084946,-0.0034193423668900103,0.007277864983874505
2021-05-08,0.02523476075414366,0.11992861203827254,0.0
2021-05-09,-0.011253924072112564,0.005151385217031734,0.0
2021-05-10,-0.042517168744867995,0.004107085363310725,-0.00990229931459341
2021-05-11,0.015390863498294882,0.05503305315318863,-0.008924824752160943
2021-05-12,-0.1315609502101559,-0.09010413444325649,-0.021245080486862578
2021-05-13,0.015688015843285497,-0.014620232138589317,0.01201270511700403
2021-05-14,-0.0018424631989925055,0.09231894634560178,0.01535514124227566
2021-05-15,-0.06255642610693479,-0.10809730816030272,0.0
2021-05-16,-0.006077324776632254,-0.013489190890185077,0.0
2021-05-17,-0.0666921462883836,-0.08882409147098791,-0.002544626106396053
2021-05-18,-0.0136638300790346,0.03055370501846144,-0.008615564140512455
2021-05-19,-0.13345696177609934,-0.26845423327174633,-0.0026217930613262608
2021-05-20,0.09568858215314013,0.12486720474472635,0.010757823089551755
2021-05-21,-0.08473096397678825,-0.1264980064387231,-0.0008187352922008895
2021-05-22,0.006217540240253561,-0.05550668360968114,0.0
2021-05-23,-0.07348286424585615,-0.0808707670897374,0.0
2021-05-24,0.11132902755994656,0.25105049650857203,0.010194383657791573
2021-05-25,-0.006516409361961739,0.025219485472528058,-0.002218787517029863
2021-05-26,0.02866695159793342,0.07294207192863977,0.0019846166574031265
2021-05-27,-0.02661119311568083,-0.05733576542405561,0.0005250197250654676
2021-05-28,-0.07085728583639783,-0.11529727191252592,0.0017887950990811419
2021-05-29,-0.030188792081343063,-0.05791021833477439,0.0
2021-05-30,0.030757882453077645,0.048681044778395854,0.0
2021-05-31,0.04485459355155896,0.13416035779004276,0.0
2021-06-01,-0.016535042003210654,-0.02918225318305656,-0.0008807727471724647
2021-06-02,0.02167283818083443,0.024967026580101415,0.0015723425031120009
2021-06-03,0.04947303566476391,0.061125375687686834,-0.003711272090412998
2021-06-04,-0.061074056078413874,-0.060515960229580834,0.009145860114207593
2021-06-05,-0.03638616444462006,-0.02143381598302041,0.0
2021-06-06,0.008067700120335752,0.03144922330106792,0.0
2021-06-07,-0.06335604097423819,-0.045135529977378464,-0.000970230901884972
2021-06-08,-0.0003616175040206393,-0.02590986724200306,0.00021316558356243576
2021-06-09,0.11582381556327004,0.03620286574297271,-0.0014919180144464805
2021-06-10,-0.018705687666291992,-0.053875793117659,0.004648415022008079
2021-06-11,0.02220485817221496,-0.04297009517343531,0.0016524394784933616
2021-06-12,-0.04772764225158077,0.007951330546195123,0.0
2021-06-13,0.10005780203143178,0.057608340287693016,0.0
2021-06-14,0.027280435100015765,0.010401540160179357,0.0022391538520674104
2021-06-15,0.008326956683652575,0.032527501951764126,-0.0018345053402120115
2021-06-16,-0.04386624124398064,-0.08639401752183329,-0.005583205607315733
2021-06-17,-0.0022348241148290038,0.00730473605685833,-0.00033158535205546347
2021-06-18,-0.05057343981656981,-0.0501500783218507,-0.01349048362381311
2021-06-19,-0.004788690702951404,-0.023853263350068432,0.0
2021-06-20,0.0012808994103250537,0.03008928254312515,0.0
2021-06-21,-0.11841379745529401,-0.16478729924072577,0.014315974653095642
2021-06-22,0.021310863704520067,-0.011848345194777399,0.005346322936187864
2021-06-23,0.03693699040259446,0.060695166352049856,-0.001205310222726741
2021-06-24,0.029327421529311337,0.0007868375273738515,0.005915737352572004
2021-06-25,-0.0896371490008202,-0.09050275266286689,0.00355192482772293
2021-06-26,0.017336817265252824,0.008836145959691732,0.0
2021-06-27,0.07657410932006603,0.08185256532768093,0.0
2021-06-28,-0.0027170286604653038,0.054616718277316734,0.0020160027716051854
2021-06-29,0.04694854161133133,0.04430882311371742,0.0005378726349418717
2021-06-30,-0.023323171320917546,0.052368229567672175,0.0008417345895825878
2021-07-01,-0.03827435532656698,-0.06722729029181729,0.005536689551993046
2021-07-02,-0.0004610693779416586,0.007022632692049946,0.007643650998220286
2021-07-03,0.022760106006921577,0.035382568903596034,0.0
2021-07-04,0.019088717213795237,0.04420667596959227,0.0
2021-07-05,-0.04290906485931023,-0.052263966891701874,0.0
2021-07-06,0.024154424437404565,0.06741986127427269,-0.001821677499318719
2021-07-07,-0.009193200725924111,-0.0021780299677637283,0.0035341369186892013
2021-07-08,-0.025115386211628454,-0.08073023498172194,-0.008147734656211547
2021-07-09,0.02107831722378184,0.005758182789633581,0.010674631382757926
2021-07-10,-0.008419052592637755,-0.016645687548564436,0.0
2021-07-11,0.021923385628280556,0.013835385515128085,0.0
2021-07-12,-0.031110151577408596,-0.04756309241578571,0.0035818987558158266
2021-07-13,-0.008509996772976813,-0.042447152280205236,-0.0034090037679008756
2021-07-14,0.0031944340839860086,0.027464731479284632,0.0014921684759392484
2021-07-15,-0.025905885883452995,-0.03592683180413003,-0.0034154939902226733
2021-07-16,-0.009374502466108603,-0.014193585433556977,-0.007843601710396775
2021-07-17,0.0035494817723109584,0.009807714216292007,0.0
2021-07-18,0.008507832132771842,-0.0015812896621812955,0.0
2021-07-19,-0.0206339088390326,-0.031239103504762,-0.014767649762700286
2021-07-20,-0.03843441382724688,-0.022131379951735863,0.014330080382048083
2021-07-21,0.06844166098295057,0.10469067613296268,0.008096306455529279
2021-07-22,0.005723236712629198,0.016607001668513144,0.002094229444737694
2021-07-23,0.03904802882722569,0.04895859448706208,0.010287962709565335
2021-07-24,0.021169229196487116,0.03032890469132621,0.0
2021-07-25,0.031369060918566394,0.001493561413347333,0.0
2021-07-26,0.05410446104482136,0.017122595828891862,0.0024548735718028514
2021-07-27,0.059502719261633974,0.033065785581704255,-0.004557453201220585
2021-07-28,0.009190580979020258,-0.006443954510245153,-0.0004102089734780989
2021-07-29,-0.005351722511089396,0.030884847632674184,0.004147386337070014
2021-07-30,0.05736243745303238,0.0377864350545416,-0.004856419182716176
2021-07-31,-0.013814919127658087,0.028709339269478384,0.0
2021-08-01,-0.04032782841129423,0.009418200182909509,0.0
2021-08-02,-0.016745897382886343,0.021544930665918782,-0.002098062759179231
2021-08-03,-0.024343007409150297,-0.03892292493667315,0.008135486051480845
2021-08-04,0.04280286957492141,0.08988021415702385,-0.004918963618138594
2021-08-05,0.024722916088082414,0.034157928319829445,0.006332965858477646
2021-08-06,0.05175504009338083,0.026517448088801743,0.00165239359559477
2021-08-07,0.040887519034604525,0.09239273928725122,0.0
2021-08-08,-0.015547276970892754,-0.04403721701685126,0.0
2021-08-09,0.05887474581554186,0.05139700814480319,-0.0008135999187351972
2021-08-10,-0.021227632654532314,-0.012694652098202641,0.001244136113149219
2021-08-11,-0.0007515327880819322,0.006232051962836049,0.002484741401010515
2021-08-12,-0.024591824146606767,-0.03723123124901462,0.002996906186379489
2021-08-13,0.07534981570758315,0.09121006341338989,0.0018197337362571009
2021-08-14,-0.014850063667572133,-0.017366290344589697,0.0
2021-08-15,-0.0005374614901020314,0.014329993424711862,0.0
2021-08-16,-0.017970868619618052,-0.04243306384617662,0.002354704616162273
2021-08-17,-0.02421017668663561,-0.04070521275559069,-0.006555282364451465
2021-08-18,0.005223974705766077,0.004593658135254364,-0.010944858839369909
2021-08-19,0.056633477858318404,0.0678487088335955,0.0015483250246723923
2021-08-20,0.05524424064150879,0.03189749605863512,0.007957151534115026
2021-08-21,-0.008789868041135795,-0.018513111426267326,0.0
2021-08-22,0.008910676620455638,0.0053691124631973786,0.0
2021-08-23,-0.00892503300776537,0.010058897359793262,0.008796398757416446
2021-08-24,-0.0414276863448384,-0.04848549280249281,0.0015874728301399355
2021-08-25,0.025636754141118434,0.01587887061024995,0.002098359849882714
2021-08-26,-0.03389595062448503,-0.031281310505079984,-0.005902954016285378
2021-08-27,0.0398394151649446,0.04962544073099262,0.00894082487106318
2021-08-28,-0.003185315276442502,-0.008010032026644187,0.0
2021-08-29,-0.0021643342273763855,-0.006040920007411632,0.0
2021-08-30,-0.03674258563192245,-0.0012241280074778427,0.00439728093286984
2021-08-31,0.0030480461993576125,0.06564627257712297,-0.0014813748636745006
2021-09-01,0.03605574075065987,0.11727404902789518,0.0005314097209825341
2021-09-02,0.004352409525008483,-0.01680427365481374,0.003076668788548398
2021-09-03,0.011885164412029692,0.03715410550711229,-0.00024259743752785834
2021-09-04,-0.0015224325805683891,-0.013304871627027093,0.0
2021-09-05,0.03666745648432501,0.01698315430226005,0.0
2021-09-06,0.01720659465271268,-0.005814490551588447,0.0
2021-09-07,-0.10266981642725115,-0.11998585548157603,-0.003575660378949963
2021-09-08,-0.011658560152743913,0.024551415869192628,-0.001218352688176716
2021-09-09,0.004233168985673164,-0.02222459539927979,-0.0042800293307152515
2021-09-10,-0.030427695216466932,-0.06097161114632432,-0.007884668439796294
2021-09-11,0.007074924134306881,0.01830052597975862,0.0
2021-09-12,0.018292005812558187,0.04197396849573232,0.0
2021-09-13,-0.026477294692967224,-0.0391040557572353,0.0025594219552238506
2021-09-14,0.05083524413925278,0.04718842885895724,-0.005396560936034245
2021-09-15,0.017143993625241327,0.04822265402144921,0.008352457202050356
2021-09-16,-0.0031653343424158376,-0.007195298764645641,-0.0015850584274285096
2021-09-17,-0.004701164000754932,-0.04251084098299629,-0.009741185907242711
2021-09-18,0.021385566143394374,0.009851076929174418,0.0
2021-09-19,-0.020617267605219425,-0.029418693913548566,0.0
2021-09-20,-0.09083212241015448,-0.10870070923582675,-0.016674233353702883
2021-09-21,-0.04916814710586748,-0.06475246118485645,-0.0009445953653470784
2021-09-22,0.06827342774031386,0.110762084151236,0.00975481171074688
2021-09-23,0.020317357715013307,0.015290578496975238,0.012150123113550793
2021-09-24,-0.04655493559082213,-0.07169403681566355,0.001647083588417697
2021-09-25,-0.002915037772472706,-0.0021221879512274278,0.0
2021-09-26,0.011362196559307591,0.04656626765487504,0.0
2021-09-27,-0.024321628136780404,-0.04361206304997678,-0.002861022265710944
2021-09-28,-0.0245389731699287,-0.03938803975317884,-0.02015156518370531
2021-09-29,0.01906695073636433,0.02250742471714462,0.0016828596601770052
2021-09-30,0.04779096138906547,0.04629134594722273,-0.012222085259693927
2021-10-01,0.09549872267007276,0.09858930956172829,0.011884301817577825
2021-10-02,-0.008426435973729163,0.02545060238882324,0.0
2021-10-03,0.008862331179009919,0.006489271613554726,0.0
2021-10-04,0.0157999746655213,-0.014243278066718101,-0.012896285565271004
2021-10-05,0.04833021420144701,0.040383121153723556,0.010404945971683288
2021-10-06,0.07490108786624994,0.017851711391432268,0.00415611743114952
2021-10-07,-0.030986874686970034,-0.0009098094622568276,0.00864561442470202
2021-10-08,-0.003067166290328993,-0.01276541566822198,-0.0018237424286688952
2021-10-09,0.01853656634281564,0.003355377358842837,0.0
2021-10-10,-0.0025923834293484216,-0.04096446588801672,0.0
2021-10-11,0.04932412562701671,0.03467249945203488,-0.007239809597349822
2021-10-12,-0.02549699554367102,-0.015273296996712094,-0.002461290956909279
2021-10-13,0.021090981651544327,0.02933107241120747,0.003597568964695874
2021-10-14,-0.0064848631998811745,0.04450169597499709,0.016820502139039073
2021-10-15,0.07385801963344552,0.01959559076020123,0.007615745144750052
2021-10-16,-0.01139349918077237,-0.008349987039546147,0.0
2021-10-17,0.01143372400839282,0.004933459012988584,0.0
2021-10-18,0.007542024068259989,-0.02569237723234552,0.0029607357712555515
2021-10-19,0.03457930596256675,0.03291584923663726,0.007714673862043497
2021-10-20,0.024464758684111132,0.06920369944397464,0.003927948382453028
2021-10-21,-0.053832539620871755,-0.020855048405845622,0.0026081250233231934
2021-10-22,-0.024907480222841283,-0.021263128279788268,-0.0010361807856499317
2021-10-23,0.011555866942473125,0.05074869382409153,0.0
2021-10-24,-0.006941604995814976,-0.01948960203680583,0.0
2021-10-25,0.03534123585665028,0.03252120272204251,0.00536281076882128
2021-10-26,-0.04159297049090016,-0.019696657173723486,0.0008998520441714231
2021-10-27,-0.03285807954076181,-0.05027752430370458,-0.004430011740161222
2021-10-28,0.034671590388289486,0.08883256326940692,0.009648819959829247
2021-10-29,0.029757850472849734,0.03300117767465327,0.002029210746118615
2021-10-30,-0.005449816082643388,-0.020181538575005153,0.0
2021-10-31,-0.009473618559287633,-0.008952409766464053,0.0
2021-11-01,-0.005875207324702925,0.007768386712889042,0.0017203275306809651
2021-11-02,0.039244394234566604,0.0630460794871106,0.004042896225687764
2021-11-03,-0.006436127237943401,0.002481743341869791,0.0061053038241434265
2021-11-04,-0.018211261903857467,-0.009218898429269151,0.004712429743696234
2021-11-05,-0.005231727008940035,-0.011176103675776594,0.0034696610681919093
2021-11-06,0.006573462312888356,0.007876885947092571,0.0
2021-11-07,0.029025717476328206,0.021669206540518404,0.0
2021-11-08,0.06621460738236018,0.040733096091449816,0.0008537714520240325
2021-11-09,-0.009286490949959925,-0.016482185264055094,-0.0033053356843878445
2021-11-10,-0.025554414667869896,-0.01689089942596711,-0.0080450733517331
2021-11-11,0.00743720717392482,0.028625305068919804,0.00032376393890798383
2021-11-12,-0.01520278307795353,-0.01634909377139504,0.0075468265185563155
2021-11-13,0.004887845110253197,-0.003354324011311749,0.0
2021-11-14,0.01506742779903214,-0.005790316959468078,0.0
2021-11-15,-0.031566660331914353,-0.017325997425315376,0.00034216692315935937
2021-11-16,-0.04957432849190102,-0.07107234951660435,0.003957986080993736
2021-11-17,0.007031031694722634,0.020535700379952226,-0.002429346076881611
2021-11-18,-0.05735345034415085,-0.06752114740031956,0.003396417405742813
2021-11-19,0.023804715743701355,0.07769334217684642,-0.001788120011028349
2021-11-20,0.027144312658180292,0.025969289097686366,0.0
2021-11-21,-0.015183587745799532,-0.030797224258571676,0.0
2021-11-22,-0.03797069176910639,-0.03886402714365789,-0.0028151035112136125
2021-11-23,0.020658526522266962,0.05955528117821718,0.0013258141271281776
2021-11-24,-0.023556603495850315,-0.024388828434131704,0.0026699046028275664
2021-11-25,0.017910365615465995,0.00844058970524375,0.0
2021-11-26,-0.0554615746513073,-0.04774012275266204,-0.022303213322117377
2021-11-27,0.02339059452315495,0.0165173467754387,0.0
2021-11-28,0.03907054006267474,0.042875693074095,0.0
2021-11-29,0.010743005802537953,0.03609963930023663,0.012266685684456657
2021-11-30,-0.010985303452549666,0.04496400752885377,-0.019457603335362728
2021-12-01,0.0067718172426776135,-0.006808618936189781,-0.011107284751318613
2021-12-02,-0.01260256264360693,-0.01596469406424561,0.015316414726211702
2021-12-03,-0.04875964216468798,-0.062220531241944266,-0.008701285164024353
2021-12-04,-0.08204638997313518,-0.023957763932428877,0.0
2021-12-05,0.0010207436060629682,0.016678299235423744,0.0
2021-12-06,0.020233497670560485,0.033798954382844304,0.011843301210842316
2021-12-07,-0.006876135298063302,-0.019105369344465162,0.02068482170724595
2021-12-08,-0.0033595199985962942,0.029313593667358306,0.0026478837782237807
2021-12-09,-0.05205647917278089,-0.06801638600082516,-0.006751624998427297
2021-12-10,-0.0075179785528386445,-0.04987933554661095,0.009413584434239342
2021-12-11,0.044857252237138434,0.04501892444887212,0.0
2021-12-12,0.014535701888672925,0.011871915767876828,0.0
2021-12-13,-0.06067175305819417,-0.07841711891243774,-0.008858329473214632
2021-12-14,0.00193442984303549,-0.005678785122189445,-0.006879966070983179
2021-12-15,0.046539487191243456,0.07035676191340734,0.015624973875358661
2021-12-16,-0.029496984535851478,-0.018281040915558044,-0.008818573096677884
2021-12-17,-0.021997635679135596,-0.012153271919046027,-0.010642777740907272
2021-12-18,0.01399569463102135,0.020975298375478735,0.0
2021-12-19,-0.0027043274088018876,-0.009341915046697125,0.0
2021-12-20,0.006594047534067338,0.005750452924161875,-0.01063366563378132
2021-12-21,0.04273952778480572,0.020866795391245585,0.017759109083610225
2021-12-22,-0.011701082493283277,-0.014879793483500658,0.009998842683124343
2021-12-23,0.04230853223327147,0.029616996332746615,0.006222031413747997
2021-12-24,-0.0008305097500944658,-0.01616146715268807,0.0
2021-12-25,-0.007719838165046289,0.011190278626748595,0.0
2021-12-26,0.008244334016248356,-0.005634280598369568,0.0
2021-12-27,-0.005495390794209687,-0.009480550829632506,0.014152105088208078
2021-12-28,-0.058189460177996866,-0.05653976972424046,-0.000817089442884944
2021-12-29,-0.026561262229956584,-0.047811606633364256,0.0012792176508831243
2021-12-30,0.012878891900798717,0.020579374602682998,-0.0027646165195218675
2021-12-31,-0.026659302389555495,-0.016673071928511862,-0.0025202307187250916
2022-01-01,0.029809368513765255,0.023641774600026366,0.0
2022-01-02,-0.00565830487386032,0.017421234678721254,0.0
2022-01-03,-0.01159118703518025,-0.010652330614034367,0.005789855910208974
2022-01-04,-0.015675060150480036,0.005002066039772712,-0.0003346621958849605
2022-01-05,-0.0465964202459741,-0.06014519244141958,-0.019202164972161095
2022-01-06,-0.011686605366902802,-0.0394283261304863,-0.0009395117862716074
2022-01-07,-0.043852336092876865,-0.07238929833716512,-0.003953647310792507
2022-01-08,0.004306816331477226,-0.03163596589000606,0.0
2022-01-09,0.004649256877735208,0.02167316038755729,0.0
2022-01-10,-0.0006950454797173267,-0.02221248780327978,-0.0012441371580641514
2022-01-11,0.014725125605573597,0.042936109541575895,0.009108088272334447
2022-01-12,0.02229083362638029,0.0352514518364353,0.0027037648439489637
2022-01-13,-0.03047942878119536,-0.03635486991728509,-0.013778761953379903
2022-01-14,0.01503758461303839,0.022127701354114793,0.0004091111008779347
2022-01-15,0.001802703636490044,0.006202179627829318,0.0
2022-01-16,-0.0018673829318258672,0.00572320019200423,0.0
2022-01-17,-0.022029358559802148,-0.04332821083545979,0.0
2022-01-18,0.0014933043221394549,-0.0164704575036001,-0.017709661394120335
2022-01-19,-0.013868438651512882,-0.020532188588945233,-0.010383534156073182
2022-01-20,-0.026219243436269912,-0.03132063293157905,-0.011068112204644653
2022-01-21,-0.09819153738332509,-0.14232922673339365,-0.01963065393751462
2022-01-22,-0.039143409006008545,-0.05971642195534166,0.0
2022-01-23,0.034088430156373084,0.0524677770479951,0.0
2022-01-24,0.015575533287405019,-0.032426806390970064,0.004246717372373254
2022-01-25,0.0074625498820741765,0.005673647486191147,-0.012208930914984206
2022-01-26,0.0003651106679924965,0.008070998375857341,-0.002508777946387042
2022-01-27,0.01496968501645446,-0.0112249840226476,-0.0049379147788664035
2022-01-28,0.01904530080756084,0.05291662282973597,0.024835441368612265
2022-01-29,0.009364840100715588,0.019627335422143233,0.0
2022-01-30,-0.006380799122069569,0.001855109170627145,0.0
2022-01-31,0.01154524424439285,0.029148875157215093,0.018010916571609803
2022-02-01,0.004593371931353563,0.03639103416299272,0.006757126802962032
2022-02-02,-0.04645478307205608,-0.039380321249527395,0.00971388903190995
2022-02-03,0.0048220380988834854,-0.0020056163282216044,-0.023504878407484386
2022-02-04,0.1246354329526238,0.12126101067228734,0.004702215581646074
2022-02-05,-0.0022014404253709596,0.009639064530005292,0.0
2022-02-06,0.02263978340481243,0.013416263958451191,0.0
2022-02-07,0.02719129480862925,0.021361032725764728,-0.0032094167361103043
2022-02-08,0.009509292455939233,-0.0031958832631951983,0.008227954981033125
2022-02-09,0.002645467435943738,0.03499527002805003,0.014636139862027386
2022-02-10,-0.01300041434642174,-0.04569899409134637,-0.01796570739181924
2022-02-11,-0.02671100075314059,-0.04891887719572796,-0.019718611348256476
2022-02-12,-0.0038546522420879192,-0.003423180354639177,0.0
2022-02-13,-0.0017022729727144137,-0.012204351908359556,0.0
2022-02-14,0.009609627611288918,0.017730235721108434,-0.0032694576292006117
2022-02-15,0.04635546181732231,0.0836511218517133,0.01612695113424123
2022-02-16,-0.015980146552565966,-0.018582191853966257,0.00112084374209509
2022-02-17,-0.07698096913358421,-0.0778596181927732,-0.021361501874000433
2022-02-18,-0.008824669831184129,-0.029625308142098072,-0.006474895437522665
2022-02-19,0.0022777112612382133,-0.007906853719530593,0.0
2022-02-20,-0.042134705402338546,-0.04886059780017482,0.0
2022-02-21,-0.03517890476823349,-0.020750510795861543,0.0
2022-02-22,0.03343597354819128,0.026216043322746962,-0.010731664893340764
2022-02-23,-0.0283753850437104,-0.02109329763747758,-0.017738698746743276
2022-02-24,0.033742766734157215,0.00879590893464366,0.015049062456307771
2022-02-25,0.015431269762870903,0.056202458650764786,0.022064075328098065
2022-02-26,-0.00278140371606006,0.0059960574572912595,0.0
2022-02-27,-0.03243980486005049,-0.05411295226124235,0.0
2022-02-28,0.13743381435570323,0.10567798899723235,-0.0025586866603803937
2022-03-01,0.03149471833713413,0.022820250444473,-0.01523016086079243
2022-03-02,-0.015737190700983783,-0.013568664053745572,0.01839620785346341
2022-03-03,-0.03163678102691825,-0.03732965860362414,-0.004978514490965091
2022-03-04,-0.0736981988131512,-0.07229016804338462,-0.008124547254052428
2022-03-05,0.006719411402985376,0.018216439160533948,0.0
2022-03-06,-0.026105728187478583,-0.04239841239732434,0.0
2022-03-07,-0.002746412305027368,-0.01592968886142898,-0.02947932709870793
2022-03-08,0.024990799501288796,0.03896821006002438,-0.007581628648596905
2022-03-09,0.07604006902777805,0.051819065732467307,0.02681086991028403
2022-03-10,-0.06374803057562917,-0.04776539020098258,-0.004515583123148259
2022-03-11,-0.017166536868905347,-0.01946389888517741,-0.0127151832223239
2022-03-12,0.002810650910947343,0.0059350967367257645,0.0
2022-03-13,-0.0278020268485466,-0.02238034958555113,0.0
2022-03-14,0.05506914821118003,0.035414191657364036,-0.0073082641245463265
2022-03-15,-0.012177251005746514,0.0073824677617420065,0.02199047369775875
2022-03-16,0.039063711209232466,0.051073850627691764,0.02217427567545105
2022-03-17,-0.009025705001319606,0.011005622237505674,0.012510848394075902
2022-03-18,0.01852223664362551,0.04407269112109469,0.010952720633167656
2022-03-19,0.009321929542519536,0.0003143324414096593,0.0
2022-03-20,-0.022238321104189773,-0.029013233970631602,0.0
2022-03-21,-0.005500495841668451,0.011708721410140566,-0.0002922391637415478
2022-03-22,0.030718009488696962,0.025473838859152886,0.011701354384360041
2022-03-23,0.010705343760287533,0.017568729682846618,-0.012878423519363968
2022-03-24,0.02174462542266009,0.022246449470102014,0.015074262528448568
2022-03-25,0.005157081674692865,-0.0040781089770091095,0.004883648703315924
2022-03-26,0.004394802008334198,0.012724613654655714,0.0
2022-03-27,0.05212292260135909,0.047209476603323086,0.0
2022-03-28,0.009330265447324626,0.016470568669343155,0.007113130971248438
2022-03-29,0.005341103414548964,0.017738984745637065,0.012370857310582517
2022-03-30,-0.009680819564722332,-0.006140493912787814,-0.0061748762471426355
2022-03-31,-0.03099083056287566,-0.029185161871605025,-0.01539136330314761
2022-04-01,0.018005986809478403,0.05291507732955658,0.0028341448708411043
2022-04-02,-0.00891701500423936,-0.001302481157088864,0.0
2022-04-03,0.013117384436155177,0.022951210794529997,0.0
2022-04-04,0.00036844549295644846,-0.003710574933875277,0.008566554152746209
2022-04-05,-0.022997990702006255,-0.031200314058737244,-0.01263142007213125
2022-04-06,-0.04555051824903189,-0.06447507123094964,-0.00999911695334399
2022-04-07,0.008728499498533271,0.021291410132427302,0.005038958856474318
2022-04-08,-0.02927402690266656,-0.01408158031682516,-0.00267398498649718
2022-04-09,0.011692986787263049,0.021879932589139894,0.0
2022-04-10,-0.012562760232106895,-0.0144803749796516,0.0
2022-04-11,-0.05923370065826017,-0.0675031708144781,-0.01709236795631852
2022-04-12,0.014931097467526966,0.016161513020940266,-0.0037052185557753248
2022-04-13,0.020390237776708675,0.023495701640345645,0.011453607380751851
2022-04-14,-0.026525551614943965,-0.028189689338549706,-0.012451784743033656
2022-04-15,0.015592732951752453,0.007074348382891671,0.0
2022-04-16,-0.0031804384477939207,0.007035347198047548,0.0
2022-04-17,-0.01722989938921038,-0.022230463148185997,0.0
2022-04-18,0.026693972821847378,0.02022093772312683,0.00041136627882054633
2022-04-19,0.01678169311809352,0.01541820408539829,0.016142489176238728
2022-04-20,-0.012302891036017005,-0.017652144198958775,-0.0007415972962394601
2022-04-21,-0.012314906689352312,-0.02124503559292712,-0.014953568899599423
2022-04-22,-0.010086585043978413,0.0018661895251301797,-0.027438994483798163
2022-04-23,-0.006381187016313072,-0.00901285326626855,0.0
2022-04-24,0.0005122418566034792,-0.004285800294205111,0.0
2022-04-25,0.026258283984707198,0.030856363516877705,0.005797380272378083
2022-04-26,-0.05278970636955593,-0.06180213608095253,-0.028960661927197484
2022-04-27,0.030203152370158914,0.029435523286123866,0.0028117973878218905
2022-04-28,0.012575532889604224,0.015616396804515542,0.025259351417991738
2022-04-29,-0.024832492458823796,-0.03693669156066026,-0.03695566624315538
2022-04-30,-0.02317925985988345,-0.03033632199172165,0.0
2022-05-01,0.01950856939466239,0.035240396087184545,0.0
2022-05-02,0.0028060973020518354,0.011738243522716907,0.006019382261440054
2022-05-03,-0.023098558312212192,-0.02874141107210315,0.004584003021701921
2022-05-04,0.04380402463717359,0.048632967102663294,0.030453123995189513
2022-05-05,-0.0721957731444407,-0.0585248408626331,-0.03554290035501939
2022-05-06,-0.008426214653216357,-0.013579219544295862,-0.0059688755809800265
2022-05-07,-0.014954327864230343,-0.021850523228493013,0.0
2022-05-08,-0.039768865905760675,-0.04413923762101113,0.0
2022-05-09,-0.10421907859399027,-0.10179563186461804,-0.0320173094012598
2022-05-10,0.02565714011077902,0.04540861030503973,0.0023104637316873067
2022-05-11,-0.06990720352828717,-0.11832102623723251,-0.015886069882283582
2022-05-12,0.006205704885595464,-0.05106051609670892,-0.0010439650029225866
2022-05-13,-0.001089572704562225,0.01750987149854155,0.023907965106931828
2022-05-14,0.027939773943520096,0.020778021069576935,0.0
2022-05-15,0.0398723043846505,0.043371363412750386,0.0
2022-05-16,-0.05017051594124877,-0.06136802210722536,-0.004057551616039823
2022-05-17,0.015385143143792801,0.029946178389506972,0.02057038917145304
2022-05-18,-0.050020406078454926,-0.07725560879021143,-0.0403117110605028
2022-05-19,0.04984731454154212,0.04740823379117032,-0.006124577345160698
2022-05-20,-0.03520877940720146,-0.026711758865625712,0.0004364780364103371
2022-05-21,0.00792740147243709,0.006731618928418559,0.0
2022-05-22,0.02841695567452729,0.03288778421812388,0.0
2022-05-23,-0.04252213768079527,-0.03688755879218364,0.018710080013221386
2022-05-24,0.021995491727257566,0.006269374286185014,-0.007633644525171235
2022-05-25,-0.003402470506872035,-0.017514010101761235,0.00883491187232388
2022-05-26,-0.013487008639469167,-0.07573854135108937,0.01998126473981432
2022-05-27,-0.025649445322099562,-0.04749723124658212,0.024549085670557913
2022-05-28,0.013829811759167976,0.03912833459775622,0.0
2022-05-29,0.01460794074032079,0.010994862634860159,0.0
2022-05-30,0.07146148170648692,0.09565167309674738,0.0
2022-05-31,0.0005907347457978496,-0.028548577330083313,-0.005610723326611611
2022-06-01,-0.06033001915351366,-0.05877311079005021,-0.008088634837463582
2022-06-02,0.014467243669106455,-0.0020312596927630766,0.01904354114646467
2022-06-03,-0.02304661167828137,-0.030221912069619106,-0.016411601982004642
2022-06-04,0.004326709701290898,0.014946304224412676,0.0
2022-06-05,0.0017064081838567002,0.001230464877312265,0.0
2022-06-06,0.04864593698072528,0.029659269453868875,0.003044764918059162
2022-06-07,-0.010494527842735968,-0.0279033795170186,0.009592266566531338
2022-06-08,-0.028818716748951978,-0.00987177905765757,-0.01087218525663125
2022-06-09,0.008408754397516871,0.00972310257138087,-0.0237828856021991
2022-06-10,-0.027996737827718388,-0.06379596458927195,-0.028995583905358835
2022-06-11,-0.02485896077755878,-0.08130654324550368,0.0
2022-06-12,-0.05532281626855695,-0.05417668112044027,0.0
2022-06-13,-0.1535394751533672,-0.16034568524732684,-0.03796826880242721
2022-06-14,-0.008382160948457895,0.010049443491501941,-0.0030131639932204912
2022-06-15,0.010856079362320914,0.012145514261765245,0.014256289506692887
2022-06-16,-0.09136638833549593,-0.12871228206550633,-0.03309616621402378
2022-06-17,0.009962361731974179,0.023224625998089943,0.002155657786112153
2022-06-18,-0.07101785967086538,-0.08548630957304015,0.0
2022-06-19,0.07871926332657986,0.13274787947362143,0.0
2022-06-20,0.0007024778348949656,-0.0015575084260972538,0.0
2022-06-21,0.0015417079845867487,-0.006318299404041605,0.025173760808777645
2022-06-22,-0.032638782952775114,-0.06303091127724147,-0.0018130155052539232
2022-06-23,0.05712734178358292,0.08968257735402618,0.009802539454626613
2022-06-24,-0.0007805205014983496,0.06479292698253847,0.031793938871842675
2022-06-25,0.012748992384159052,0.013532443021190943,0.0
2022-06-26,-0.02156235050661015,-0.034552929888346795,0.0
2022-06-27,-0.015813131158550098,-0.007078762961738816,-0.0038198150058993408
2022-06-28,-0.021816979373557865,-0.0410182311370445,-0.020432687962257834
2022-06-29,-0.00791303316156422,-0.039100550402778156,-0.0008145795906164821
2022-06-30,-0.01675525828550617,-0.02965746431361349,-0.008124061432988716
2022-07-01,-0.025094260301838478,-0.006083871330585966,0.010576467007543888
2022-07-02,-0.0014069366397104766,0.006364972528970503,0.0
2022-07-03,0.003083930163751525,0.007037815321991214,0.0
2022-07-04,0.04600623999233555,0.06952351600864004,0.0
2022-07-05,0.011516585831068626,-0.000967066862125332,0.0018883639943667596
2022-07-06,0.018099517621310124,0.04658681536346054,0.0033773006873472067
2022-07-07,0.04735311590482261,0.037040817300422635,0.01497736424482965
2022-07-08,0.0018861058516266294,-0.014587222212165463,-0.0008225608722542965
2022-07-09,-0.006392225506444249,-0.004521776743419248,0.0
2022-07-10,-0.03299748345077491,-0.03902896489267216,0.0
2022-07-11,-0.0390432085598309,-0.05736084859190105,-0.011423875661071392
2022-07-12,-0.029739848001248514,-0.0512309333235641,-0.008848802997937666
2022-07-13,0.04331399605168307,0.06990680019537443,-0.005251644109953935
2022-07-14,0.026176594657375096,0.07889652194957009,-0.0024285925600647795
2022-07-15,0.007110104668633266,0.028947668294244444,0.01910546516543077
2022-07-16,0.016988890302607862,0.0969057665687525,0.0
2022-07-17,-0.02124898061429137,-0.012215244122762758,0.0
2022-07-18,0.07983379085047604,0.1768597525646085,-0.008257227343487883
2022-07-19,0.03165278430677154,-0.0306637154224787,0.027019193793783813
2022-07-20,-0.005738648359656429,-0.013764501332259593,0.00637308859639929
2022-07-21,-0.003396793908786777,0.03666947623249994,0.010183193468300988
2022-07-22,-0.01667645948313834,-0.022233733211309947,-0.009277954062125393
2022-07-23,-0.010984009448701926,0.007735379380542584,0.0
2022-07-24,0.0071462480985911014,0.033158081464180755,0.0
2022-07-25,-0.06060462675827183,-0.10153279847224383,0.0012149126589084958
2022-07-26,-0.003813150096097062,-0.0005728423944115768,-0.011831044942182456
2022-07-27,0.07478401887891861,0.12978098986591813,0.02596643247654229
2022-07-28,0.03888559608655617,0.053578768002266575,0.012542360412468812
2022-07-29,-0.002562220676532445,0.0002050518319325345,0.014578683776172108
2022-07-30,-0.006235149310844679,-0.01819914801640876,0.0
2022-07-31,-0.012008456288559621,-0.007024384975358511,0.0
2022-08-01,0.001308560891937427,-0.02532701852667829,-0.00296109087682217
2022-08-02,-0.011064335268149983,0.0020191823485566918,-0.006597377901014889
2022-08-03,-0.008206436141164564,-0.011088576592061417,0.01565947054186667
2022-08-04,-0.00829196163845547,-0.005444213470228609,-0.000675574637129972
2022-08-05,0.03395654662297698,0.08222759201837437,-0.0016902711002111381
2022-08-06,-0.014085276160795135,-0.02343567353283449,0.0
2022-08-07,0.010373130636770256,0.005568994968172314,0.0
2022-08-08,0.020268612716687784,0.0376299839409322,-0.00116082894244951
2022-08-09,-0.024777456469056602,-0.03854120226285351,-0.003970903799847436
2022-08-10,0.024912953817298744,0.07796165047539172,0.02100392347294955
2022-08-11,-0.000452455206328084,0.015042183939873777,0.0
2022-08-12,0.019584076535885675,0.04142998037640688,0.016928868040129386
2022-08-13,0.0008707659865274664,0.01230814381705847,0.0
2022-08-14,-0.003921797635166868,-0.022117376105919462,0.0
2022-08-15,0.002146070939542666,-0.007264203829294824,0.004120888363114084
2022-08-16,-0.015022367201325881,-0.01819822139723859,0.00195855015171964
2022-08-17,-0.01742758981129644,-0.018552838524187765,-0.0070979597508337156
2022-08-18,-0.003033494516749058,0.00991985981421628,0.0029064937763001453
2022-08-19,-0.09776515510409223,-0.12395063654228344,-0.013437967432990972
2022-08-20,0.013818957034243073,-0.022308641071812296,0.0
2022-08-21,0.017664950009637304,0.027110877546211443,0.0
2022-08-22,-0.001885612504326617,0.006398000840874163,-0.020822632160602095
2022-08-23,-0.0008910106336548207,0.017758957312176804,-0.0024194304030038527
2022-08-24,-0.0052746650234880565,-0.002525500862869068,0.0032013379289668187
2022-08-25,0.007126880028049509,0.02124458929652695,0.014117490688025924
2022-08-26,-0.054957258447160595,-0.1044714026601371,-0.03384898708622852
2022-08-27,-0.010773982902059553,-0.010868809917879751,0.0
2022-08-28,-0.019336294904098494,-0.03897090361373168,0.0
2022-08-29,0.029984888992212078,0.0806520194737006,-0.006612280036420892
2022-08-30,-0.018007300248857327,-0.012076398440084346,-0.010977669795353195
2022-08-31,0.01676775964849675,0.02360319700729252,-0.007609223118028696
2022-09-01,0.004276269417424983,0.021336890717210233,0.0031380322102789737
2022-09-02,-0.009491631998335026,-0.007323007515804503,-0.010544257028215931
2022-09-03,-0.0068946042163081644,-0.012901134384271318,0.0
2022-09-04,0.009077413932626177,0.014627801914868899,0.0
2022-09-05,-0.00969435992361456,0.02405915638592937,0.0
2022-09-06,-0.04734298900316758,-0.03239556437393931,-0.0037733812431350877
2022-09-07,0.022053848636367057,0.04162860796221168,0.017965179125975173
2022-09-08,-0.0016454422429647009,-0.0003600248321310451,0.006536052115676316
2022-09-09,0.10361745089347818,0.04882478483735886,0.015535266625489763
2022-09-10,0.014002326862609937,0.033226004441638146,0.0
2022-09-11,0.0019218924573969343,-0.010253024259895493,0.0
2022-09-12,0.024273577516637834,-0.03042901080259408,0.010747586343807125
2022-09-13,-0.0797431606647413,-0.06442116477038917,-0.04348247659285509
2022-09-14,-0.003279531717219064,0.03358019055536832,0.0038158117465725283
2022-09-15,-0.020085594576111476,-0.09365444145181023,-0.011353185230882135
2022-09-16,0.004781831688383864,-0.025543018428398012,-0.00762894318458518
2022-09-17,0.017953746117106206,0.026035057805965822,0.0
2022-09-18,-0.03554639943313387,-0.09179902273428275,0.0
2022-09-19,0.0052507505704608715,0.030415960079944293,0.00775497358155941
2022-09-20,-0.02459310112841273,-0.029796745030028604,-0.011478618519584316
2022-09-21,-0.009800854556850092,-0.04612947551537283,-0.01744377428047339
2022-09-22,0.04625132390106157,0.05947903948139355,-0.008399773541134636
2022-09-23,0.0025865673078351303,0.009049001195151174,-0.016754911158845975
2022-09-24,-0.018687550304772316,-0.007729180445829487,0.0
2022-09-25,-0.007807458277711343,-0.018715518046308333,0.0
2022-09-26,0.0323518792759494,0.04183449755193913,-0.009892598570141464
2022-09-27,-0.005057920607940414,-0.0031120802204975817,-0.002552762785700824
2022-09-28,0.009618628460154044,-0.001374922142358792,0.019676283964425334
2022-09-29,0.010883859981832167,0.002007230422472084,-0.020888914711365003
2022-09-30,0.0040580080698999765,0.005546485768751497,-0.01546349237041178
2022-10-01,-0.00615975732769769,-0.012300029642469235,0.0
2022-10-02,-0.017213512681676146,-0.03039617886221535,0.0
2022-10-03,0.0186761716552728,0.025274201570816057,0.026401155871855098
2022-10-04,0.027329552397577173,0.0202766733137576,0.030986643605849018
2022-10-05,-0.002136915145144358,-0.00028415169308437793,-0.002328166379470309
2022-10-06,0.00038182898721128566,0.009829877284311728,-0.010315802877344127
2022-10-07,-0.021061949776780442,-0.014789073243180684,-0.0278939262579162
2022-10-08,-0.006665105339730859,-0.012770171400464547,0.0
2022-10-09,0.0013919174013772295,0.005253614693661923,0.0
2022-10-10,-0.012740020507437277,-0.02072288952557666,-0.007635154140130496
2022-10-11,-0.003270056964290058,-0.007679486057561191,-0.006333236734168635
2022-10-12,0.007484953497493674,0.013912869539198791,-0.0032984900616853663
2022-10-13,0.007797488832484545,-0.00914224154779586,0.026391149184759488
2022-10-14,-0.001707517388310209,0.015836107349198825,-0.022788630865278936
2022-10-15,-0.006151563651979108,-0.017380967387982005,0.0
2022-10-16,0.00852433082933124,0.022633046899776188,0.0
2022-10-17,0.004383655851044388,0.00912233891876002,0.025696883281158822
2022-10-18,-0.010144140424628634,-0.015052398974624515,0.011749688354424581
2022-10-19,-0.0067241119848879816,-0.015525027582458772,-0.007086576999435934
2022-10-20,-0.004220916328462887,-0.001715750961904794,-0.008385389111204788
2022-10-21,-0.0034895226157178882,0.0032631268529861313,0.024301556721936457
2022-10-22,0.0018631608929584598,0.011041065150680707,0.0
2022-10-23,0.018914870562775077,0.037633457450143126,0.0
2022-10-24,-0.007650440923196,-0.00987267175969142,0.012236403495804682
2022-10-25,0.03269771376541719,0.08037474610085038,0.015968636482666554
2022-10-26,0.028371679449181064,0.06637958573188385,-0.00753415728618001
2022-10-27,-0.02231732313710877,-0.03231220083132613,-0.005339891933592633
2022-10-28,0.018364061248130392,0.030284538809601802,0.023790758154308866
2022-10-29,0.01083373889424144,0.04128671308018639,0.0
2022-10-30,-0.008513833203315113,-0.017584337058405675,0.0
2022-10-31,-0.006532392984032631,-0.0111158638899862,-0.00722325993182904
2022-11-01,2.6602410178266922e-05,0.004986224390475247,-0.004376011604812713
2022-11-02,-0.008914720542114729,-0.031146049433065537,-0.025096182170295855
2022-11-03,0.004461536342513561,0.009751923399462736,-0.010296902344798076
2022-11-04,0.02646270179940835,0.053701252831659385,0.014393128009692724
2022-11-05,0.006480264521284695,-0.010336579503652632,0.0
2022-11-06,-0.014513263325180548,-0.03205083499038908,0.0
2022-11-07,-0.016924149615579975,-0.003794100224138841,0.009565506652889688
2022-11-08,-0.10512621412701173,-0.15507987031757797,0.005395347326844213
2022-11-09,-0.13643820804645868,-0.16776829502879476,-0.02060183757323064
2022-11-10,0.09145071023988982,0.16411153398185663,0.054954089615662616
2022-11-11,-0.035845239500400417,-0.01395345396179637,0.009678794977013627
2022-11-12,-0.013869007213905382,-0.024889208885812142,0.0
2022-11-13,-0.026893871396494795,-0.027002700006192204,0.0
2022-11-14,0.020700216174568187,0.020698868387551972,-0.008507025791023914
2022-11-15,0.012228824019160367,0.0043871241370851966,0.008528992110660383
2022-11-16,-0.008161791751312264,-0.024359629038079533,-0.007628709079647411
2022-11-17,0.00020699120709077867,-0.013035968713795532,-0.00305985608254955
2022-11-18,0.007447066981176587,0.016463343272277164,0.004540392441352958
2022-11-19,0.0008246388630201995,0.005053608556473188,0.0
2022-11-20,-0.02780762769650036,-0.06493231050739545,0.0
2022-11-21,-0.025993310647182577,-0.024877869257810548,-0.0036360663998848963
2022-11-22,0.019088358824345564,0.017800547638595177,0.013457025857546379
2022-11-23,0.024203543002701444,0.04048218824274663,0.0063016169124558985
2022-11-24,-0.000488143137177266,0.01745123749469646,0.0
2022-11-25,-0.00061202020019413,0.0001670016708528177,-0.00022378386271804107
2022-11-26,-0.003483856906055127,0.00581520219940268,0.0
2022-11-27,-0.0001812615413659957,-0.007927374001540977,0.0
2022-11-28,-0.00793045663605263,-0.015103025616793442,-0.015957021351798995
2022-11-29,0.02113389618732664,0.047287373048913395,-0.001717623223904452
2022-11-30,0.03095946351769041,0.05144448910208044,0.031500707340011314
2022-12-01,-0.010307881322241808,-0.013564007824019675,-0.0007358538837858308
2022-12-02,0.009742877555248608,0.016724871489120163,-0.0011535357846659267
2022-12-03,-0.008822189914216905,-0.03769377311374278,0.0
2022-12-04,0.009727132104689895,0.026222574441516322,0.0
2022-12-05,0.0013300670790634683,-0.005731447124633138,-0.017989463803039896
2022-12-06,0.011330816051612569,0.01409560912490515,-0.014414689716036877
2022-12-07,-0.01388956335269198,-0.030608110849794867,-0.0017011798367275732
2022-12-08,0.01882481478638698,0.03538523692336848,0.007833877189697747
2022-12-09,0.0034716544886248535,-0.0039135619607606476,-0.007470112887519864
2022-12-10,-0.000185613901160675,0.0017335412410481865,0.0
2022-12-11,-0.0065655560077013675,-0.007117022157318242,0.0
2022-12-12,0.0041083301483706425,0.006631822365351203,0.014417383948545082
2022-12-13,0.02769918382757175,0.030308437898506124,0.007569615305276223
2022-12-14,0.0015420178597285172,-0.008881607165237893,-0.006393444905416712
2022-12-15,-0.01768409951190275,-0.02526210068444812,-0.024461753758748817
2022-12-16,-0.03572234212220082,-0.07208314352228229,-0.01180606479061408
2022-12-17,0.0088665993299466,0.017025558343062963,0.0
2022-12-18,-0.005664428996112858,-0.006342773173459104,0.0
2022-12-19,-0.02226453539506179,-0.01772430476735576,-0.008479792656164942
2022-12-20,0.025203932104254756,0.03967770172014351,0.0013684536165938788
2022-12-21,-0.004119285231771741,-0.0022363425340896637,0.014952481506537607
2022-12-22,0.0022255652231168987,0.005244085122439346,-0.014266116328458422
2022-12-23,-0.0013983781128635853,0.002210776951601323,0.005752168463999174
2022-12-24,0.0030245457684652255,0.0008106509088330327,0.0
2022-12-25,-0.002865635526131838,-0.004310127881071546,0.0
2022-12-26,0.0008884562631479298,0.0028337133004989745,0.0
2022-12-27,-0.014482594580826236,-0.014066677623565949,-0.003943514755899158
2022-12-28,-0.00429192371994247,-0.013300149440633957,-0.012427879581901391
2022-12-29,0.0019704670257572054,0.006288011296412099,0.018000190598261634
2022-12-30,-0.0012717519543402611,-0.0008484425308351584,-0.0026339066988124715
2022-12-31,-0.003313730511687596,-0.0020481931506752815,0.0
2023-01-01,0.002052796713716054,0.000871351609768034,0.0
2023-01-02,0.006027025260433749,0.013631404795561686,0.0
2023-01-03,0.007538606138309367,0.008160372657783688,-0.004209852305879558
2023-01-04,-0.0028371370787071415,0.020215479107281054,0.007720103663955147
2023-01-05,0.004140149296839368,0.0008478747087545813,-0.011413287521045645
2023-01-06,-0.0015925432710770515,0.006640857066069206,0.022932082245716634
2023-01-07,0.00018332323913328175,-0.0040245812128199,0.0
2023-01-08,0.007051597746051241,0.01727935127107072,0.0
2023-01-09,0.0030104166232558516,0.023329013707560797,-0.0005667955367277822
2023-01-10,0.017581093299490202,0.014435148549878596,0.007012778045644152
2023-01-11,0.027670257466829717,0.03807688142581145,0.012647971295876248
2023-01-12,0.04805469780421601,0.017675708971356174,0.003640678603092251
2023-01-13,0.057007220349276855,0.025586716305020074,0.003879531658906421
2023-01-14,0.05357855072009743,0.0682633783741815,0.0
2023-01-15,-0.00483135283506686,0.0008629297321933738,0.0
2023-01-16,0.013899831631850157,0.015754666025680653,0.0
2023-01-17,-0.0009979570592035802,-0.006311096536702143,-0.0018318671326799096
2023-01-18,-0.014670163579919127,-0.02580007488528835,-0.01578820588019736
2023-01-19,0.016815440331693576,0.022011963794458467,-0.007279905691193633
2023-01-20,0.06973084169445598,0.06341885454697715,0.018629086558608066
2023-01-21,0.004457189540424178,-0.019663113234008822,0.0
2023-01-22,-0.00420155504976949,-0.000918630201379389,0.0
2023-01-23,0.009452769455909449,-4.754357806235898e-05,0.01199865542649281
2023-01-24,-0.0129106918976033,-0.04392372032730374,-0.001073113459112096
2023-01-25,0.021945837833533988,0.03609108644124426,0.00037475140488285597
2023-01-26,-0.008415817954569915,-0.010066649127819738,0.01099038203208047
2023-01-27,0.0034885229835135423,-0.001601523557205109,0.0022975273700434062
2023-01-28,-0.001914530213892096,-0.01594689050582232,0.0
2023-01-29,0.029657283623363062,0.044221750545069494,0.0
2023-01-30,-0.03360254447719735,-0.04223664765906432,-0.012546730036622544
2023-01-31,0.0073409981219767495,0.006504338863846604,0.01470332705483779
2023-02-01,0.0226440076065213,0.03218907965243756,0.01062793332493861
2023-02-02,-0.007394493620544451,0.004143456250566446,0.014556645860303918
2023-02-03,0.006068306025268866,0.02021411594479372,-0.010628901278940561
2023-02-04,-0.005009775854031839,0.0013898257972007055,0.0
2023-02-05,-0.016709931078415785,-0.021826889404275573,0.0
2023-02-06,-0.0055970287815364506,-0.006518412441548493,-0.00611151382521391
2023-02-07,0.018215663549215888,0.030513631999226964,0.013078815902004992
2023-02-08,-0.009938298079227637,-0.008699359504177329,-0.010934839251123485
2023-02-09,-0.048590265723652326,-0.06292564335022355,-0.008669269986233186
2023-02-10,-0.012263817093935536,-0.024926207565388436,0.002333774366458208
2023-02-11,0.01003289155610898,0.016426451267636866,0.0
2023-02-12,-0.005889796984965612,-0.018248801086119815,0.0
2023-02-13,-0.0007569862177505549,-0.006853144533164435,0.011738981962691408
2023-02-14,0.01936740274424653,0.03343121713093811,-0.00046020372564126166
2023-02-15,0.09811517037980888,0.07918779434714773,0.0032475333015036245
2023-02-16,-0.022242786507599588,-0.014161397894001282,-0.013769056923933154
2023-02-17,0.03993965926037912,0.0334201461296566,-0.0024981575099861653
2023-02-18,0.003080423081117001,-0.0017488132060520245,0.0
2023-02-19,-0.012132322361372294,-0.00553772168611133,0.0
2023-02-20,0.01843306063072725,0.010466947801276438,0.0
2023-02-21,-0.009994043215802773,-0.020452527518414088,-0.020060804826083856
2023-02-22,-0.009192571953486661,-0.007991735388823473,-0.0013780161453301742
2023-02-23,-0.010158967185677104,0.004588516884428184,0.0053193627058141235
2023-02-24,-0.024659563364806347,-0.01919278588646678,-0.010682531731974088
2023-02-25,-0.0009075320592074609,-0.008294906766062815,0.0
2023-02-26,0.013621205917152102,0.02571683432170846,0.0
2023-02-27,-0.003157527267974136,-0.005482492137384054,0.0034058262955920515
2023-02-28,-0.01088651114414696,-0.012326145896602969,-0.003695817609116969
2023-03-01,0.017379827609660836,0.031584796846812146,-0.0038359794276920933
2023-03-02,-0.00667838562772316,-0.00913217746922479,0.007777199972254678
2023-03-03,-0.04588194429530523,-0.045921495855152594,0.016037823150925057
2023-03-04,-0.0004905761916769169,-0.0015032541757313833,0.0
2023-03-05,0.0027190618813059952,-0.002518500907898291,0.0
2023-03-06,0.0005472645792934383,0.0026784411637592598,0.0006927662934974599
2023-03-07,0.00038977588749800063,0.006322570401525729,-0.015328758314229418
2023-03-08,-0.019070545664127136,-0.014302169333238024,0.0016322429539235017
2023-03-09,-0.0601904468959189,-0.06000155224545678,-0.018449987740634777
2023-03-10,-0.00675221581350971,-0.0047214353742606185,-0.014429480395133698
2023-03-11,0.022125579204192336,0.0374804661799506,0.0
2023-03-12,0.06713936106343255,0.06554599164460106,0.0
2023-03-13,0.08961313682205496,0.054533606712020566,-0.001425243844162205
2023-03-14,0.018835790045262035,0.0100055618175936,0.016530009063413065
2023-03-15,-0.009322998686510209,-0.022221812766083926,-0.006254231155168322
2023-03-16,0.02421356543965425,0.009200398642184027,0.017545283350719476
2023-03-17,0.0986557751325503,0.07264169950177357,-0.011692657631121262
2023-03-18,-0.0166311942882299,-0.01712565775567887,0.0
2023-03-19,0.03543525329994268,0.009337758867429269,0.0
2023-03-20,-0.012656814621399337,-0.031065490511837934,0.00961551212062317
2023-03-21,0.017471542430954834,0.04399670891853846,0.013130488155307152
2023-03-22,-0.030056547085442142,-0.03745637550619885,-0.017046511376053286
2023-03-23,0.03741411845658216,0.04510342689258939,0.002703473428966374
2023-03-24,-0.023644285525495246,-0.02944218676715782,0.006561969131307688
2023-03-25,5.17740539114353e-05,-0.004725966619926858,0.0
2023-03-26,0.012738948561486607,0.012867408215459841,0.0
2023-03-27,-0.035745693177633986,-0.03911703596530969,0.001869853957449763
2023-03-28,0.00015925646308789787,0.02872010200790287,-0.0022447746854631356
2023-03-29,0.037579172950903184,0.009420100306820611,0.01453494582086523
2023-03-30,-0.014316032758227348,-0.003391744536952901,0.005855308319204777
2023-03-31,0.01627439631884564,0.016738898202878882,0.014094585563272588
2023-04-01,-0.0023684616618449006,-0.004479353523059837,0.0
2023-04-02,-0.009227729389317596,-0.011778613640022195,0.0
2023-04-03,-0.01939492972714041,0.0031242228958663354,0.0038106762558121066
2023-04-04,0.013787973440192891,0.03372939604417691,-0.005548253987351925
2023-04-05,0.0014566347043503125,0.021495632978967727,-0.0026182296748847866
2023-04-06,-0.0017171469684514884,-0.015967739084101873,0.003900751742422326
2023-04-07,0.0004898354499673907,0.0008185863829337503,0.0
2023-04-08,0.0007854574624339694,-0.008650037653127773,0.0
2023-04-09,0.009822263508665996,0.0014175345548994578,0.0
2023-04-10,0.046380908838224544,0.02766758880297049,0.001026556613468177
2023-04-11,0.016605610793022585,-0.012886961939233776,0.0002684432110580115
2023-04-12,-0.004862675827592922,0.01333972720257881,-0.004075901554343897
2023-04-13,0.0011756376860534434,0.040133358602393976,0.013282752097333761
2023-04-14,0.016138523822338158,0.0580579809709878,-0.002442777759389503
2023-04-15,-0.005484680240251061,-0.004362588057587047,0.0
2023-04-16,-0.011357329869503108,0.0017579289994502645,0.0
2023-04-17,-0.026638286016986923,-0.018555356983005256,0.003588201061582863
2023-04-18,0.03211052379339918,0.013393832976249964,0.0006523183545152911
2023-04-19,-0.0462865111810522,-0.07453194473704639,-0.00016900650591300526
2023-04-20,-0.01914326058342264,0.004342753677992972,-0.005457091778963918
2023-04-21,-0.02217789192368047,-0.03595239115968962,0.0007769280244476207
2023-04-22,0.02187375915764611,0.015138281233308737,0.0
2023-04-23,-0.018109212929517504,-0.01648870187184437,0.0
2023-04-24,-0.0029197724405098935,-0.010889147569498547,0.0010430813640951442
2023-04-25,0.0349067657608364,0.019412025045513204,-0.015873622385480513
2023-04-26,0.004970004783468651,0.0007986778649939907,-0.004235749549145518
2023-04-27,0.03462685429529477,0.020299129409504735,0.01990802466868513
2023-04-28,-0.0005712390771964726,-0.0045824779255416725,0.008535149198233949
2023-04-29,-0.0030548824834065735,0.00874184889126206,0.0
2023-04-30,-0.006217193446073299,-0.023550987287597414,0.0
2023-05-01,-0.04081401881934321,-0.02456157514981039,-0.0010096941403092696
2023-05-02,0.026091620885773104,0.02632521384313491,-0.011239210689381274
2023-05-03,0.012167919042661346,0.018915390261543097,-0.006864067516082595
2023-05-04,-0.013295941718238669,-0.021908278589043984,-0.007082924500946275
2023-05-05,0.020249253466094963,0.05881159703965433,0.01851250502037738
2023-05-06,-0.021322913255462095,-0.047536923314673185,0.0
2023-05-07,-0.022674299035104428,-0.02141258198081708,0.0
2023-05-08,-0.02727630985086893,-0.013381538277798422,0.00026678421169346045
2023-05-09,-0.0010606688669005937,-1.648898876194238e-05,-0.004385370800291222
2023-05-10,-0.0015475008642394927,-0.0035634575866594353,0.004672344620254121
2023-05-11,-0.013486429603415728,-0.01594674601361079,-0.0017442098930063876
2023-05-12,0.004643048681957529,0.018475983366469384,-0.0013101370544295055
2023-05-13,-0.0007069017727708848,-0.00651169412705721,0.0
2023-05-14,-0.0020589931488265156,-0.005066177673588745,0.0
2023-05-15,0.0030606761799252258,0.002800600990428004,0.0034499898946576124
2023-05-16,-0.004926301223766916,0.004435391525765997,-0.006682708873495313
2023-05-17,0.012611384356819189,-0.0020121225867463233,0.012139195016512616
2023-05-18,-0.018422321054926583,-0.00877041018434277,0.009633171847647892
2023-05-19,0.0019529718595392431,0.0058216779478637015,-0.0014551569314467105
2023-05-20,0.008979744203822415,0.0044264445303652256,0.0
2023-05-21,-0.014332023904700342,-0.009243529226478198,0.0
2023-05-22,0.004655808309193432,0.008222946041166468,0.0004061635621870341
2023-05-23,0.013744114020900922,0.020069892485418794,-0.011222941454270163
2023-05-24,-0.026322971232982106,-0.022848608174903307,-0.007244713626832988
2023-05-25,0.009368911746311603,0.007243377834551312,0.008659972818161776
2023-05-26,0.006884553537222171,0.010285144833410698,0.012950640185746431
2023-05-27,0.005578837703483774,0.0013280750375146422,0.0
2023-05-28,0.04501031391355759,0.043282464541776866,0.0
2023-05-29,-0.012432777361154668,-0.009670039372222439,0.0
2023-05-30,-0.0018560818397976853,0.0039100695381524275,0.00038101063991913264
2023-05-31,-0.019885477383022043,-0.016617752967516553,-0.005545327012641654
2023-06-01,-0.023518803946887212,-0.015274764864756873,0.009501078482852199
2023-06-02,0.014764026995579993,0.02293007145340864,0.014461175333247533
2023-06-03,-0.0065502509719692625,-0.007930786968412429,0.0
2023-06-04,0.001828024697460462,-0.000798861415896801,0.0
2023-06-05,-0.04870725087609107,-0.040204450467246966,-0.0019163814803240253
2023-06-06,0.053430987483204406,0.036200399322226184,0.0021775113643234256
2023-06-07,-0.0347318513767888,-0.029612003219810057,-0.0034576767954038745
2023-06-08,0.0054988025182434175,0.006929573630693131,0.006048531372995436
2023-06-09,-0.0005957146480519704,-0.0028377571219520004,0.001794288346208095
2023-06-10,-0.023758487814555918,-0.04773352040257861,0.0
2023-06-11,0.001085292801870752,-0.0017598258244513332,0.0
2023-06-12,0.0005910589880258055,-0.004175405882211103,0.009071780591375811
2023-06-13,-0.003110959004736902,-0.005731132127393845,0.006593014540483333
2023-06-14,-0.029694218751644796,-0.04997836420756696,0.0011908981326058665
2023-06-15,0.0099981206934745,0.001177100587939961,0.012397483760665962
2023-06-16,0.02751449581185894,0.028856937587359743,-0.0034061223852944744
2023-06-17,0.006959008183121007,0.006137140084101267,0.0
2023-06-18,-0.006505585752769383,-0.003761235087526904,0.0
2023-06-19,0.02033175765488715,0.010704573443951038,0.0
2023-06-20,0.05616100748610808,0.03248893021071364,-0.005188054927283137
2023-06-21,0.05484960182708276,0.05004635820050862,-0.0051237743633494315
2023-06-22,-0.004866529733533964,-0.01058293965226842,0.003609664478822605
2023-06-23,0.03087301812761023,0.015254303161825522,-0.007559991236628538
2023-06-24,-0.004781641641078416,-0.008876722570705597,0.0
2023-06-25,-0.005399456162360483,0.00982310527970598,0.0
2023-06-26,-0.007883346792500134,-0.022618713779644417,-0.004085746799876611
2023-06-27,0.017272265415967825,0.019783739760942387,0.010963300537682796
2023-06-28,-0.015457699007976555,-0.028566673698750433,0.0005043442609844462
2023-06-29,0.01179231443298212,0.013125607536383699,0.00394136199048889
2023-06-30,0.0008082717923310057,0.04346078484129401,0.011800684726839705
2023-07-01,0.003702103127762868,-0.004460530175186883,0.0
2023-07-02,0.0013206007157327004,0.007007693851506458,0.0
2023-07-03,0.01718116864521191,0.008955152921264364,0.0011506280969419969
2023-07-04,-0.01392550704021156,-0.011361950724858905,0.0
2023-07-05,-0.0040110899751926166,-0.008923720085700637,-0.001487195170296829
2023-07-06,-0.013940362298717313,-0.026620071802489487,-0.007830818086635327
2023-07-07,0.00941789389090153,0.006838477408647403,-0.0025245706175565097
2023-07-08,-0.0016387588144517462,-0.0027065660578087236,0.0
2023-07-09,-0.0054859761728121015,-0.0028414489401742404,0.0
2023-07-10,0.007768910027188269,0.009124981014706268,0.0025309602053251723
2023-07-11,0.0033274170866814945,-0.004614727873642921,0.006368592026315456
2023-07-12,-0.010821827680238316,-0.006659973877292447,0.00804589229559749
2023-07-13,0.03007561528628422,0.06598843638369156,0.00793701497770738
2023-07-14,-0.027677414653489385,-0.024844544146010894,-0.0006229393175759546
2023-07-15,-0.0010348278153384793,-0.0038376800176217474,0.0
2023-07-16,-0.0018424440453835844,-0.004331575003042154,0.0
2023-07-17,-0.005498977952451356,-0.008336488695903643,0.003472145982571506
2023-07-18,-0.012220296701234479,-0.009976731504312664,0.007430635693141285
2023-07-19,0.001706613173245275,-0.00474065816938829,0.002223843587500385
2023-07-20,-0.0032944260208370713,0.001822982579363197,-0.006634503642806822
2023-07-21,0.008196755574080505,0.00485208162935713,0.0
2023-07-22,-0.004578625217976251,-0.014358685279343808,0.0
2023-07-23,0.010131763702985852,0.012645308294571445,0.0
2023-07-24,-0.033859063397349565,-0.0244698267712381,0.004467249089729508
2023-07-25,0.0027001282591407882,0.0051561906690758,0.0027301141411819607
2023-07-26,0.005659844261808322,0.009060103904205308,0.000153620734480997
2023-07-27,-0.0031796449515717473,-0.004571343924749116,-0.006629920143281898
2023-07-28,0.00541666388660933,0.009441126764475838,0.0097903601102034
2023-07-29,0.0012850080483934878,0.0033731695331695732,0.0
2023-07-30,-0.0026294799192990714,-0.010177169453564061,0.0
2023-07-31,-0.005924955331513382,-0.0073194384795486345,0.0019040350388652705
2023-08-01,0.02105080100080925,0.014187075971240137,-0.0028615365484313537
2023-08-02,-0.012143576313975224,-0.011963902077214095,-0.013910815979110591
2023-08-03,0.0014393546100217591,-0.0016283240846421965,-0.002865772879612538
2023-08-04,-0.001558814410640652,-0.002020689170694423,-0.00452288963489933
2023-08-05,-0.0006358073950496479,0.0044463499532620965,0.0
2023-08-06,-0.0006645505159386111,-0.004753806633798319,0.0
2023-08-07,0.004497975458531034,-0.0005637170567857064,0.008728490963958446
2023-08-08,0.024181406246183368,0.019921208985665295,-0.004348682851738284
2023-08-09,-0.007347647881774555,-0.0013106257493279427,-0.006685127678944691
2023-08-10,-0.00259985023019349,-4.454283549093496e-05,0.00035888707511055884
2023-08-11,-0.001467344549638816,-0.002344588128197267,-0.0005830174998955329
2023-08-12,0.0006208030417074184,0.0009558337724524524,0.0
2023-08-13,-0.0044490454022578785,-0.005123599833166348,0.0
2023-08-14,0.005694565598316936,0.004072624218594001,0.005519937647355144
2023-08-15,-0.005782819154190766,-0.007044923052227592,-0.011648885173091261
2023-08-16,-0.012679031401529595,-0.008245246710068543,-0.007338228275655001
2023-08-17,-0.07037940638510565,-0.06625707286422244,-0.007619790531865345
2023-08-18,-0.02143203216756895,-0.012590139875586548,0.00048130676948177076
2023-08-19,0.0017908124601380138,0.005133700012263098,0.0
2023-08-20,0.0016404454642344746,0.007263896943778603,0.0
2023-08-21,-0.0021762257115797157,-0.010115828050183184,0.006506391268614298
2023-08-22,-0.0032813368887036898,-0.019764009248519954,-0.002708613588576214
2023-08-23,0.013432013354604644,0.025818314186376812,0.011137642852297791
2023-08-24,-0.005605770118622733,-0.006935448205906858,-0.013858939840564188
2023-08-25,-0.002662312080734197,-0.002500437866192029,0.007049614156698691
2023-08-26,-0.001505218627468885,-0.004010034636359516,0.0
2023-08-27,0.002030324769200842,0.0057098925672900425,0.0
2023-08-28,0.0010090858472928677,-0.002673142126137118,0.006341540011169489
2023-08-29,0.05885094259311607,0.04355558568194229,0.014454625287090073
2023-08-30,-0.01724654567247197,-0.015965865205452068,0.004118880197850672
2023-08-31,-0.0517654668453682,-0.0366383300036115,-0.0014634570409288727
2023-09-01,-0.0007067698044391779,-0.006108341474604262,0.0018651909959905844
2023-09-02,0.002712371975429173,0.005314617418585632,0.0
2023-09-03,0.004371007055234077,-8.088474725764794e-05,0.0
2023-09-04,-0.004404165771589863,-0.0022991370899644314,0.0
2023-09-05,0.0017376114369218598,0.005443772615830955,-0.0043219137438793576
2023-09-06,-0.0010777498422865905,-0.0008831911984590324,-0.006722383250813535
2023-09-07,0.02217842715176732,0.012640875142065022,-0.003070279534983067
2023-09-08,-0.014475037816215841,-0.008691686824214062,0.0015062509626819764
2023-09-09,-0.0003850411512730245,-0.0005962369343764928,0.0
2023-09-10,-0.004676275200203528,-0.01341841573719138,0.0
2023-09-11,-0.029410606240650283,-0.043759481782402854,0.006576481594687378
2023-09-12,0.024612068113092356,0.02424824125982772,-0.005485612972396137
2023-09-13,0.01526569964229152,0.009746862563174696,0.001165966760226178
2023-09-14,0.009144840189472703,0.009081435598143006,0.008622411670517804
2023-09-15,0.0038734808829981038,0.010295305884957306,-0.012048307075186226
2023-09-16,-0.001297459621572683,-0.003689064124288155,0.0
2023-09-17,-0.0023013367368961424,-0.008548989149037567,0.0
2023-09-18,0.005651432916722765,0.006259164613337198,0.0005864854158883492
2023-09-19,0.013745965243803449,0.000499374096425198,-0.0020739365544355515
2023-09-20,-0.00029803964450525466,-0.009982717926504736,-0.009193177942511066
2023-09-21,-0.020824985966810594,-0.023798543177307452,-0.01652851095876995
2023-09-22,0.00138085610678651,0.006592749484780613,-0.002248531694434508
2023-09-23,0.0001415119775889373,0.0005181772654665462,0.0
2023-09-24,-0.013140452604334274,-0.009167623223888643,0.0
2023-09-25,-0.00047416721347848245,0.0026579600277092386,0.00420520522886747
2023-09-26,0.0020488528952553597,0.008377381914453919,-0.014691205752424663
2023-09-27,0.003741203367336521,0.0011346001599681355,0.0003990838639933436
2023-09-28,0.024628739802435184,0.03391611708318498,0.005797303360416617
2023-09-29,0.002889539795221774,0.01615795679606391,-0.0024267273291270763
2023-09-30,0.0024569439169108698,0.0022980183645380237,0.0
2023-10-01,0.03640465624047762,0.03622466946524949,0.0
2023-10-02,-0.008761372832062353,-0.03323691012101393,-0.00039773661428799123
2023-10-03,-0.0012247166811703014,-0.0017371293725195747,-0.013386074368170742
2023-10-04,0.01603640284740293,-0.002819457243194212,0.00728207806812442
2023-10-05,-0.01647817563362186,-0.024727230707323966,-0.0003769345819085723
2023-10-06,0.01759434832078055,0.01955306305494786,0.011872864746867107
2023-10-07,0.0007958424560856603,-0.006878101593225772,0.0
2023-10-08,-0.0026811148285308395,-0.0020643930834972624,0.0
2023-10-09,-0.018538045013948734,-0.038734719924254035,0.006402286902741361
2023-10-10,-0.006730127838226685,-0.007400874099455446,0.005204727061604464
2023-10-11,-0.01806031807987618,-7.485976404619787e-05,0.004096387694828563
2023-10-12,0.0021992987389873875,-0.010558080621632437,-0.006096517527236722
2023-10-13,0.0025739259635713108,0.006726469609800834,-0.004980952802409511
2023-10-14,0.00012140706640195731,0.002187313398134716,0.0
2023-10-15,0.0092655008747482,-9.187705747315533e-07,0.0
2023-10-16,0.04789864189286419,0.02513287731645253,0.010521380709752393
2023-10-17,-0.0008780022511382102,-0.0192187668571302,-4.580638259532588e-05
2023-10-18,0.0013466544220959165,0.0033521920551209394,-0.013324954737200079
2023-10-19,0.014016234245473935,0.0025658257016771824,-0.008786368881080087
2023-10-20,0.03443481685742089,0.024629320197514293,-0.012288100938931734
2023-10-21,0.007932564811497844,0.01535382859939416,0.0
2023-10-22,0.0008879852748702177,0.019279635926847005,0.0
2023-10-23,0.10173552241886297,0.05997901383439985,-0.0017332588961358475
2023-10-24,0.028618269641015104,0.014716654767736426,0.007539390856413197
2023-10-25,0.022227355448782626,0.006078856078318484,-0.014352281361824648
2023-10-26,-0.00902823408577913,0.010334987831236875,-0.011974516505025679
2023-10-27,-0.0025890432649159356,-0.008690455983508483,-0.004532753148215329
2023-10-28,0.005301648417899374,-0.0019253849361922093,0.0
2023-10-29,0.011902059468611004,0.009390685005928656,0.0
2023-10-30,-0.0034666628597765925,0.0056561748299681636,0.011955819011107538
2023-10-31,0.008350538258129037,0.007070997665333145,0.006280315984165341
2023-11-01,0.018896185083457917,0.01358078764578674,0.010664573592227722
2023-11-02,-0.020288585098327205,-0.031295252811938123,0.01916449253640584
2023-11-03,-0.01132430853159716,0.01230801610402743,0.009123417452200577
2023-11-04,0.010073316569149782,0.013587718462426679,0.0
2023-11-05,-0.001765487204920757,0.01877948261695872,0.0
2023-11-06,0.0023728853105704495,0.00572244716039183,0.0023004563678501455
2023-11-07,0.01682155319186851,-0.0010287426918085263,0.0028460130058081123
2023-11-08,0.007568144476704175,0.0022210331302152664,0.0007323405858770116
2023-11-09,0.030497289833286034,0.12390779156393572,-0.0077988281101770696
2023-11-10,0.016036315504241117,-0.020785631630022672,0.015604942647585496
2023-11-11,-0.004425985010042988,-0.012019892446065716,0.0
2023-11-12,-0.002515250286227455,-0.003932374397685012,0.0
2023-11-13,-0.014634314427270922,0.005200131885020554,-0.0009533067280916852
2023-11-14,-0.03358530127639647,-0.044159657323620594,0.019400740444038833
2023-11-15,0.0646634297349753,0.03987273788327905,0.002117132116899789
2023-11-16,-0.04076054703693355,-0.04351947496071529,0.0012229976468067782
2023-11-17,0.0100772790678747,-0.0019164727847555962,0.001244032766088976
2023-11-18,-0.00029998743894965596,0.00102198311346835,0.0
2023-11-19,0.021718232479195354,0.025254643680979294,0.0
2023-11-20,0.002807614696364036,0.004877848737107282,0.0076976418024570226
2023-11-21,-0.046179502422704966,-0.04392377709038231,-0.0021795723362886266
2023-11-22,0.04459623972710913,0.06513979929910607,0.003860881192604859
2023-11-23,-0.0035544228172620373,-0.0008137495518634186,0.0
2023-11-24,0.007791347604086063,0.0054359556192848935,0.0006153651391245241
2023-11-25,0.002028363853276538,0.0015669747372069054,0.0
2023-11-26,-0.00941548425904104,-0.011144706161570705,0.0
2023-11-27,-0.007844076641398967,-0.019205220810431523,-0.001801022649167927
2023-11-28,0.01250218858041885,0.00784212485483371,0.0009902039723745926
2023-11-29,0.002662291392698357,-0.0075527882459299756,-0.0007035020127879044
2023-11-30,-0.006452875931755031,0.008504379781247184,0.003937509171831888
2023-12-01,0.021521160351642088,0.012528887102972286,0.005915886918999691
2023-12-02,0.020356930446624455,0.03764190526299194,0.0
2023-12-03,0.011994049484277625,0.012199047802206486,0.0
2023-12-04,0.053975027350142035,0.026378839507942953,-0.0052494458493974605
2023-12-05,0.054089622454468245,0.026515132637958017,-0.00019694533872272046
2023-12-06,-0.0075859898619198285,-0.027111764723846243,-0.004029912791496892
2023-12-07,-0.010027887176825678,0.05679193966240237,0.007630443155810962
2023-12-08,0.019927064140886852,0.0002341946594022204,0.004299242822775939
2023-12-09,-0.009976190807702512,-0.007443286004347183,0.0
2023-12-10,0.0003592185596519304,0.003949085200450675,0.0
2023-12-11,-0.05813276446608351,-0.05457204462904974,0.0038894078636053653
2023-12-12,0.005548114793238357,-0.009596836524991326,0.0045672258868239
2023-12-13,0.028985151373583706,0.020894184291410767,0.013790080027673124
2023-12-14,-0.00474533799899135,0.01671979607388341,0.003209410544784186
2023-12-15,-0.026236059375688958,-0.042766180162787104,-0.001646463704508827
2023-12-16,0.007777982663085936,0.003794177278713784,0.0
2023-12-17,-0.021930812645788778,-0.014885410299776747,0.0
2023-12-18,0.031707076969109016,0.01071380900998542,0.005625106212735709
2023-12-19,-0.012706775022373495,-0.02215228206472153,0.006080857849790622
2023-12-20,0.034300218307559804,0.012616588135848872,-0.01385726166200052
2023-12-21,-0.0006842240637885411,0.011368851782819211,0.00948187451050475
2023-12-22,0.00392014132215035,0.03985993487961559,0.0020097726837533525
2023-12-23,-0.005872106260085941,-0.007512756099556928,0.0
2023-12-24,-0.01838835593070076,-0.02062054862128271,0.0
2023-12-25,0.012368905962597765,0.001537925079837299,0.0
2023-12-26,-0.029148536970522887,-0.022206211513637775,0.004222399082608019
2023-12-27,0.022359395115711278,0.06669304096549822,0.0018081246896106684
2023-12-28,-0.016892286167606962,-0.011226485452853652,0.0003778149223807592
2023-12-29,-0.010106772637509143,-0.017695115367794445,-0.002894942037385384
2023-12-30,0.0015168083480923134,-0.0035988216829666575,0.0
2023-12-31,0.001544411524508238,-0.0056389363750305455,0.0
2024-01-01,0.04456408792312261,0.030622468796120517,0.0
2024-01-02,0.023868092145263642,0.007362363178153641,-0.005596449256205505
2024-01-03,-0.04499436169054061,-0.05967691196128655,-0.008166666303841552
2024-01-04,0.031645945233296224,0.02692315742301754,-0.0032211463636230286
2024-01-05,0.0008935456059109281,0.0011114632405102576,0.001369691170573173
2024-01-06,-0.003928606624112652,-0.011911246356066996,0.0
2024-01-07,-0.0020324416437459414,-0.009345687075804965,0.0
2024-01-08,0.06818410760311555,0.04886388401285946,0.014275959866242083
2024-01-09,-0.014844918976015364,0.007963377695457075,-0.001517078830942542
2024-01-10,0.009832729474402502,0.10037965426384976,0.005655447799110647
2024-01-11,-0.0056524808987168385,0.014433508822436547,-0.00044071600910722264
2024-01-12,-0.07308259302832543,-0.03347671797385254,0.0006928497318570148
2024-01-13,-0.0002516873240481221,0.020653071838219406,0.0
2024-01-14,-0.025244376531780577,-0.04131477763404734,0.0
2024-01-15,0.01934024801363443,0.018038646592904772,0.0
2024-01-16,0.019193024075651488,0.03452242734670952,-0.003671359912841843
2024-01-17,-0.00868371919067179,-0.02206635516567812,-0.0055585828200478415
2024-01-18,-0.03581943108021979,-0.025457208949671295,0.008892756398643842
2024-01-19,0.006986989873712046,0.007462156452919366,0.012466191374634672
2024-01-20,0.0011336105093870952,-0.007997399319222387,0.0
2024-01-21,-0.005167507921274517,-0.008631889212352362,0.0
2024-01-22,-0.04581490828569801,-0.05509177518534791,0.002114334475511681
2024-01-23,0.006936204509538024,-0.03191404806001907,0.002916506370929328
2024-01-24,0.010990270283659287,0.0019539443368770115,0.0010930897282748209
2024-01-25,-0.006937629288792158,-0.0104479077395635,0.005438989417253071
2024-01-26,0.04545345370796938,0.02065470790421786,-0.001270373883096032
2024-01-27,0.00747479521929062,0.0005256770011672351,0.0
2024-01-28,-0.0024093400714755298,-0.0051109423395402365,0.0
2024-01-29,0.02642476218915668,0.023153121319577696,0.00791935825287804
2024-01-30,-0.00850072953745995,0.011076079640049752,-0.0007734832157252347
2024-01-31,-0.006362434708872766,-0.02421192215174406,-0.01631733256960466
2024-02-01,0.008023841444396718,0.005773414043066749,0.013088146547465707
2024-02-02,0.009330411427248997,0.008598692176668976,0.010527413398256025
2024-02-03,-0.004483168049933317,-0.005199159832600775,0.0
2024-02-04,-0.009851827473743247,-0.0031760893834293924,0.0
2024-02-05,0.007192624495549582,0.009522610083954719,-0.0036412362707020085
2024-02-06,0.005993103624062357,0.02781063450924659,0.0029033270707712333
2024-02-07,0.02656675790522267,0.01967782214219227,0.008340322262705202
2024-02-08,0.021969603925574788,-0.0017972753867766533,0.0004416888137048769
2024-02-09,0.0429214113532701,0.03009227040050555,0.005779464330853967
2024-02-10,0.013236821777040442,0.005512597494231608,0.0
2024-02-11,0.008673962713896755,0.00028808141827818545,0.0
2024-02-12,0.03429525722840254,0.05986548063295416,-0.00043889466478275185
2024-02-13,0.003829766562514214,0.002142109582389251,-0.013773091219329126
2024-02-14,0.039793550472489336,0.04923881074199277,0.009087714158905413
2024-02-15,-0.0032252285534326575,0.011269010535863044,0.006899696337564265
2024-02-16,0.005972356946932322,-0.005639471550691,-0.004979984722167097
2024-02-17,-0.00953232882653654,-0.006070085541151626,0.0
2024-02-18,0.008098625655154512,0.03231540463638316,0.0
2024-02-19,-0.005008189254061657,0.024056641998350115,0.0
2024-02-20,0.01157575238031594,0.025590071041377005,-0.005505400002284611
2024-02-21,-0.010618168013286744,-0.016399802431506294,0.0009058457113522156
2024-02-22,-0.011212206320587947,-0.0006973549964480741,0.02069550663295816
2024-02-23,-0.01090870732569238,-0.016351313350155494,0.0006896434779755101
2024-02-24,0.016540960346501432,0.02420808000472885,0.0
2024-02-25,0.0049662035983970565,0.042095501728931506,0.0
2024-02-26,0.05319596856391007,0.020602466179604262,-0.003662506874030691
2024-02-27,0.04932790107315088,0.022873694591412752,0.001857703956292589
2024-02-28,0.09868325970012903,0.04708693761019411,-0.0013216064416304851
2024-02-29,-0.021585149056599584,-0.013622024663034082,0.0035949297017872084
2024-03-01,0.02104768274713975,0.028623023372260192,0.009388266811298784
2024-03-02,-0.0065788637106239944,-0.0037857256066551326,0.0
2024-03-03,0.016311901816932206,0.01811691709140284,0.0
2024-03-04,0.08371165502792977,0.04184212441187962,-0.001072463644759103
2024-03-05,-0.06529922220241269,-0.019755003442109453,-0.009994114593191772
2024-03-06,0.030227245390152646,0.06820798464469635,0.005067359667512816
2024-03-07,0.007910772876755345,0.009950150379546496,0.009926361679520657
2024-03-08,0.026090751761320252,0.010036386773358164,-0.006002190543355046
2024-03-09,0.0029845864300510616,0.006075741423538394,0.0
2024-03-10,0.004152952629006057,-0.012136915364619139,0.0
2024-03-11,0.04469060598363983,0.04744615121594875,-0.0008598045195337134
2024-03-12,-0.007736951524560776,-0.02003257434915673,0.010757201639565395
2024-03-13,0.020315529580736236,0.004512006196746743,-0.0015674405805231606
2024-03-14,-0.0179078176192361,-0.025646059186262837,-0.001976713563683785
2024-03-15,-0.028455507336066166,-0.03863077786654834,-0.006866655812192479
2024-03-16,-0.05891117854222827,-0.05685341339230576,0.0
2024-03-17,0.04839284190815851,0.03522547434313994,0.0
2024-03-18,-0.013100991255886485,-0.03493234231233355,0.005943096039722429
2024-03-19,-0.08072829038785678,-0.09978642632005408,0.005557368401147844
2024-03-20,0.0887155663130812,0.10434460298300241,0.009249223836930609
2024-03-21,-0.03178438893401525,-0.0018039104289210295,0.0033045707754686404
2024-03-22,-0.01914252533616212,-0.03873869033103383,-0.0018957715526528585
2024-03-23,0.004444135187150922,0.000871793284160427,0.0
2024-03-24,0.04848795178458376,0.03436588623029624,0.0
2024-03-25,0.038500480639256596,0.0374169314176771,-0.002762793867023383
2024-03-26,0.00016012329822756577,-0.0011953638738477768,-0.0018469254945806535
2024-03-27,-0.007353479613395386,-0.024108749867348567,0.008403830576551696
2024-03-28,0.01495533361665613,0.013870719444288193,-0.00019119222911123668
2024-03-29,-0.014092078535698382,-0.01593928812365597,0.0
2024-03-30,-0.0035414587811662956,-0.0010995984674784243,0.0
2024-03-31,0.025223076500239472,0.04088035863868145,0.0
2024-04-01,-0.01915801999263944,-0.03550200854097629,-0.0017397184812701916
2024-04-02,-0.06167599239694865,-0.06561642266637002,-0.006358217232322438
2024-04-03,0.0051690151256480465,0.007443359261944504,0.0010985552054993963
2024-04-04,0.039826327951366425,0.007080584606139251,-0.012206152854225327
2024-04-05,-0.006488440003526108,-1.948670292351018e-05,0.010446924697144366
2024-04-06,0.015677718221578374,0.010709992369724475,0.0
2024-04-07,0.007811060055867847,0.030672415852285084,0.0
2024-04-08,0.03015877654772181,0.06737286933390374,0.0005593950092013245
2024-04-09,-0.03461614531793944,-0.05127706310537816,0.001156575211874511
2024-04-10,0.029628318619433047,0.01959286529016091,-0.010012949978225105
2024-04-11,-0.007487876498024071,-0.010879229400835078,0.007546761882685438
2024-04-12,-0.03472359408138881,-0.06885799799707504,-0.013802964770621484
2024-04-13,-0.05021720756519499,-0.07342950323317399,0.0
2024-04-14,0.028764478558635842,0.04929602217853324,0.0
2024-04-15,-0.03322729844229766,-0.015544323348184452,-0.01252811628054562
2024-04-16,0.008434461281383365,-0.0030506652270294587,-0.0018238983053457947
2024-04-17,-0.04304888836520959,-0.03582331782736203,-0.005918253019020825
2024-04-18,0.03644072331349757,0.02718872167321784,-0.0020576889388600472
2024-04-19,0.004000587029069358,-0.003400425943709595,-0.008728300977818404
2024-04-20,0.018026457843737687,0.032147609793184984,0.0
2024-04-21,-0.002059904227693199,-0.004288691310012083,0.0
2024-04-22,0.026469206145372404,0.014343586919691065,0.009209107287462048
2024-04-23,-0.009262675755757566,0.0028454941111528687,0.011866663531714838
2024-04-24,-0.029085035674616067,-0.021860667492485497,-0.00047462499031813987
2024-04-25,-8.283727052793566e-05,0.002043963136945548,-0.003798925931645547
2024-04-26,-0.009753610549552816,-0.00683034242082714,0.009473895346543637
2024-04-27,-0.005200273731617577,0.03905272411941185,0.0
2024-04-28,-0.006666118622606243,0.0014038985207323051,0.0
2024-04-29,0.012425617251721421,-0.013641342315711014,0.0035414995571061425
2024-04-30,-0.04257642595818556,-0.05566664452047232,-0.01584129200618878
2024-05-01,-0.042553328774870836,-0.01745121915350456,-0.0032470954227095117
2024-05-02,0.010138677963509313,0.0014454429840007332,0.009353440759502174
2024-05-03,0.06379368308323219,0.03869753902392792,0.012395281676088832
2024-05-04,0.016224118812601107,0.004816086128260677,0.0
2024-05-05,0.0036886774809556933,0.007819016551198654,0.0
2024-05-06,-0.015487157616109748,-0.025646376977654484,0.010326871593871578
2024-05-07,-0.008145528838455873,-0.01341019948411093,0.001103442798092269
2024-05-08,-0.018794588942626644,-0.01134827058852883,9.665068704634017e-05
2024-05-09,0.026634642212756354,0.017210352561022324,0.005761819588275374
2024-05-10,-0.035896461691951154,-0.04167322685351493,0.0012882803891862693
2024-05-11,0.00016152470299046762,0.0007686341324228962,0.0
2024-05-12,0.010740174749207299,0.005844403119205532,0.0
2024-05-13,0.022781604616237017,0.006202382453516675,0.00013421841495753206
2024-05-14,-0.02233941559868502,-0.024021287486642118,0.00458817393112132
2024-05-15,0.07218766543452082,0.049793370606681764,0.012382947608641448
2024-05-16,-0.014414665918169645,-0.029068446942579484,-0.0020575124845384485
2024-05-17,0.02810063685112274,0.05078757838521342,0.0014376075839268587
2024-05-18,-0.0016564833440428917,0.009317799495565993,0.0
2024-05-19,-0.010522580893979727,-0.016987351713305454,0.0
2024-05-20,0.07915976340791286,0.19400366453235174,0.0011520984877475549
2024-05-21,-0.017072052740494503,0.035596977920365314,0.0024526048077482265
2024-05-22,-0.01089128484090418,-0.01017627638211227,-0.002879486606210513
2024-05-23,-0.014230368107807867,0.01373677943652507,-0.00730421947389015
2024-05-24,0.005520095706001316,-0.016426675201927976,0.006616399304390397
2024-05-25,0.010427389024198153,0.005616616064193947,0.0
2024-05-26,-0.011754681706750869,0.01945894221345834,0.0
2024-05-27,0.009718546820436824,0.01419266116714768,0.0
2024-05-28,-0.014471211594415556,-0.011936931276897433,0.0006988810271295609
2024-05-29,-0.005460005528652667,-0.015060296245793747,-0.007002586001657041
2024-05-30,0.00918542121471666,-0.006763756420772871,-0.006633545809727859
2024-05-31,-0.015803435021748857,0.0004682665376560813,0.009108075244635083
2024-06-01,0.003220144613767184,0.014141370104195472,0.0
2024-06-02,-0.001012675572088062,-0.010128397028432823,0.0
2024-06-03,0.016259788833647315,-0.003135501611985614,0.000815378772143438
2024-06-04,0.029209522220266182,0.015786745715967276,0.0011178914336724688
2024-06-05,0.008288612337385315,0.01456845078958513,0.011885055053295623
2024-06-06,-0.006149782441902674,-0.01518034148961378,-1.860335325443163e-05
2024-06-07,-0.012189883203105767,-0.027203743729382612,-0.0012157517522359829
2024-06-08,-0.0005308820951099857,0.0006308444394260704,0.0
2024-06-09,0.003634366676015688,0.005473371328307275,0.0
2024-06-10,-0.001896364054941868,-0.010522224458673013,0.0030897612847706757
2024-06-11,-0.031723945286305955,-0.04627673251655895,0.0024082794397972673
2024-06-12,0.011046766746278802,0.015053485214701956,0.008213006044961446
2024-06-13,-0.02015172634626905,-0.023777884607983246,0.0020136161100312577
2024-06-14,-0.01051345051387964,0.0038284570264479623,0.000608314541250321
2024-06-15,0.0027253459496716648,0.024503159256304752,0.0
2024-06-16,0.005432358719497321,0.014081149695867046,0.0
2024-06-17,-0.0037496963523531157,-0.031631797224073055,0.00795883018516541
2024-06-18,-0.02009621185010113,-0.0076846359803074415,0.0025407514488304805
2024-06-19,-0.0035000121094070913,0.020972211337175972,0.0
2024-06-20,-0.0036369832376942357,-0.015150626549760848,-0.0027166786090659922
2024-06-21,-0.010322998446799403,0.002408723719907524,-0.001340389185648272
2024-06-22,0.002439788519629449,-0.006047129696688525,0.0
2024-06-23,-0.01652790375799107,-0.021652023441399715,0.0
2024-06-24,-0.04890263390606442,-0.023024430357603376,-0.0032507721793079147
2024-06-25,0.02557539539068765,0.01359990353618823,0.0038508534147894125
2024-06-26,-0.012931025309752653,-0.004357374163582062,0.0012480229873710336
2024-06-27,0.012643914126785116,0.021945767622350676,0.001576458044780793
2024-06-28,-0.021217930364280102,-0.02102307076843546,-0.003934941841230666
2024-06-29,0.009403988767381577,-0.00019805929371041753,0.0
2024-06-30,0.027928894843728402,0.016297356674287222,0.0
2024-07-01,0.007452460156806007,0.006849515259393257,0.0020580789304867064
2024-07-02,-0.017474897014494783,-0.011380622012708064,0.00672958934210488
2024-07-03,-0.03301339282220017,-0.03921806508161774,0.0044626485974057495
2024-07-04,-0.05441024805949091,-0.07366379211897556,0.0
2024-07-05,-0.0035380576856881563,-0.021914507239419012,0.005766521610297559
2024-07-06,0.03039705455798658,0.03087399266722124,0.0
2024-07-07,-0.04354885552540133,-0.04705489316392586,0.0
2024-07-08,0.01453404543767145,0.02969497317880876,0.0011538869331577661
2024-07-09,0.023165017825037104,0.0151718582488376,0.0009724420806065392
2024-07-10,-0.005559715246000407,0.011484479166642414,0.009895359455693864
2024-07-11,-0.006481420035199692,-0.00020201679328157862,-0.008622698645911364
2024-07-12,0.011283040232334285,0.012525606872178185,0.006307578057725971
2024-07-13,0.023013761369466756,0.013732514840986587,0.0
2024-07-14,0.026342132343638358,0.02112494362105699,0.0
2024-07-15,0.06950655331654931,0.0780358757975288,0.0027501526233455476
2024-07-16,0.0030083699180265544,-0.013676091040672356,0.0059301644727332015
2024-07-17,-0.014438405544235366,-0.015312440521661697,-0.014021105048694804
2024-07-18,-0.0004511575419867686,0.012898001850953467,-0.007684918133981311
2024-07-19,0.04599740215576875,0.026364264393273107,-0.006640680711819669
2024-07-20,0.006797880041510496,0.003868098019646382,0.0
2024-07-21,0.01199527584734228,0.002187405943663956,0.0
2024-07-22,-0.004546327200433686,-0.02346318944199277,0.010309909048406896
2024-07-23,-0.02282453362058634,0.01384968016232957,-0.0015684670092365183
2024-07-24,-0.006529743936936505,-0.03999851077490968,-0.022662517054598985
2024-07-25,0.006748914492406666,-0.04800768346725781,-0.0052104311666424374
2024-07-26,0.03320637733648524,0.032732406104935,0.011199717886482663
2024-07-27,-0.00145362983222741,-0.008652014670174846,0.0
2024-07-28,0.0066122105221066985,0.007432589632251796,0.0
2024-07-29,-0.019217895699178644,0.016887594957581742,0.0005877524410391466
2024-07-30,-0.009844988431235713,-0.01319049835004693,-0.005066557648260028
2024-07-31,-0.02670011068944378,-0.017282521504885517,0.0162547082392257
2024-08-01,0.01677092055145657,-0.003963779366942144,-0.014160952271558558
2024-08-02,-0.060721804778029353,-0.06772459218119542,-0.018618419513553364
2024-08-03,-0.011967315959749203,-0.027671539254487842,0.0
2024-08-04,-0.04173042411029315,-0.07424364509648929,0.0
2024-08-05,-0.07616923734320524,-0.10522555852760795,-0.029123699981732143
2024-08-06,0.03650080223846963,0.015866600978330814,0.009219607020950482
2024-08-07,-0.02049418088752908,-0.052118042902431716,-0.006683951431606494
2024-08-08,0.12013782647248195,0.14706965480421075,0.023117373490169957
2024-08-09,-0.011992441717501912,-0.029780807717846858,0.004409658977186037
2024-08-10,0.001079201284705622,0.004010005557125718,0.0
2024-08-11,-0.0379738814600038,-0.023217334151650837,0.0
2024-08-12,0.011272357578678616,0.06752689669094991,0.0005252733444356394
2024-08-13,0.018789524378011846,-0.009909108361529917,0.01644562463672572
2024-08-14,-0.030404091096352337,-0.014579773758225056,0.003154808905761586
2024-08-15,-0.018828260998779545,-0.033664468677620074,0.017140183275503373
2024-08-16,0.01976610704548709,0.005625052954470355,0.0022420585124500736
2024-08-17,0.01000455373538589,0.008310737994276618,0.0
2024-08-18,-0.017479259253146973,-0.0012179801869492968,0.0
2024-08-19,0.013759775938922303,0.005690770573647974,0.00956145529530561
2024-08-20,-0.009111001808502217,-0.025357657793718347,-0.0016260980037141604
2024-08-21,0.03409351292995555,0.02013803130850067,0.003436505394328604
2024-08-22,-0.01150766507061518,-0.0017348721179802906,-0.007848575016137782
2024-08-23,0.05501529481269807,0.04752373148812561,0.010625423276199752
2024-08-24,0.0004317982350179328,0.0008988525098114764,0.0
2024-08-25,0.0023546725003049662,-0.007358529152930893,0.0
2024-08-26,-0.02451324902243479,-0.026593930209578454,-0.002383732415233264
2024-08-27,-0.056107707601033896,-0.08535902930838812,0.001372948808954444
2024-08-28,-0.005837716119635683,0.030593273821430067,-0.005805155849697541
2024-08-29,0.007008526192360698,0.0010441695767502424,8.945932713921856e-05
2024-08-30,-0.0042847226272090255,-0.0009340773028949645,0.009546098895653499
2024-08-31,-0.002160492920294188,-0.004551750243892427,0.0
2024-09-01,-0.028332828332946147,-0.03445873941239053,0.0
2024-09-02,0.03170094347637198,0.045959477119019265,0.0
2024-09-03,-0.02513415138630848,-0.04307592873802224,-0.02057900938184809
2024-09-04,0.006761362569229323,0.009065371697962732,-0.0020469610143551975
2024-09-05,-0.03189219996661974,-0.03382340026552466,-0.002432103769760885
2024-09-06,-0.03362211180736108,-0.055126695617735866,-0.016830141776643548
2024-09-07,0.003539266062148272,0.022586925724355833,0.0
2024-09-08,0.01167968884481807,0.008914625791884623,0.0
2024-09-09,0.03978440177194864,0.026705101720605917,0.011196112002403558
2024-09-10,0.01448176090260933,0.016640537481523054,0.004355847409592606
2024-09-11,-0.0074889484914119064,-0.022969805574914348,0.010259014831512037
2024-09-12,0.01326627063882313,0.008975348619830514,0.008423095523929724
2024-09-13,0.04354002445886351,0.03527629996075343,0.005222983744177956
2024-09-14,-0.009201623379457402,-0.009278944930716237,0.0
2024-09-15,-0.014936795479231435,-0.04159459625199691,0.0
2024-09-16,-0.016181560098368686,-0.010481044965652053,0.0014766990170298477
2024-09-17,0.03688126682343018,0.02073641212512345,0.00040856788094956187
2024-09-18,0.02335689673261876,0.013073833833686432,-0.0029657771829617596
2024-09-19,0.017549437001113777,0.0366472487215217,0.017064457265068667
2024-09-20,0.005482099921097383,0.04060038813023148,-0.0017286161618014217
2024-09-21,0.0031944191500594687,0.02139144127601522,0.0
2024-09-22,0.0027147482146558932,-0.01388178322137179,0.0
2024-09-23,-0.0076581289627469795,0.0227019469591605,0.002498809844647676
2024-09-24,0.007163418878106009,-0.005888174821822134,0.002861290368756819
2024-09-25,-0.013395062968972082,-0.023664515706337097,-0.002205509686735607
2024-09-26,0.031692005400123735,0.019899247285252164,0.00396473398167374
2024-09-27,0.012724952388711186,0.027621991024563197,-0.0014503552863107672
2024-09-28,0.001622326757141579,-0.00666399080087976,0.0
2024-09-29,-0.0048257791069954425,-0.0077873481786358,0.0
2024-09-30,-0.03400434848265654,-0.02002209160848456,0.0040072424185457756
2024-10-01,-0.04155000300523215,-0.06136256314422717,-0.008958425077819077
2024-10-02,-0.002441798412126883,-0.03328723793198185,0.00042208221140227487
2024-10-03,0.005172952597102931,-0.0034699368301389644,-0.0018282512437484133
2024-10-04,0.023990492365345784,0.030139668792927177,0.009087389997930684
2024-10-05,0.00036200155162058323,0.00034696953635759975,0.0
2024-10-06,0.011745599256618222,0.010074700197951758,0.0
2024-10-07,-0.0064011487912492004,-0.004569638697515255,-0.009040485850911884
2024-10-08,0.0007966239511940643,0.009952206553895282,0.009457633661455356
2024-10-09,-0.020972269735948457,-0.02537413128955157,0.006926370066026921
2024-10-10,-0.0024686578462422837,0.009215552451556919,-0.0017500005084409853
2024-10-11,0.03783708401780905,0.023889279409458286,0.0059882473969898875
2024-10-12,0.011977499929361368,0.016420839177865076,0.0
2024-10-13,-0.00567730784444731,-0.003843341764402153,0.0
2024-10-14,0.05371412845338863,0.06825747129674853,0.008178298787650196
2024-10-15,0.013323658564047491,-0.01040298070284984,-0.0077697251796715605
2024-10-16,0.006734818752500926,0.00016954400887292387,0.004346502515658823
2024-10-17,-0.0002550953554334434,0.0002798973039255248,8.57220849690421e-05
2024-10-18,0.01631002036158513,0.015505491498510882,0.0038466610025633674
2024-10-19,-0.0008193318332778698,0.00268955598471865,0.0
2024-10-20,0.008461319463789918,0.03597961460365706,0.0
2024-10-21,-0.02128528003456287,-0.026987547246405064,-0.001642312201425411
2024-10-22,-0.0012564801271350845,-0.018215073355022482,-0.0005311549699137386
2024-10-23,-0.012355502197011203,-0.0410038533808349,-0.009137268080012917
2024-10-24,0.0271861689651538,0.011266908043824797,0.0021625597661916185
2024-10-25,-0.01956173972438635,-0.036216887201375614,-0.0003452330483054711
2024-10-26,0.005586374383787618,0.017927099654932777,0.0
2024-10-27,0.013925692604958018,0.010898765437348468,0.0
2024-10-28,0.028565382182168086,0.023149709032795673,0.003091420305775028
2024-10-29,0.042257268935005365,0.03030300330947977,0.0016183766584478843
2024-10-30,-0.005756849851514256,0.0068350302416102515,-0.003025305742771489
2024-10-31,-0.027520626978779106,-0.0514752679580599,-0.019603056427166976
2024-11-01,-0.008198355538127866,0.0007013442675534165,0.004220456262957972
2024-11-02,-0.002705487778369986,-0.008212802577211797,0.0
2024-11-03,-0.011193419597678833,-0.017169483082733805,0.0
2024-11-04,-0.014932707178423432,-0.025575126026902373,-0.0021539366952487704
2024-11-05,0.01791825936814284,0.0058377716677946445,0.012091877059248857
2024-11-06,0.09948947461193591,0.13369043788782342,0.024865452240191654
2024-11-07,-0.0022324544284355596,0.056837781580921565,0.007732288494832984
2024-11-08,0.011828988744548852,0.02647720073879789,0.004331694785568052
2024-11-09,0.002797488392330294,0.056733874497552295,0.0
2024-11-10,0.048076631910447976,0.019170784540424757,0.0
2024-11-11,0.10302132193721691,0.05824776069563575,0.0009529047950309621
2024-11-12,-0.0066415088514013565,-0.0363804151299989,-0.0031065022975570455
2024-11-13,0.033367721160895814,-0.01320216341914704,0.0004859170978857019
2024-11-14,-0.03203922385852198,-0.03712327162042939,-0.00643023152247213
2024-11-15,0.04652289715567548,0.017127179066882103,-0.012808551500482546
2024-11-16,-0.0054321840996750526,0.009886420833300713,0.0
2024-11-17,-0.008924531492379817,-0.019431408725192334,0.0
2024-11-18,0.003194720149946928,0.038260804688548644,0.0040972804853161016
2024-11-19,0.015027066860091587,-0.03470117596590372,0.0036554787435623126
2024-11-20,0.02256692634049995,-0.011674240373730438,0.00033886931512183693
2024-11-21,0.045392356997078886,0.09532620852633,0.005368390834419978
2024-11-22,0.00838164784330786,-0.005431900605318507,0.0030992133286464885
2024-11-23,-0.012327374577399408,0.019396856726604517,0.0
2024-11-24,-0.004640833090579388,-0.016563600733054518,0.0
2024-11-25,-0.03882532095102875,0.026887068436703965,0.003392138773632647
2024-11-26,-0.015227744528084508,-0.02868078164329335,0.0052214872512752475
2024-11-27,0.041253872995541396,0.09733242406261233,-0.003029977648515203
2024-11-28,-0.00451659711299035,-0.022436111907758627,0.0
2024-11-29,0.019436555730238503,0.004338118314282768,0.006212072068949359
2024-11-30,-0.010600281095616282,0.031005439435119353,0.0
2024-12-01,0.008732013950782047,0.00159123831572483,0.0
2024-12-02,-0.012240347623213466,-0.015752660657883055,0.0017923638451442514
2024-12-03,0.002757974589132184,-0.005125138561407061,0.0004638176201980926
2024-12-04,0.02932325084904619,0.061456071104879495,0.00620943093702353
2024-12-05,-0.025704676642463675,-0.011631065275905628,-0.0016455349386431672
2024-12-06,0.044704809429261694,0.061541094979639555,0.0018955962798452575
2024-12-07,0.0002381200619907542,-0.0005666570128928239,0.0
2024-12-08,0.012189595614687132,-0.00018313519529400413,0.0
2024-12-09,-0.035753020190456786,-0.06990006878735744,-0.005149641051743981
2024-12-10,-0.007758399785497638,-0.023343034008063923,-0.0031090884236926186
2024-12-11,0.04459945672350263,0.05340129957215223,0.007730655529007757
2024-12-12,-0.006490426885034983,0.01791193539281699,-0.005152709542962097
2024-12-13,0.015829387760124325,0.008898987072069042,-0.00019841732284431313
2024-12-14,-0.0009206959868989228,-0.011012400347850448,0.0
2024-12-15,0.027998367135384505,0.020737749395125737,0.0
2024-12-16,0.017185574104699786,0.009577420361714939,0.0042699375111894255
2024-12-17,0.006365690656213729,-0.020077590279691804,-0.004120040728009644
2024-12-18,-0.04747113645533019,-0.05907627226740653,-0.02980351705443751
2024-12-19,-0.02947228367486121,-0.059360230872346986,-0.00030694712058731977
2024-12-20,0.0006913540022921438,0.013928696934347728,0.012010872194584854
2024-12-21,-0.005344756534191419,-0.038885328657109364,0.0
2024-12-22,-0.02281690011728521,-0.01890322919478371,0.0
2024-12-23,-0.0034248710668068894,0.0432043359327019,0.0059883732072167906
2024-12-24,0.04148513500032314,0.021686955944088426,0.011114978639097606
2024-12-25,0.005505499712803896,-0.0004647744748778049,0.0
2024-12-26,-0.03151286297920186,-0.042650300296279364,6.655659230236921e-05
2024-12-27,-0.01651479741831141,-0.00017719372339553008,-0.010526504398841952
2024-12-28,0.010749955689981716,0.020864647005597314,0.0
2024-12-29,-0.018287022909107775,-0.015363961798977144,0.0
2024-12-30,-0.013088778117802957,-0.0015931826639945523,-0.011411568647030523
2024-12-31,0.011433422911834912,-0.004205289238705112,-0.0036381776914539143
2025-01-01,0.00940783093512887,0.005103940252869865,0.0
2025-01-02,0.028209323694086796,0.031276185325127326,-0.002456894821957878
2025-01-03,0.015602818617023617,0.0476085621889526,0.0125033449917904
2025-01-04,0.0013129167973429112,0.014617674709534567,0.0
2025-01-05,0.0002201839306463782,-0.007029920172587079,0.0
2025-01-06,0.03122577478051114,0.008106534247936725,0.005760606765051746
2025-01-07,-0.048859692874733573,-0.08165054142040806,-0.011304029753303357
2025-01-08,-0.018620520322415124,-0.015567599796603937,0.001460930847355657
2025-01-09,-0.025237635889948762,-0.030454112637119723,0.0
2025-01-10,0.025957109312213067,0.016891175722587803,-0.015267418748713957
2025-01-11,-0.0019375991538868043,0.003990865240130148,0.0
2025-01-12,-0.0013210097137918986,-0.005448569078867593,0.0
2025-01-13,-0.0032264214620004728,-0.04332475698028293,0.0015504657071625516
2025-01-14,0.02044475072250007,0.0272178483779435,0.0013759758409437328
2025-01-15,0.039124286872039615,0.06830855621796483,0.01819010366818219
2025-01-16,-0.002587196600242647,-0.03652266860556441,-0.0019232952423864358
2025-01-17,0.05408729231220555,0.05704485831168338,0.01003993035862405
2025-01-18,-0.0010685390755377222,-0.048974521686277916,0.0
2025-01-19,-0.0325097163735556,-0.030017600354455,0.0
2025-01-20,-0.0025483544325430874,0.00966199423872327,0.0
2025-01-21,0.043272506168706704,0.017785693315230056,0.009153584499674627
2025-01-22,-0.019672354273382875,-0.022395839515516047,0.005621392635984934
2025-01-23,0.0016370532956913042,0.027801072657695824,0.005458085789615819
2025-01-24,0.006056762403813698,-0.009718877244309199,-0.0029193101699653834
2025-01-25,-0.0010001794421251597,0.002330930655892738,0.0
2025-01-26,-0.01667175092335682,-0.021737865789978272,0.0
2025-01-27,-0.004492110196000709,-0.016394563623574165,-0.01414538684460187
2025-01-28,-0.007549285562805541,-0.032173736320822766,0.008592491785637035
2025-01-29,0.02297782713336738,0.011249294488432815,-0.00448300053043138
2025-01-30,0.016702068753758903,0.05026880261958633,0.005367076962615069
2025-01-31,-0.018941521610934098,0.01897997814167751,-0.005321838046466132
2025-02-01,-0.017080505686629666,-0.054554833050941665,0.0
2025-02-02,-0.01808791101343843,-0.06925983363788801,0.0
2025-02-03,0.017501750772981772,-0.014365187228456144,-0.006729604808231482
2025-02-04,-0.04038883782529712,-0.05727783999799063,0.00670824959480032
2025-02-05,-0.014454742601615389,0.017608066220318186,0.004054462891607269
2025-02-06,-0.0007642402012035809,-0.03616378710202017,0.0034757048647742206
2025-02-07,-0.0013981651442528387,-0.02533625345164614,-0.009153546965176895
2025-02-08,-0.0004131194229868296,0.0039208561415025045,0.0
2025-02-09,0.0026072730913559994,0.0010579539520838566,0.0
2025-02-10,0.01008871499049735,0.012717798256447699,0.006791174435053504
2025-02-11,-0.02089778252469532,-0.025474991189529894,0.0007606031974243255
2025-02-12,0.02332586070574405,0.05254960613171322,-0.003221460863486958
2025-02-13,-0.020305894957007187,-0.029630607804876474,0.010557490048300977
2025-02-14,0.008193316326588818,0.01777975710615287,-4.917680849980677e-05
2025-02-15,0.0007320748456687287,-0.011933545342931118,0.0
2025-02-16,-0.014255078879315208,-0.011081061938937875,0.0
2025-02-17,-0.003897438294379052,0.03028246543968849,0.0
2025-02-18,-0.0021208628453489586,-0.026612314038568563,0.0029358079808696758
2025-02-19,0.015136219754154911,0.021079864399158765,0.0023549011657404417
2025-02-20,0.012848753669418178,0.004377666684909354,-0.004160214725944633
2025-02-21,-0.018313646501493586,-0.02534486070071229,-0.017104079244673942
2025-02-22,0.004775096374870724,0.039316340945085404,0.0
2025-02-23,-0.004947072281439868,0.01887962142728883,0.0
2025-02-24,-0.04591774386890113,-0.10474762667381154,-0.004550475331733694
2025-02-25,-0.027734034382139394,-0.006408140866460799,-0.004973145037417193
2025-02-26,-0.047009884736047614,-0.06260966809860435,0.0005046905343533137
2025-02-27,0.011773614780600017,-0.003714929123572075,-0.01596186128684496
2025-02-28,-0.0025346748512257156,-0.027971906998686902,0.015605548906216127
2025-03-01,0.019661467900947915,-0.009500809876794247,0.0
2025-03-02,0.09380983755070105,0.1349577667413393,0.0
2025-03-03,-0.08362904691065443,-0.14550262562672323,-0.017519950294720976
2025-03-04,0.006754890251586376,0.004722156824247481,-0.01183684954808395
2025-03-05,0.03477254489695625,0.028961669346298624,0.010747794523703114
2025-03-06,-0.010544889526966306,-0.020826616200910864,-0.01775113000423656
2025-03-07,-0.030395918849923098,-0.023400992415932187,0.005604844236718254
2025-03-08,-0.0067796283059821105,0.029230105127878492,0.0
2025-03-09,-0.06443754131891588,-0.0844657182932983,0.0
2025-03-10,-0.022072766911416908,-0.07317563385864989,-0.026635492537345318
2025-03-11,0.05577786467719559,0.03216036968044933,-0.008312900806654588
2025-03-12,0.005065321121961341,-0.010888639098499464,0.005306522471787645
2025-03-13,-0.027168938629546724,-0.01951677638361138,-0.013330410191043529
2025-03-14,0.03280872391250522,0.021996461439996562,0.02065567290718273
2025-03-15,0.004733404046153078,0.014907711269161128,0.0
2025-03-16,-0.021967731000607227,-0.026841847794960016,0.0
2025-03-17,0.012806313111601186,0.01563958114470876,0.007711315917698913
2025-03-18,-0.016060597494361728,0.002958664029221625,-0.010808371431663799
2025-03-19,0.05170183145010743,0.06651623688432595,0.010890801160239771
2025-03-20,-0.03079792420989802,-0.03662455388286534,-0.0028917140169094635
2025-03-21,0.005363839047506813,-0.0019171388793735034,0.0003299032828099069
2025-03-22,-0.006329799613060794,0.0038697266682488074,0.0
2025-03-23,0.02403314273906121,0.0103203688328517,0.0
2025-03-24,0.015593163056202286,0.034778877314805,0.01790849345962031
2025-03-25,-0.0033316598740852355,-0.00768376594412834,0.002403851551660896
2025-03-26,-0.004929721295509948,-0.026766698466691774,-0.011938272063231614
2025-03-27,0.0039468773512501,-0.0026370311038099725,-0.0026557223426582066
2025-03-28,-0.027385295902778606,-0.048464874193807295,-0.020138252254996436
2025-03-29,-0.020812084081927362,-0.03597074558597313,0.0
2025-03-30,-0.008137217994179213,-0.016458650106971007,0.0
2025-03-31,0.008406480613520007,0.015399410066946562,0.006712768433682514
2025-04-01,0.02474263017032885,0.037886243131044495,0.002824389123523119
2025-04-02,-0.036598816811808654,-0.0627744734063177,0.006328387411288716
2025-04-03,-0.002219823984636049,0.00158230723077879,-0.04928070817761465
2025-04-04,0.019329226876984906,0.010152740821820716,-0.05854301689268204
2025-04-05,-0.00404327795952808,-0.005157204859617792,0.0
2025-04-06,-0.06258591117544732,-0.1262216394937863,0.0
2025-04-07,0.013101770634666332,-0.013579230445033952,-0.0017811920142971616
2025-04-08,-0.03647100324684427,-0.052253641170536214,-0.015662758816759714
2025-04-09,0.07124818425903934,0.12084966653574125,0.10501934425982218
2025-04-10,-0.04580293023486692,-0.0968047417345842,-0.04381896224348292
2025-04-11,0.040437634958663926,0.022417710085177678,0.017842787256365567
2025-04-12,0.022567937589887732,0.04873736999165312,0.0
2025-04-13,-0.01798256519221697,-0.027706701983121862,0.0
2025-04-14,0.012007712678827609,0.018109074318561014,0.009701347627829371
2025-04-15,-0.005954692530814487,-0.016707681599999136,-0.0028008927240665837
2025-04-16,-0.002877966822685596,-0.013786208529558808,-0.022227898329724827
2025-04-17,0.008906470024351076,0.0014754018762317411,0.0014266717908673066
2025-04-18,-0.005241098788439258,0.004029142234070804,0.0
2025-04-19,0.00725406241463844,0.015103433140366551,0.0
2025-04-20,0.0001728527032869298,-0.016864641610508935,0.0
2025-04-21,0.02813064742550364,-0.004316069980355053,-0.023802682617838022
2025-04-22,0.06879570969319748,0.11358815084388096,0.026017800640849797
2025-04-23,0.00469184929065003,0.024039722775237138,0.015495409403611937
2025-04-24,0.0012253984377732507,-0.015989572592886803,0.021048964021112893
2025-04-25,0.010345280829888726,0.011573998023594712,0.00722522891344668
2025-04-26,-0.0006327716049742138,0.019874904940608173,0.0
2025-04-27,-0.01052598354203882,-0.017019893566317723,0.0
2025-04-28,0.010314039677054465,0.0006252500288377316,0.00038137286203787646
2025-04-29,-0.007796545024763568,-0.00031375414586176653,0.006299335442844001
2025-04-30,-0.0031899032481711442,-0.005364544036329133,0.00039700236086281926
2025-05-01,0.0280601466295336,0.029144335269822852,0.007086862410970118
2025-05-02,0.0025380957042546726,0.00010881854981392713,0.014844172407353584
2025-05-03,-0.010507346638027104,-0.004812515973496079,0.0
2025-05-04,-0.016259036318587716,-0.013591665887208393,0.0
2025-05-05,0.0045775086770598605,0.006135520511435288,-0.005734321055260616
2025-05-06,0.01791939760683392,-0.006207783616063556,-0.008358384485032677
2025-05-07,0.0070929832570247875,0.002780665996413356,0.0042054650283336326
2025-05-08,0.07059424719944274,0.225547303427309,0.006967831538101654
2025-05-09,-0.0015406518262751634,0.06414355496859847,-0.0012740716213365255
2025-05-10,0.017101787880041464,0.1013815603016961,0.0
2025-05-11,-0.006622913527482566,-0.02891796104971145,0.0
2025-05-12,-0.009227521688204954,-0.002294895864194846,0.03304738200401469
2025-05-13,0.010296304795505806,0.07052485145201937,0.006603824443858652
2025-05-14,-0.002922892875954597,-0.02307747022229223,0.001278041226610016
2025-05-15,0.0004738576645586523,-0.025685167217118554,0.004884373015077159
2025-05-16,-0.001677950123151084,-0.0033639530421634145,0.006334083036816818
2025-05-17,-0.0026673541513644317,-0.02366105868198365,0.0
2025-05-18,0.0302637886621262,0.007828728787663719,0.0
2025-05-19,-0.007482274256217281,0.012797695693383737,0.0010938196195577898
2025-05-20,0.007603018779289927,-0.005544204472733849,-0.0033621834492569835
2025-05-21,0.023560547861396275,0.007741935214689466,-0.016850751844510237
2025-05-22,0.017961519164058082,0.04357098467648646,0.00039462434647918876
2025-05-23,-0.04774954427130662,-0.0600610185495597,-0.006825771490515775
2025-05-24,0.00469176603701249,0.001664092968030717,0.0
2025-05-25,0.011560619224214808,0.008362335470199822,0.0
2025-05-26,0.0037105691392771423,0.00484577097933836,0.0
2025-05-27,0.001251685040581263,0.04413523632504268,0.020790615576653737
2025-05-28,-0.007768641693395528,0.010417022094665773,-0.005785472819492488
2025-05-29,-0.02339183611382123,-0.021831728962506847,0.003947489357079892
2025-05-30,-0.020298681098313454,-0.04364561365354114,-0.0011185744002305542
2025-05-31,0.006149328782924179,-0.000338441489232455,0.0
2025-06-01,0.008583982029583437,0.0017394292909944653,0.0
2025-06-02,0.0011056185160338572,0.026833861453937846,0.005632983987994278
2025-06-03,-0.0038853566323422406,-0.004944351120507617,0.005702616355661272
2025-06-04,-0.009104975288872774,0.003431953255698339,-0.00026846867813934416
2025-06-05,-0.031140241164389848,-0.07469914247679543,-0.004832806844400794
2025-06-06,0.029882622553248472,0.027377812526544254,0.010269010608102258
2025-06-07,0.011737472716290887,0.019905841986167516,0.0
2025-06-08,0.001403325033495273,-0.006501521033639657,0.0
2025-06-09,0.04316878732875096,0.06864297237803063,0.0009013027856885625
2025-06-10,-0.0027055526178594302,0.04673706983398085,0.005669706144252773
2025-06-11,-0.01438488278346961,-0.014352742908333771,-0.002852053249320252
2025-06-12,-0.03038528186479872,-0.048809602558043896,0.003974284235328973
2025-06-13,0.0011115859345649515,-0.02767301917534981,-0.011180107804297013
2025-06-14,-0.005830375845266911,-0.017849183767500332,0.0
2025-06-15,0.000754858399464764,0.005286451067142872,0.0
2025-06-16,0.01050907047521088,-0.003712458117317574,0.009514208796833623
2025-06-17,-0.01255729972676356,-0.003672839606687961,-0.008545135131611592
2025-06-18,0.0036534958952887386,0.0063508641580889424,-0.00015060476132944256
2025-06-19,-0.0020136423891191635,-0.0011649268199580565,0.0
2025-06-20,-0.010871458199148365,-0.04316055017172982,-0.002348596298099359
2025-06-21,-0.009785901655528173,-0.04398338084639297,0.0
2025-06-22,-0.011800228302500049,-0.03081028208793868,0.0
2025-06-23,0.044613151362864256,0.08601309011508373,0.009877480029380825
2025-06-24,0.004164329436680436,0.010542933853982195,0.011047279574515567
2025-06-25,0.011366361392520785,-0.012738381934507714,0.0005603188542100401
2025-06-26,-0.00881532542260377,-0.006397905476348331,0.007823840449262098
2025-06-27,0.006271128182010033,0.008275819569742326,0.004968310006379761
2025-06-28,0.000572924730736446,0.003796666347118949,0.0
2025-06-29,0.009378397599262955,0.025713447055726757,0.0
2025-06-30,-0.016991638992970404,-0.011284281692874099,0.004781209119572027
2025-07-01,-0.01070174319739281,-0.02978485027007005,-0.0003236298209773336
2025-07-02,0.025696622838223604,0.06444133038812794,0.004533275199175568
2025-07-03,0.006291415457038374,0.006696758443581752,0.007881351217300603
2025-07-04,-0.012033269413981196,-0.029200080070008516,0.0
2025-07-05,0.0018220449913046721,0.0034928194258900813,0.0
2025-07-06,0.00859297190686581,0.02077182878787487,0.0
2025-07-07,-0.004044005730734379,-0.0064972710442565695,-0.007451911689688506
2025-07-08,0.006297308203224272,0.028804542361759777,-0.0005477706277796646
2025-07-09,0.023067967977546067,0.060669451923991646,0.005996615280215112
2025-07-10,0.03956803176641177,0.06408092784829278,0.0028203284907413195
2025-07-11,0.016424854851255555,0.004225913608397747,-0.003515471310904239
2025-07-12,-0.0006957820409619897,-0.005062589651342986,0.0
2025-07-13,0.013411555265484987,0.009447725072750712,0.0
2025-07-14,0.007578081611510301,0.014879822402680931,0.0019082079637526839
2025-07-15,-0.016580764479372623,0.04274763262204906,-0.004273266498076467
2025-07-16,0.006222540149679157,0.07170005167550864,0.00334324975208955
2025-07-17,0.008043141543796484,0.03471555830087669,0.006119653171936301
2025-07-18,-0.011001603001907334,0.020552576768129827,-0.0007323592062571382
2025-07-19,-0.0005359713523842569,0.013033912817594251,0.0
2025-07-20,-0.006079432281485442,0.0449767220436581,0.0
2025-07-21,-0.002336157654439508,-0.0024812261396449653,0.0018961671248525214
2025-07-22,0.01644684839918531,-0.008963607278202779,0.00014308956258002326
2025-07-23,-0.0105295316442503,-0.03204623362008052,0.008507549960310445
2025-07-24,-0.00038962227339378597,0.024512811566408388,0.000331011779483692
2025-07-25,-0.0023240331366076727,0.009099896142122477,0.0042243578976959295
2025-07-26,0.0028675561506097402,0.004010668842117537,0.0
2025-07-27,0.013130023217222675,0.036187643060712205,0.0
2025-07-28,-0.010453344513707608,-0.0203796603199915,-0.000251119494356411
2025-07-29,0.0028524999288539465,0.004468675111231057,-0.002637609180098366
2025-07-30,0.0030306195988980544,0.007707176447776298,-0.0012593305691198653
2025-07-31,-0.01534199111946033,-0.027053260065420304,-0.0037512107798256533
2025-08-01,-0.0256741511256785,-0.060804426964568004,-0.016390431365516545
2025-08-02,-0.006401860629151934,-0.026827206256562652,0.0
2025-08-03,0.013302235725754397,0.029091707671415223,0.0
2025-08-04,0.0068543719743112685,0.06270465536328151,0.015199795788522152
2025-08-05,-0.007911478378878622,-0.028623967107634374,-0.005069964619629497
2025-08-06,0.005462959474800355,0.01760792434142555,0.0076596842911853535
2025-08-07,0.020945997312425524,0.062005322221882375,-0.0008376210633260772
2025-08-08,-0.00528733546431559,0.0260443807016022,0.007797567971946862
2025-08-09,-0.0016141789195942557,0.06328170292958246,0.0
2025-08-10,0.02394021216378528,-0.0023454144113563835,0.0
2025-08-11,-0.0032555783762711066,-0.00484147194099338,-0.001977485842922677
2025-08-12,0.011808384025263852,0.08574747434173724,0.010646088630271056
2025-08-13,0.025186095245037343,0.03480332254046781,0.0034230982805847354
2025-08-14,-0.03623854858659603,-0.03959649071477234,9.300854748550691e-05
2025-08-15,-0.007605053267481843,-0.023276865663522273,-0.0023412249756729064
2025-08-16,0.000792217376667459,-0.0031100354359603344,0.0
2025-08-17,-0.00075483476719862,0.010205654318478974,0.0
2025-08-18,-0.011145232455779697,-0.03683742253079236,-0.00021763582620526467
2025-08-19,-0.024914179612797738,-0.05103629784327368,-0.005425144902516887
2025-08-20,0.013341809840037966,0.06465769936338628,-0.0026570585531485724
2025-08-21,-0.01426931560541389,-0.023724739339078704,-0.004011840141401879
2025-08-22,0.03486695396538719,0.13875905560636514,0.015356803532182273
2025-08-23,-0.012832238298533416,-0.011437454195299734,0.0
2025-08-24,-0.017229890444476537,0.00010985490877835069,0.0
2025-08-25,-0.027319731505824008,-0.08313389384453862,-0.004401088516101992
2025-08-26,0.013466691537302067,0.050172267439762,0.004187051216404392
2025-08-27,-0.009040025480283265,-0.024877867689811928,0.002278514804511911
2025-08-28,0.009744414026280346,-0.0012844438010598536,0.0035413784731703757
2025-08-29,-0.036779997415582466,-0.032668690367611,-0.005963682184690233
2025-08-30,0.0031531689688766296,0.0027003476517424296,0.0
2025-08-31,-0.005601340677526934,0.003273695940829713,0.0
2025-09-01,0.01000791370323073,-0.016585448859090635,0.0
2025-09-02,0.02056357485550686,0.005199324306804032,-0.00741027850099818
2025-09-03,0.005284388430631504,0.029503215838406538,0.0054195601815894
2025-09-04,-0.007321211314969878,-0.03248970632183734,0.008357390788786612
2025-09-05,0.000704068973223615,0.003281316736145845,-0.0028962514584031096
2025-09-06,-0.0038890993247305827,-0.007639668750741624,0.0
2025-09-07,0.008715419829337545,0.007438279890756183,0.0
2025-09-08,0.005208410050346002,-0.0022672382030456406,0.002456628855379561
2025-09-09,-0.0011797459231107643,0.00388992791363596,0.002311848648811843
2025-09-10,0.022777960064862546,0.010331228128293457,0.00289086266421279
2025-09-11,0.011759745734585714,0.02388877769495168,0.00831022877152554
2025-09-12,0.006614107358029475,0.058484787618556355,-0.0003345797943027362
2025-09-13,-0.0013012694783683942,-0.00998175412834057,0.0
2025-09-14,-0.005838298514656892,-0.013696643562878696,0.0
2025-09-15,-0.004319351432047203,-0.022514690940124482,0.005323880160421179
2025-09-16,0.009478320018180941,-0.0077264117479858285,-0.0013768692449287467
2025-09-17,-0.0009270775857361802,0.022131679297599405,-0.0012423560605266948
2025-09-18,0.007311663199767393,0.0009476050236498779,0.004672452908252023
2025-09-19,-0.013277499606373366,-0.0268272990023547,0.004952835223685836
2025-09-20,0.0003586389246046373,0.002611056696483871,0.0
2025-09-21,-0.003383165847240077,-0.006692301331740924,0.0
2025-09-22,-0.019258145627547796,-0.05299290114122912,0.004731075170536503
2025-09-23,-0.005508281819853189,-0.007892921422144372,-0.005443591771073009
2025-09-24,0.015936283894464998,0.0012545739941576262,-0.0031815658943793457
2025-09-25,-0.03460769410658371,-0.06559830571049474,-0.004613504621998388
2025-09-26,0.006294828259379104,0.043531954195074274,0.0057290777314567
2025-09-27,-0.00028157650158811,-0.004269109089293788,0.0
2025-09-28,0.021811213374656413,0.030117145127846356,0.0
2025-09-29,0.018751868993164722,0.016758552635697033,0.0028104096748033935
2025-09-30,-0.002500981392792645,-0.01642476373054913,0.003766875644270362
2025-10-01,0.04149126200448716,0.05071693588590476,0.0034075168215907947
2025-10-02,0.018626867329728736,0.03296183771194672,0.0011518565068935338
2025-10-03,0.013525711120419892,0.0063911850710669516,-1.4866158967619114e-05
2025-10-04,0.001299585766758815,-0.005686360007127078,0.0
2025-10-05,0.00876180084747702,0.005716621158764257,0.0
2025-10-06,0.008629986671740753,0.03672811094164863,0.003586263355458641
2025-10-07,-0.025905189381525418,-0.049933300170148076,-0.003707494362329311
2025-10-08,0.015814072621589403,0.017327216054068728,0.005963041402874625
2025-10-09,-0.008778376623889361,-0.030516880901901522,-0.0028970186885769467
2025-10-10,-0.07015329306992257,-0.12078448377562312,-0.027027764376787222
2025-10-11,-0.02104235868538684,-0.023829831986103445,0.0
2025-10-12,0.03802683406841867,0.1089040266379473,0.0
2025-10-13,0.0037565367256873206,0.022390432928158566,0.015344029580113494
2025-10-14,-0.018200011276769734,-0.02781072757186709,-0.0012216421112398734
2025-10-15,-0.0206472215546204,-0.03344036111659987,0.00443954899070742
2025-10-16,-0.023453713963252687,-0.02325962748643795,-0.006810241559458086
2025-10-17,-0.017339728736550764,-0.017426232181429246,0.0056763137515907225
2025-10-18,0.006989826919617803,0.015207751522246626,0.0
2025-10-19,0.012942956391986948,0.023477144983610643,0.0
2025-10-20,0.018916833166653824,0.00022913783501898877,0.010400477117627371
2025-10-21,-0.020048013345877802,-0.027067731209910573,-1.4911017141350236e-05
2025-10-22,-0.009412417392465677,-0.01982892638120859,-0.005198930936866852
2025-10-23,0.021924289059355395,0.01239411808914892,0.005929952148911788
2025-10-24,0.009284401237717121,0.02089893607342197,0.008172546972973871
2025-10-25,0.006187264216826138,0.005517336539438755,0.0
2025-10-26,0.024595370483077028,0.050951774030878916,0.0
2025-10-27,-0.003223628209643725,-0.009245282702206481,0.011797696913067535
2025-10-28,-0.013923359094535459,-0.03710312684271844,0.002656014462314449
2025-10-29,-0.025503010047052244,-0.019635935789138914,0.00048033227231458753
2025-10-30,-0.01309876112120778,-0.022583934841842068,-0.010998119550020391
2025-10-31,0.016745261652065135,0.01642183346617876,0.0032802030105936186
2025-11-01,0.004635598408077257,0.007046376157145984,0.0
2025-11-02,0.002547421455515231,0.006824434481581543,0.0
2025-11-03,-0.03424033516580949,-0.07631818204896457,0.0018767107020742912
2025-11-04,-0.04340406290490473,-0.0829913956092978,-0.011853596017736279
2025-11-05,0.02271443025731723,0.040334239962579455,0.0034654743340312155
2025-11-06,-0.024287887217540716,-0.032324033235204386,-0.010729388925125316
2025-11-07,0.015986557240588173,0.032616354202433584,0.0009845789961884233
2025-11-08,-0.010547273122768708,-0.010166587002319094,0.0
2025-11-09,0.023401487463760695,0.053153251302080484,0.0
2025-11-10,0.010868000506970787,-0.005257735800425767,0.01560432239211762
2025-11-11,-0.028972149334912878,-0.04359280731459003,0.0022892661907207845
2025-11-12,-0.013406610842677247,-0.0010983516361339207,0.0005563761095350728
2025-11-13,0.0,0.0,-0.016594027882646856
2025-11-14,-0.026789781129518797,-0.06253662049293507,0.0
