Price,Close,Close,Close,High,High,High,Low,Low,Low,Open,Open,Open,Volume,Volume,Volume
Ticker,BTC-CAD,ETH-CAD,SPY,BTC-CAD,ETH-CAD,SPY,BTC-CAD,ETH-CAD,SPY,BTC-CAD,ETH-CAD,SPY,BTC-CAD,ETH-CAD,SPY
Date,,,,,,,,,,,,,,,
2018-01-01,17146.615234375,970.05078125,,17748.9140625,981.918701171875,,16547.296875,933.2184448242188,,17748.9140625,950.515625,,12920601600.0,3258976841.0,
2018-01-02,18738.111328125,1106.174072265625,237.9091339111328,19307.294921875,1147.4713134765625,237.9445485729644,16501.888671875,969.680419921875,236.69644512475205,17106.1875,969.680419921875,237.08592536448378,21070042860.0,7233235545.0,86655700.0
2018-01-03,19066.615234375,1207.5396728515625,239.41397094726562,19498.703125,1222.2789306640625,239.56446301538605,18580.861328125,1087.0401611328125,238.07734421407596,18733.234375,1108.1202392578125,238.07734421407596,21162424371.0,6388350508.0,90070400.0
2018-01-04,19483.400390625,1225.171630859375,240.423095703125,19655.73828125,1304.9913330078125,240.90995963319708,18202.125,1185.5404052734375,239.47597611968953,19154.0390625,1206.276611328125,240.0601966276887,27207216480.0,8122071860.0,80636400.0
2018-01-05,21621.294921875,1237.671630859375,242.02523803710938,21963.298828125,1334.2364501953125,242.1491488370831,18980.6953125,1186.4168701171875,240.72402606328453,19331.0234375,1218.7117919921875,241.21972329012516,29574635299.0,8290447357.0,83524000.0
2018-01-06,21742.244140625,1292.2041015625,,21972.232421875,1315.8106689453125,,20796.486328125,1233.82861328125,,21661.734375,1234.488525390625,,22719261856.0,5783483632.0,
2018-01-07,20420.689453125,1429.1236572265625,,21807.494140625,1429.1236572265625,,19969.662109375,1293.8538818359375,,21742.6171875,1293.8538818359375,,19662734276.0,6902752363.0,
2018-01-08,18833.677734375,1425.9000244140625,242.46780395507812,20485.498046875,1570.8665771484375,242.62712940296544,17650.84765625,1262.645263671875,241.63573504259494,20418.953125,1435.431640625,241.92783169705507,22860856572.0,10491879394.0,57319200.0
2018-01-09,18206.302734375,1621.295654296875,243.01663208007812,19226.19921875,1645.4127197265625,243.64510052492588,17988.169921875,1422.2403564453125,242.60943099098998,18776.07421875,1422.759033203125,242.892694266841,20781683681.0,9936114764.0,57254000.0
2018-01-10,18763.041015625,1573.66796875,242.64479064941406,18763.041015625,1766.197265625,242.91036004037554,17038.69921875,1536.6844482421875,241.58259412596814,18197.6953125,1622.0440673828125,242.2553104867772,23183353122.0,11547254346.0,69574300.0
2018-01-11,16786.7421875,1446.203369140625,244.41526794433594,18845.58984375,1676.9742431640625,244.41526794433594,16437.419921875,1421.119384765625,243.03439286097088,18756.65234375,1589.0435791015625,243.20257878900077,20703999980.0,9060793860.0,62361500.0
2018-01-12,17408.642578125,1585.3885498046875,246.00857543945312,17810.142578125,1626.659912109375,246.1767343344461,16469.994140625,1402.0166015625,244.37982485074494,16846.974609375,1450.4107666015625,244.6808090126746,15024209441.0,6502808159.0,90816100.0
2018-01-13,17881.3203125,1738.822265625,,18254.009765625,1784.22216796875,,17373.529296875,1581.9892578125,,17373.529296875,1581.9892578125,,15893234561.0,7155865791.0,
2018-01-14,17161.2890625,1703.132080078125,,18070.09375,1743.9774169921875,,16521.314453125,1601.588623046875,,17894.51953125,1740.14208984375,,13811896492.0,6033155402.0,
2018-01-15,17175.248046875,1605.5982666015625,,17955.755859375,1733.2313232421875,,16985.28125,1603.6995849609375,,17155.431640625,1701.1881103515625,,15846694081.0,5941951120.0,
2018-01-16,14274.6484375,1308.9990234375,245.16758728027344,17202.8203125,1606.9976806640625,247.92933646551307,12673.2802734375,1088.652587890625,244.46828956559077,17195.50390625,1606.4805908203125,247.2743138292236,23422075661.0,10441705382.0,106555100.0
2018-01-17,13920.85546875,1261.9298095703125,247.50442504882812,14460.8671875,1357.6634521484375,247.8939052426181,11725.595703125,971.3888549804688,245.1675708995572,14200.85546875,1318.502685546875,246.10585672637788,23429032759.0,10631888311.0,113258800.0
2018-01-18,14239.2041015625,1285.919921875,247.08848571777344,15031.212890625,1369.1158447265625,247.81431081215018,13603.7158203125,1204.76318359375,246.59276141441612,13933.546875,1264.6546630859375,247.38944285709573,18638813884.0,7368861129.0,100728000.0
2018-01-19,14496.482421875,1297.73193359375,248.2126007080078,14917.84375,1359.8563232421875,248.2126007080078,13869.044921875,1246.2064208984375,247.08843512248205,14183.23828125,1276.6627197265625,247.67262844105903,13413685720.0,5101069665.0,140920100.0
2018-01-20,16109.8115234375,1442.6668701171875,,16364.3369140625,1457.6036376953125,,14557.4287109375,1305.0379638671875,,14557.4287109375,1305.0379638671875,,14739143570.0,4964614811.0,
2018-01-21,14482.724609375,1310.400634765625,,16105.6904296875,1443.328857421875,,14084.287109375,1274.5255126953125,,16097.322265625,1443.328857421875,,12404071950.0,4217545345.0,
2018-01-22,13612.873046875,1249.3597412109375,250.23080444335938,14925.69140625,1355.820556640625,250.23080444335938,12742.9052734375,1158.8656005859375,247.94703159573973,14523.9248046875,1317.6044921875,248.0001670927858,13122224619.0,4744717490.0,91322400.0
2018-01-23,13492.0322265625,1224.3046875,250.76197814941406,14168.5244140625,1270.3399658203125,251.05407488113116,12635.7880859375,1145.7041015625,249.9476028445889,13629.185546875,1250.492919921875,250.27511424524903,11992680678.0,4415287261.0,97084700.0
2018-01-24,14024.3154296875,1307.1697998046875,250.66458129882812,14196.1787109375,1318.2755126953125,252.0100685126902,13197.607421875,1198.37451171875,249.47844658003856,13535.4814453125,1225.8538818359375,251.40812722642116,12273146195.0,4869311705.0,134816100.0
2018-01-25,13938.01171875,1307.259521484375,250.77081298828125,14499.947265625,1359.947021484375,251.62943637407932,13622.716796875,1271.1781005859375,249.97415852011795,14101.2314453125,1312.6513671875,251.53207980077693,10984097044.0,5013730300.0,84587300.0
2018-01-26,13748.642578125,1298.5977783203125,253.67422485351562,14394.859375,1330.7589111328125,253.7184999486059,12894.173828125,1227.63916015625,251.35506349677885,13933.802734375,1303.1373291015625,251.61177260516385,11994647789.0,4452291221.0,107743100.0
2018-01-27,14080.0693359375,1362.470947265625,,14294.4580078125,1380.82080078125,,13524.408203125,1282.537109375,,13752.9501953125,1299.3115234375,,9332730251.0,3695632129.0,
2018-01-28,14512.470703125,1534.212158203125,,14817.9970703125,1547.9376220703125,,14122.6513671875,1368.2677001953125,,14122.6513671875,1368.2677001953125,,10281798347.0,6614949909.0,
2018-01-29,13932.98046875,1458.32275390625,251.99237060546875,14627.17578125,1547.8773193359375,253.54143151563187,13794.0146484375,1442.6446533203125,251.83304510937253,14474.546875,1535.0616455078125,253.0988426841567,8766217508.0,4582179593.0,90118300.0
2018-01-30,12466.12109375,1321.2388916015625,249.40769958496094,13957.6083984375,1462.544189453125,252.04551207700794,12370.6201171875,1305.286376953125,248.92969602066088,13945.806640625,1460.5059814453125,250.15124567749322,10654800113.0,5067045271.0,131796400.0
2018-01-31,12571.9521484375,1375.5213623046875,249.531494140625,12757.9482421875,1385.5430908203125,250.77073705066843,12042.84765625,1275.6419677734375,248.45157667327229,12468.46484375,1321.189453125,250.26620648214785,9890627036.0,4621798879.0,108364800.0
2018-02-01,11240.3310546875,1270.7935791015625,249.2481689453125,12661.3974609375,1424.395751953125,250.55824084655737,10850.560546875,1208.077392578125,248.4515149164115,12591.87890625,1376.8250732421875,248.79674696989747,12207237129.0,6449241333.0,90102500.0
2018-02-02,10968.6748046875,1137.4964599609375,243.82211303710938,11211.1787109375,1269.6468505859375,248.05325970994735,9601.3779296875,929.7382202148438,243.78669837916752,11205.693359375,1269.5433349609375,247.9204614960327,15808082132.0,8338577807.0,173174800.0
2018-02-03,11396.15625,1197.407958984375,,11713.9345703125,1232.0924072265625,,10249.349609375,1052.915771484375,,10995.21875,1141.751953125,,9022353658.0,4028726587.0,
2018-02-04,10290.806640625,1037.7601318359375,,11594.841796875,1203.6346435546875,,9979.5947265625,1000.37255859375,,11397.1376953125,1198.212890625,,8794544496.0,3726282057.0,
2018-02-05,8713.5625,874.3930053710938,233.62484741210938,10383.275390625,1063.3546142578125,244.17617312530967,8449.904296875,805.877685546875,233.07604178687254,10282.7626953125,1038.103271484375,242.05175292519647,11632611292.0,5348867324.0,294681800.0
2018-02-06,9692.5,991.4025268554688,238.2278289794922,9812.58984375,995.7080688476562,238.73238664637205,7577.259765625,719.6321411132812,228.995433979517,8834.4326171875,886.6528930664062,230.09304545401446,17499750400.0,8147837440.0,355026800.0
2018-02-07,9573.876953125,951.02880859375,236.9353485107422,10655.958984375,1065.957763671875,241.08680394666393,9052.5009765625,904.9423217773438,236.8556588058602,9694.36328125,988.0349731445312,237.67003356283558,11518449536.0,4894381276.0,167376100.0
2018-02-08,10402.2451171875,1029.2100830078125,228.04830932617188,10761.796875,1063.3717041015625,237.3780887905094,9596.20703125,949.6411743164062,228.01289465841148,9594.6796875,949.489990234375,237.23645713294437,11762885459.0,4666757055.0,246449500.0
2018-02-09,10985.87890625,1111.371826171875,231.47393798828125,10985.87890625,1111.546630859375,233.34164972221532,9928.4267578125,993.1419677734375,223.8791127042243,10410.1103515625,1030.0570068359375,230.8543028747004,8531232950.0,3138244108.0,283565300.0
2018-02-10,10841.177734375,1081.8857421875,,11470.6943359375,1153.538818359375,,10430.7236328125,1038.08056640625,,10964.62890625,1109.614013671875,,9783779426.0,3684848482.0,
2018-02-11,10234.0068359375,1025.4940185546875,,10833.921875,1080.46875,,9972.5654296875,991.1103515625,,10833.921875,1080.46875,,7706612550.0,3130195161.0,
2018-02-12,11226.0546875,1092.48583984375,234.87298583984375,11302.490234375,1103.4178466796875,236.35124409558412,10246.8037109375,1028.91552734375,231.615539244688,10248.4326171875,1029.0791015625,233.53635922043264,7868098703.0,2821362861.0,143736000.0
2018-02-13,10820.1123046875,1063.672607421875,235.4572296142578,11273.337890625,1095.7001953125,236.0060353761651,10635.21484375,1043.0084228515625,233.07609983038898,11226.2431640625,1093.222900390625,233.66032025826695,7168752287.0,2618944388.0,81223600.0
2018-02-14,11850.2470703125,1152.6964111328125,238.63499450683594,11881.9931640625,1157.0172119140625,238.99792051664463,10825.5791015625,1062.7784423828125,233.95239805590404,10822.1396484375,1062.440673828125,233.96125847504936,9872246222.0,3517607657.0,120735700.0
2018-02-15,12686.6513671875,1169.2523193359375,241.6800079345703,12777.1240234375,1187.6502685546875,241.68886835374218,11720.046875,1138.615478515625,237.90914319970344,11842.373046875,1152.9049072265625,240.3876563687158,11309144025.0,3619034910.0,111200300.0
2018-02-16,12841.498046875,1184.794677734375,241.750732421875,12944.3564453125,1184.65625,243.7069934859673,12283.97265625,1143.822265625,241.00718681457928,12648.33984375,1166.5194091796875,241.05146188271218,9155221247.0,2973185840.0,160420100.0
2018-02-17,13944.2158203125,1222.3194580078125,,13977.8447265625,1225.431396484375,,12735.4677734375,1180.4581298828125,,12808.37109375,1185.4697265625,,10867672706.0,3169273536.0,
2018-02-18,13248.83984375,1160.0751953125,,14241.728515625,1233.38427734375,,12957.064453125,1148.700439453125,,13957.642578125,1221.3582763671875,,10978978615.0,3223489465.0,
2018-02-19,14102.34375,1185.777587890625,,14163.2744140625,1203.734130859375,,13190.912109375,1156.4581298828125,,13249.84375,1157.246337890625,,9613320486.0,2724939705.0,
2018-02-20,14424.5400390625,1132.5546875,240.23721313476562,15119.1318359375,1215.0755615234375,242.24658372508696,14115.0029296875,1129.2296142578125,239.44055863811087,14110.509765625,1185.4031982421875,240.79487938646753,12556080810.0,3219499414.0,86369700.0
2018-02-21,13575.7392578125,1079.378173828125,239.04217529296875,14443.2607421875,1154.0631103515625,243.17596614234594,13301.12109375,1053.7352294921875,238.94481873353052,14384.6962890625,1130.9913330078125,240.6797590858948,11943840819.0,3215043825.0,98883700.0
2018-02-22,12720.357421875,1033.4510498046875,239.35198974609375,14063.8125,1111.8128662109375,241.69770471005694,12656.4365234375,1019.5489501953125,238.67927321764813,13537.642578125,1078.477783203125,239.9716247992795,10222157549.0,2733980479.0,110511300.0
2018-02-23,13006.16796875,1091.1251220703125,243.16709899902344,13332.50390625,1124.560302734375,243.16709899902347,12379.439453125,1010.3383178710938,240.10439246899782,12633.9912109375,1031.8492431640625,240.58239587399885,9771892740.0,2947943853.0,92766400.0
2018-02-24,12389.982421875,1061.2342529296875,,13380.025390625,1110.495849609375,,12054.00390625,1033.501220703125,,12989.25,1087.8472900390625,,8734578398.0,2432499868.0,
2018-02-25,12223.951171875,1068.515625,,12529.0576171875,1077.18212890625,,11877.353515625,1038.3382568359375,,12368.9599609375,1059.90087890625,,7218137591.0,2083075008.0,
2018-02-26,13144.9755859375,1102.2913818359375,245.99082946777344,13267.634765625,1116.6011962890625,246.08821304279647,12040.5927734375,1063.006591796875,243.65397484238702,12229.89453125,1069.107666015625,244.24702865821388,9240791224.0,2592400640.0,86491400.0
2018-02-27,13697.6630859375,1121.6322021484375,242.9193115234375,13837.4521484375,1136.6356201171875,246.89377779498312,12993.0791015625,1098.4384765625,242.85734260074432,13179.4658203125,1103.622802734375,246.17675900028163,8896508274.0,2623137899.0,99099200.0
2018-02-28,13340.505859375,1097.2203369140625,240.45848083496094,14163.892578125,1137.02392578125,244.47719455562333,13334.3466796875,1097.295166015625,240.1398298770944,13648.623046875,1121.2095947265625,244.0257453518368,8899131708.0,2519786381.0,121907800.0
2018-03-01,14051.228515625,1119.119873046875,236.9619903564453,14165.732421875,1128.2830810546875,241.80391160188617,13286.6552734375,1093.3541259765625,235.45717803728547,13323.955078125,1098.263427734375,240.2459908021413,9388801640.0,2397497930.0,176855100.0
2018-03-02,14277.06640625,1103.455322265625,238.18357849121094,14345.4169921875,1124.5682373046875,238.75010512588764,13978.18359375,1100.2210693359375,234.4127402563666,14085.1025390625,1118.560302734375,235.28019702218475,9813795905.0,2439634035.0,139083200.0
2018-03-03,14796.435546875,1103.934326171875,,14846.0166015625,1118.39501953125,,14168.8916015625,1101.3355712890625,,14297.02734375,1103.2724609375,,8616116355.0,2188448665.0,
2018-03-04,14836.287109375,1116.887939453125,,14836.287109375,1118.961181640625,,14341.0693359375,1082.1126708984375,,14806.3525390625,1102.5963134765625,,7840643796.0,2188135237.0,
2018-03-05,15019.828125,1107.9111328125,240.9364776611328,15204.7958984375,1122.1097412109375,241.55611274680504,14750.04296875,1107.4422607421875,236.88234938545418,14861.8046875,1117.1044921875,236.98859338196428,8394871087.0,2463860301.0,97307400.0
2018-03-06,13957.8154296875,1057.7880859375,241.54721069335938,14929.4296875,1108.42529296875,241.9986598069212,13791.369140625,1043.920166015625,240.04239832380006,14924.8291015625,1108.083740234375,241.91897006990544,8846293695.0,2515886974.0,79213200.0
2018-03-07,12860.568359375,971.5283813476562,241.45870971679688,14097.9619140625,1066.4365234375,241.8127753028806,12500.896484375,943.4212646484375,239.17496372510504,13988.890625,1056.90771484375,239.369703849472,11353702876.0,2807379386.0,87063500.0
2018-03-08,12115.8046875,908.6470336914062,242.62716674804688,13115.5146484375,1000.0164794921875,242.75107755543033,12057.2763671875,897.4314575195312,241.14007497859853,12842.333984375,971.1915893554688,242.14030289771503,9267181643.0,2439459027.0,66901200.0
2018-03-09,11963.2685546875,933.88720703125,246.84942626953125,12211.5908203125,934.1947021484375,246.84942626953125,10970.7421875,835.3450927734375,243.72475101346646,12141.1845703125,905.5532836914062,244.04342893615924,11151808823.0,2860945101.0,113625300.0
2018-03-10,11359.119140625,880.04345703125,,12211.52734375,958.3773193359375,,11311.03515625,874.6688232421875,,11979.9755859375,935.48095703125,,6900953020.0,1964028352.0,
2018-03-11,12273.0986328125,926.8142700195312,,12442.873046875,942.9674072265625,,11027.4423828125,855.9991455078125,,11342.181640625,878.021728515625,,8067539107.0,2002261966.0,
2018-03-12,11822.1357421875,898.79296875,246.53965759277344,12745.837890625,952.199951171875,247.77006743405022,11497.369140625,877.0427856445312,246.1501772842741,12304.2333984375,928.181396484375,247.14159889630315,8293238573.0,2266789418.0,71924800.0
2018-03-13,11911.927734375,894.9664306640625,244.9462432861328,12165.650390625,916.3643188476562,248.21254941417536,11509.4833984375,885.2808837890625,244.3354688385499,11780.935546875,896.637939453125,247.7079919116564,7761521663.0,1847331097.0,91968900.0
2018-03-14,10713.5380859375,795.8140258789062,243.6894073486328,12119.5673828125,909.4727783203125,246.09709174693057,10452.0517578125,769.5971069335938,243.1317680950334,11937.5791015625,895.4741821289062,245.91121199573078,8340726986.0,2345580480.0,105895100.0
2018-03-15,10834.283203125,797.8740234375,243.423828125,10977.0830078125,808.2903442382812,244.84895102500914,10080.6064453125,750.4010009765625,242.91927043437957,10740.6796875,796.52392578125,244.20278869715602,8920297973.0,2310804434.0,83433000.0
2018-03-16,10916.5673828125,787.701171875,243.687744140625,11239.6787109375,815.6646118164062,244.74532618861255,10458.9375,768.0416870117188,243.63442295515176,10863.0625,798.49267578125,243.9543500679912,6924856087.0,1855594641.0,100343700.0
2018-03-17,10364.779296875,723.6982421875,,10927.27734375,797.50048828125,,10228.5439453125,718.87646484375,,10895.044921875,787.716796875,,5794715433.0,1659816915.0,
2018-03-18,10767.263671875,705.24658203125,,10796.6708984375,722.2070922851562,,9685.44921875,602.3472290039062,,10330.2685546875,722.2070922851562,,8692691488.0,3516125024.0,
2018-03-19,11290.6171875,728.3089599609375,240.3905792236328,11364.5224609375,730.2738037109375,243.86548801521718,10700.9423828125,679.0128784179688,238.72867221932347,10924.9560546875,715.6973876953125,242.9323400879656,8803021723.0,2677610699.0,109208400.0
2018-03-20,11653.470703125,728.4505615234375,240.7994842529297,11838.7333984375,741.7537841796875,241.43936583549376,10962.2294921875,680.9530029296875,240.1151502516896,11276.251953125,728.3037109375,240.7905883448603,8317404183.0,2397353232.0,59757300.0
2018-03-21,11513.4140625,724.2972412109375,240.33721923828125,11886.529296875,767.5504150390625,242.8611878844434,11459.5361328125,713.2109985351562,240.12393451714757,11684.8623046875,730.96728515625,240.75491989827356,7792011636.0,2296769559.0,78709600.0
2018-03-22,11285.0380859375,697.78076171875,234.32949829101562,11737.185546875,744.944580078125,238.9508395067697,11059.85546875,675.5171508789062,234.05396933495027,11526.5146484375,724.775634765625,238.09767341060393,7150241252.0,1969681393.0,148785900.0
2018-03-23,11444.9423828125,695.5149536132812,229.33489990234375,11444.9423828125,697.9849243164062,235.10272912118262,10738.380859375,657.2637939453125,229.13937980811755,11295.09765625,697.9901733398438,234.77390603581736,7674265515.0,2057535453.0,183534800.0
2018-03-24,11172.33984375,678.5272827148438,,11595.17578125,702.94287109375,,11169.220703125,678.0645141601562,,11473.7236328125,699.3211059570312,,7301103022.0,1675582868.0,
2018-03-25,10941.7158203125,675.2291870117188,,11185.9013671875,690.2445678710938,,10890.044921875,664.6328735351562,,11101.0498046875,673.7119140625,,5885548534.0,1482591905.0,
2018-03-26,10537.5859375,628.9010620117188,235.6092529296875,10977.3603515625,677.50244140625,235.89365069196427,10178.24609375,605.0799560546875,230.5435500072418,10945.1787109375,675.2291870117188,232.96087674326745,7600246780.0,2103666368.0,141956100.0
2018-03-27,10088.9560546875,579.7493896484375,231.60118103027344,10573.359375,631.22998046875,237.08458584785112,10009.3681640625,579.607666015625,230.03702012928846,10525.51953125,628.437744140625,236.5513738331236,6927186309.0,2083906679.0,129941400.0
2018-03-28,10271.6201171875,576.2800903320312,230.91680908203125,10472.841796875,599.8270874023438,233.4141448412357,10054.306640625,572.6695556640625,229.80590569801302,10093.8369140625,579.9747924804688,231.7344459062011,6372939791.0,1955260593.0,146452300.0
2018-03-29,9232.2880859375,497.2811584472656,233.86734008789062,10328.6748046875,582.4954833984375,235.7425588236101,9120.8173828125,497.0043029785156,230.92567053561905,10303.373046875,578.5992431640625,232.06323434627095,8195808505.0,2538444353.0,111601600.0
2018-03-30,8884.63671875,508.8552551269531,,9358.5126953125,527.2096557617188,,8613.5810546875,474.8361511230469,,9239.6962890625,497.20001220703125,,8109694050.0,2421660884.0,
2018-03-31,8991.6689453125,511.191650390625,,9293.8017578125,539.5726318359375,,8849.822265625,506.6736145019531,,8887.1640625,509.3181457519531,,5870986029.0,1707062448.0,
2018-04-01,8824.9501953125,489.46527099609375,,9104.3896484375,516.4407958984375,,8415.74609375,469.09014892578125,,9029.74609375,512.2192993164062,,5843689864.0,1620685604.0,
2018-04-02,9153.6865234375,499.33837890625,228.8194122314453,9186.2041015625,508.7431335449219,233.8495854751294,8786.5712890625,486.71734619140625,226.33098620312416,8825.7626953125,489.5838928222656,233.33411117150956,5599671168.0,1424340331.0,186286300.0
2018-04-03,9548.2939453125,533.8731689453125,231.752197265625,9641.8623046875,536.2371215820312,232.23211509398098,9127.048828125,494.8330078125,228.25952373637787,9177.5400390625,500.4845886230469,230.06362964338052,7042916107.0,1745969958.0,119956900.0
2018-04-04,8740.7021484375,485.3064880371094,234.23175048828125,9558.4580078125,534.1971435546875,234.94271779307743,8679.7099609375,480.1716003417969,228.0462481472289,9548.6787109375,533.3506469726562,228.17955112667016,6294880800.0,1642242130.0,123715300.0
2018-04-05,8696.884765625,489.31060791015625,236.08030700683594,8857.955078125,495.3847351074219,236.96902969162903,8478.099609375,471.9222106933594,234.9071865537097,8734.0830078125,484.54638671875,236.00029809814026,7200283858.0,1545796306.0,82652600.0
2018-04-06,8479.8896484375,473.1501770019531,230.81906127929688,8751.529296875,491.58587646484375,235.60926254045447,8400.8779296875,468.2518310546875,229.29045714678506,8702.6181640625,488.6709289550781,234.10734612580416,4813229961.0,1235768026.0,179521200.0
2018-04-07,8830.990234375,492.3542175292969,,9009.1796875,502.2507629394531,,8472.4658203125,472.7042236328125,,8472.4658203125,473.2715759277344,,5081312319.0,1215794765.0,
2018-04-08,8978.166015625,511.9693603515625,,9087.1513671875,514.4295043945312,,8842.3505859375,492.72222900390625,,8842.3505859375,492.90240478515625,,4668990709.0,1212452210.0,
2018-04-09,8600.181640625,506.2077331542969,231.9566192626953,9180.802734375,549.0120239257812,235.36931109609853,8462.0595703125,498.8870849609375,231.01457539251095,9004.75390625,512.4154663085938,232.28544231452105,6216435053.0,1877850998.0,105442900.0
2018-04-10,8604.279296875,521.4905395507812,235.6448211669922,8655.80078125,523.8109130859375,236.43579739740815,8501.5322265625,499.3204040527344,233.71630807413945,8631.5673828125,507.3318786621094,234.86274084261026,5378965076.0,1505644400.0,103529000.0
2018-04-11,8759.177734375,541.1887817382812,234.4095001220703,8759.177734375,541.1887817382812,236.08030308116454,8588.7998046875,520.2084350585938,234.08067707363097,8615.2451171875,522.4736938476562,234.1517629537002,5834855469.0,1808873280.0,91140200.0
2018-04-12,9931.7763671875,620.5634155273438,236.33799743652344,9943.55078125,620.6614379882812,237.28893713950225,8573.4794921875,525.481201171875,235.56481310441114,8742.912109375,540.71240234375,235.7425684752777,11212078427.0,3171622304.0,68890500.0
2018-04-13,9952.068359375,621.0431518554688,235.6448211669922,10287.2373046875,661.7727661132812,237.76888146260518,9769.2685546875,607.7159423828125,234.63169138070813,9946.681640625,620.839111328125,237.65334317082176,9786325424.0,3049222599.0,85079200.0
2018-04-14,10065.857421875,632.0628662109375,,10260.55078125,645.3550415039062,,9889.0986328125,615.4268188476562,,9925.234375,620.8478393554688,,6543278554.0,1914648351.0,
2018-04-15,10497.177734375,670.1040649414062,,10509.744140625,670.1040649414062,,10082.35546875,633.8299560546875,,10082.35546875,633.8299560546875,,6609618144.0,2175391207.0,
2018-04-16,10127.330078125,642.3584594726562,237.58226013183594,10545.9755859375,673.462158203125,238.3554717693728,9971.361328125,629.364501953125,236.46248781856696,10507.83984375,670.5728149414062,237.2889935340357,7076867056.0,2210510126.0,63405300.0
2018-04-17,9923.4443359375,631.5343017578125,240.1240234375,10398.8798828125,651.0613403320312,240.72834845227192,9891.55859375,630.8685913085938,238.8442603934722,10143.6552734375,642.3558959960938,239.35970770097333,8666124943.0,2210660008.0,64682000.0
2018-04-18,10307.1337890625,662.5985717773438,240.30174255371094,10350.5419921875,662.8760986328125,241.11045633921168,9911.13671875,631.7239379882812,239.83958939437989,9976.615234375,632.055419921875,240.56834851358323,8244664063.0,2225888084.0,57303900.0
2018-04-19,10504.7431640625,719.2313842773438,238.96868896484375,10509.4619140625,719.2313842773438,239.8485158662105,10276.8369140625,660.670654296875,237.92887134550037,10301.89453125,661.650390625,239.64409985648174,8945555445.0,2858325713.0,77655900.0
2018-04-20,11289.048828125,785.7793579101562,236.9422607421875,11332.9501953125,789.6041259765625,239.11964142211386,10445.0078125,709.8786010742188,236.05353836207954,10495.3330078125,719.3580932617188,238.89746082708686,10768716248.0,3636493553.0,99953100.0
2018-04-21,11352.5390625,772.6051025390625,,11482.69921875,793.6534423828125,,11041.8740234375,738.3455200195312,,11292.826171875,786.1443481445312,,9633459694.0,3334021493.0,
2018-04-22,11237.220703125,793.866455078125,,11487.892578125,817.7468872070312,,11206.294921875,757.8956298828125,,11390.1611328125,773.5291137695312,,8463730054.0,3097376221.0,
2018-04-23,11469.9287109375,825.224365234375,236.9067840576172,11457.0888671875,829.5867919921875,238.07990436943388,11221.5517578125,792.8753662109375,235.82254142790674,11226.91796875,793.0225830078125,237.52000480599133,8894021702.0,3065405872.0,65558000.0
2018-04-24,12428.31640625,907.5753173828125,233.71632385253906,12476.2333984375,908.9194946289062,238.15993770318815,11468.6904296875,826.4447631835938,232.20548429465177,11474.373046875,826.3160400390625,237.9377570106557,13685950572.0,4590511899.0,112885500.0
2018-04-25,11355.2763671875,790.009521484375,234.29397583007812,12510.0673828125,906.3828125,234.73833719162766,11329.7939453125,772.6528930664062,231.82332774472928,12432.8408203125,906.170654296875,233.6540943845802,14227375675.0,5412258959.0,103840900.0
2018-04-26,11944.375,852.9689331054688,236.67575073242188,11944.375,853.38134765625,237.51115227780014,11195.9833984375,774.880615234375,234.88054056132475,11382.9794921875,793.427978515625,235.3249019313487,11544213005.0,3840122448.0,67731900.0
2018-04-27,11522.296875,829.5596923828125,236.89793395996094,12069.0419921875,881.5620727539062,237.59113661977153,11522.296875,829.5596923828125,235.95589001513287,11956.111328125,852.0680541992188,237.28897413951213,9700740306.0,3331062370.0,57053600.0
2018-04-28,11985.6865234375,876.5435180664062,,12067.240234375,886.497802734375,,11451.705078125,826.5006103515625,,11461.037109375,826.5006103515625,,10007405826.0,3200967745.0,
2018-04-29,12094.0986328125,884.523193359375,,12220.3232421875,894.5929565429688,,11787.255859375,859.6647338867188,,11983.0322265625,876.8435668945312,,11367252247.0,3518878876.0,
2018-04-30,11857.4736328125,859.646484375,235.0760498046875,12178.1240234375,892.0763549804688,238.07993686694329,11785.7666015625,854.8945922851562,235.0049368006314,12103.1259765625,885.653076171875,237.5200372270754,11130374144.0,3661097961.0,82182300.0
2018-05-01,11709.720703125,864.9864501953125,235.49375915527344,11878.99609375,865.8660278320312,235.60040154358634,11415.21875,818.0275268554688,232.94310213368462,11871.486328125,860.338134765625,234.50726282004828,9904288859.0,3440052700.0,74203400.0
2018-05-02,11897.7119140625,885.185302734375,233.911865234375,11915.91796875,887.0217895507812,236.11588054701045,11579.044921875,857.16748046875,233.52082501019729,11691.216796875,865.5797119140625,235.29827071221632,9736421547.0,3635648152.0,86368900.0
2018-05-03,12515.98828125,1001.322998046875,233.3962860107422,12589.8740234375,1007.6428833007812,234.0539319463088,11805.8544921875,884.5352172851562,230.22354034782342,11895.2001953125,884.466552734375,233.0763589464093,13111276316.0,5408952307.0,136311500.0
2018-05-04,12457.7158203125,1008.8983764648438,236.4179229736328,12590.720703125,1034.822998046875,237.10225657917215,12313.166015625,979.600830078125,232.08984922712187,12453.8701171875,997.7675170898438,232.41867217550325,10553337142.0,4537605184.0,91222100.0
2018-05-05,12659.8369140625,1048.061279296875,,12796.4111328125,1062.61767578125,,12450.4736328125,1007.1171264648438,,12457.099609375,1007.5615234375,,9826621143.0,3897598368.0,
2018-05-06,12412.2109375,1018.594970703125,,12765.126953125,1072.3802490234375,,12155.2744140625,982.2627563476562,,12643.3466796875,1048.020263671875,,9284963415.0,3992520854.0,
2018-05-07,12068.6875,970.4962768554688,237.21786499023438,12425.44921875,1022.9468994140625,238.19543822158042,11873.59375,913.8569946289062,236.49797468173318,12400.4736328125,1019.9166259765625,237.1912043952279,9520539946.0,5557436194.0,55304900.0
2018-05-08,11956.322265625,974.7239379882812,237.21786499023438,12196.5380859375,997.9295654296875,237.58221741476837,11838.716796875,944.6746215820312,235.6448085198629,12078.80859375,972.1495361328125,236.84458953848053,9601326827.0,3781158382.0,67499200.0
2018-05-09,11978.193359375,966.2972412109375,239.51072692871094,12033.44140625,975.0073852539062,239.8395499323386,11691.4326171875,930.2056884765625,237.36890233126132,11941.9638671875,974.7821655273438,237.8932453805135,9282940513.0,3696624118.0,59666100.0
2018-05-10,11550.0166015625,928.805419921875,241.75030517578125,12007.19921875,984.1210327148438,242.07915531084598,11544.7431640625,927.949951171875,240.15061538886266,11979.1953125,966.6876831054688,240.2572577584358,8820546284.0,3510684065.0,72063900.0
2018-05-11,10798.3544921875,869.326416015625,242.48806762695312,11561.53515625,940.8248291015625,242.75467366910607,10738.193359375,856.8401489257812,241.3593720979361,11561.53515625,928.4683227539062,241.87484660832868,10858515030.0,4208670336.0,59871500.0
2018-05-12,10879.455078125,877.5925903320312,,11084.08984375,884.4529418945312,,10519.5009765625,823.8892211914062,,10798.291015625,869.6986694335938,,8725909419.0,3413519616.0,
2018-05-13,11150.068359375,937.481201171875,,11214.3515625,947.5449829101562,,10739.0380859375,863.8680419921875,,10893.0146484375,879.0342407226562,,7497819992.0,3019511373.0,
2018-05-14,11154.8759765625,934.883544921875,242.603515625,11372.2744140625,949.7549438476562,243.58108883003393,10700.9599609375,889.848388671875,242.05248480692555,11136.212890625,936.5059814453125,242.92344275646653,9423902448.0,3845639287.0,54790600.0
2018-05-15,10954.560546875,912.458740234375,240.9326934814453,11314.7421875,946.5778198242188,241.38592354815603,10887.6796875,902.5310668945312,239.9817538249908,11140.0322265625,935.6436767578125,241.3681588606032,8631590015.0,3247695642.0,87036100.0
2018-05-16,10694.5283203125,903.5391845703125,241.94581604003906,10944.3935546875,913.7433471679688,242.4079691195213,10511.2275390625,877.7477416992188,240.9415552285913,10946.876953125,911.4495239257812,240.96824294163184,8638885342.0,3164246588.0,53942600.0
2018-05-17,10387.4404296875,863.220703125,241.74151611328125,10773.9755859375,917.0152587890625,242.8257590975999,10338.2685546875,858.3146362304688,240.9594356496193,10696.0869140625,905.6707763671875,241.67929900329233,7523384811.0,3016550523.0,56536400.0
2018-05-18,10625.5986328125,894.205810546875,241.13714599609375,10652.1025390625,895.0609130859375,241.75926280632322,10230.0986328125,851.4014282226562,240.78166229953442,10384.2451171875,862.5084838867188,241.39488320280796,7423124150.0,2969332013.0,64368000.0
2018-05-19,10620.7177734375,896.9913940429688,,10781.5380859375,921.5213623046875,,10538.5185546875,884.449462890625,,10631.7294921875,895.11376953125,,6068628555.0,2603352028.0,
2018-05-20,10962.51171875,921.1806640625,,11024.958984375,931.8319702148438,,10566.7080078125,892.0191650390625,,10620.4736328125,898.7852172851562,,6684527921.0,2777453110.0,
2018-05-21,10756.1015625,893.3259887695312,242.95008850097656,11023.796875,925.78271484375,243.49222338059707,10719.064453125,887.0848388671875,242.23912128228767,10974.2041015625,923.5294189453125,242.63016138906482,6586015326.0,2561805253.0,58025900.0
2018-05-22,10303.1279296875,829.8858032226562,242.274658203125,10755.6474609375,895.4267578125,243.73217630498726,10255.4677734375,825.1260986328125,241.94583517619947,10757.2255859375,894.54736328125,243.47443915348006,6581537437.0,2857678021.0,52966400.0
2018-05-23,9700.4619140625,749.0313720703125,242.94117736816406,10326.07421875,835.4625244140625,242.96786508081144,9673.15234375,738.0767822265625,240.83490931512094,10297.107421875,828.5136108398438,240.99489998270917,8331352684.0,3844634261.0,64694200.0
2018-05-24,9776.287109375,775.361328125,242.44357299804688,9944.1015625,784.1070556640625,242.81684851374948,9427.8466796875,716.6226196289062,240.64836267617886,9704.697265625,750.251953125,242.54134661092982,7794420094.0,3596332226.0,76043800.0
2018-05-25,9700.994140625,760.9353637695312,241.8659210205078,9884.88671875,796.8488159179688,242.49690665729042,9558.6962890625,746.5267944335938,241.35934248090643,9782.6787109375,775.857421875,241.8659210205078,6313088416.0,2737652065.0,56374800.0
2018-05-26,9539.8408203125,761.6434936523438,,9850.1630859375,786.1483154296875,,9531.07421875,756.7567138671875,,9709.2158203125,761.8328247070312,,5254442185.0,2197337711.0,
2018-05-27,9561.0029296875,743.0940551757812,,9573.37890625,765.5963745117188,,9429.7080078125,729.6432495117188,,9547.8818359375,763.2515869140625,,5263740269.0,2321133925.0,
2018-05-28,9270.365234375,670.3823852539062,,9632.15234375,748.2300415039062,,9227.6064453125,665.9588012695312,,9565.01171875,743.5831909179688,,6548243543.0,3061848915.0,
2018-05-29,9735.2900390625,736.5874633789062,239.0841064453125,9794.8828125,744.5726318359375,240.9948814317973,9209.375,670.631103515625,237.9643345883461,9261.8818359375,670.5278930664062,240.23056601287198,7377313573.0,3036592421.0,115908600.0
2018-05-30,9545.5234375,721.1996459960938,242.274658203125,9863.3203125,759.2430419921875,242.71901950905934,9403.095703125,701.2606811523438,240.32838063506136,9731.564453125,738.4661254882812,240.3994665104797,6344169593.0,2647156598.0,69678400.0
2018-05-31,9700.453125,747.7037353515625,240.7904815673828,9862.65625,759.9697875976562,242.16799062374014,9478.1904296875,717.779541015625,240.1861567634105,9545.0458984375,719.7909545898438,241.865828221754,6636557217.0,2569435776.0,93519900.0
2018-06-01,9766.177734375,751.1557006835938,243.154541015625,9842.8017578125,762.69873046875,243.4567034850787,9605.09765625,736.3182373046875,242.02584580614777,9708.90625,749.0330200195312,242.09695881170452,6373290990.0,2519927612.0,71258400.0
2018-06-02,9898.267578125,766.391357421875,,9966.099609375,773.2147216796875,,9708.951171875,747.6320190429688,,9760.052734375,751.6555786132812,,6396393293.0,2435105071.0,
2018-06-03,10001.583984375,801.045166015625,,10042.5830078125,808.7443237304688,,9858.88671875,765.6803588867188,,9883.556640625,765.6803588867188,,6285455246.0,2374068546.0,
2018-06-04,9710.9501953125,766.3145141601562,244.309814453125,10038.8701171875,807.153564453125,244.5675515770711,9663.1865234375,754.784912109375,243.74104614561432,10004.537109375,802.4806518554688,243.9809914613621,6452673488.0,2459802610.0,45385200.0
2018-06-05,9879.6123046875,788.5599365234375,244.4875946044922,9912.5048828125,793.0784301757812,244.86973881629476,9568.01953125,751.5582885742188,243.6699578725396,9693.4130859375,766.8585815429688,244.44314220114623,6421483618.0,2386854172.0,51135000.0
2018-06-06,9908.0771484375,785.9220581054688,246.53176879882812,9942.31640625,789.9369506835938,246.63841122542638,9712.8515625,771.6767578125,244.47882072178672,9869.5302734375,789.8010864257812,245.10093770584325,6074130363.0,2273828147.0,62732200.0
2018-06-07,9967.1240234375,785.59326171875,246.5050048828125,10015.6552734375,797.10546875,247.31374577447554,9902.4560546875,780.2754516601562,245.58962160924466,9903.986328125,786.6508178710938,247.02047922423736,5823016897.0,2440609776.0,72969400.0
2018-06-08,9852.1591796875,776.651611328125,247.23385620117188,9987.6318359375,789.871337890625,247.28717741201197,9819.1171875,773.3775634765625,245.87411108140134,9976.080078125,785.925537109375,246.042970622953,5462455994.0,2116175497.0,72139700.0
2018-06-09,9732.0712890625,772.10986328125,,9927.9541015625,786.35009765625,,9732.0712890625,772.10986328125,,9861.9794921875,776.4293823242188,,4968408886.0,1963100389.0,
2018-06-10,8799.4326171875,682.685302734375,,9690.16796875,767.953125,,8700.3212890625,663.7664794921875,,9690.16796875,767.953125,,7527135945.0,2897968896.0,
2018-06-11,8970.0166015625,692.575927734375,247.5626983642578,8972.869140625,696.036376953125,248.28256188748946,8694.474609375,669.2313842773438,247.34051759482395,8816.6396484375,680.5820922851562,247.4560559343977,6162681837.0,2574179161.0,58892500.0
2018-06-12,8566.94140625,646.6411743164062,247.8824920654297,8978.966796875,700.3720703125,248.2468444240052,8512.5546875,639.3423461914062,247.23371487550227,8968.587890625,691.8305053710938,247.980238522204,6057675612.0,2515487223.0,72329000.0
2018-06-13,8237.7255859375,619.4529418945312,247.09152221679688,8633.7587890625,653.5806884765625,248.3801807250203,8150.576171875,595.0986938476562,246.8871062725177,8585.8388671875,648.17041015625,248.12244359904378,6554413593.0,2698552711.0,79070600.0
2018-06-14,8752.0517578125,681.4337158203125,247.7136688232422,8787.6953125,685.52978515625,248.2468807047724,8220.8623046875,610.7910766601562,247.11821272665037,8228.44921875,620.6036987304688,247.96251007517705,6737362702.0,3223536162.0,77097600.0
2018-06-15,8522.0400390625,648.076171875,247.39767456054688,8762.904296875,683.74365234375,247.73691001925954,8492.0654296875,643.4103393554688,245.8086457619335,8750.38671875,682.4013061523438,246.9245375374612,5220719198.0,2386735510.0,120041600.0
2018-06-16,8645.556640625,659.4774780273438,,8701.427734375,664.2040405273438,,8450.3828125,645.2344360351562,,8520.548828125,647.2974243164062,,4215985131.0,1734493726.0,
2018-06-17,8576.4365234375,660.3911743164062,,8696.9658203125,670.0353393554688,,8576.4365234375,658.16552734375,,8639.4443359375,659.2372436523438,,4096064750.0,1669122473.0,
2018-06-18,8897.3701171875,685.5068969726562,246.88876342773438,8963.9892578125,689.918701171875,247.0137563541144,8495.435546875,652.216552734375,245.45150823503494,8590.6884765625,658.9857788085938,245.9335537536418,5336187120.0,1999973594.0,52917600.0
2018-06-19,8988.44921875,714.2454833984375,245.9425811767578,9054.1396484375,719.91943359375,246.16575956258063,8864.4755859375,682.2546997070312,244.18393440673572,8907.3720703125,685.6812744140625,244.60351086182084,5386518582.0,2292366968.0,97531500.0
2018-06-20,9016.19921875,713.5045776367188,246.36204528808594,9071.9931640625,719.495849609375,247.0315801402393,8783.8828125,690.0856323242188,246.0228099373774,8989.5380859375,714.974365234375,246.62984833157014,5173835520.0,2123863909.0,53785500.0
2018-06-21,8962.66796875,702.3473510742188,244.81768798828125,9061.2744140625,723.361083984375,246.37102766416416,8943.9345703125,697.3168334960938,244.31777071707353,9020.9091796875,713.7427368164062,246.35315596226158,4700095313.0,1947184847.0,71061400.0
2018-06-22,8071.83984375,618.0459594726562,245.2641143798828,8974.9658203125,702.064208984375,246.20147996251694,7969.55712890625,606.1844482421875,245.0409359902255,8973.5087890625,702.116943359375,246.08542284094221,6739891972.0,2953496710.0,54898500.0
2018-06-23,8176.37841796875,629.5931396484375,,8259.0908203125,635.7083740234375,,8056.07763671875,613.5030517578125,,8080.3447265625,618.65234375,,4552728448.0,2191050942.0,
2018-06-24,8196.197265625,607.651123046875,,8257.7109375,630.7063598632812,,7730.48095703125,565.8390502929688,,8178.7666015625,629.9221801757812,,6063486343.0,3306743024.0,
2018-06-25,8309.53515625,612.07421875,241.92532348632812,8427.423828125,624.946044921875,244.26422815886755,8129.38330078125,596.8072509765625,240.22917353050144,8194.5244140625,605.3462524414062,244.10354629055186,7314427376.0,5329371221.0,137854200.0
2018-06-26,8102.1435546875,575.4136352539062,242.4609375,8354.5908203125,613.2749633789062,243.31793463902628,8102.1435546875,575.4136352539062,241.73784190715784,8315.3447265625,612.6366577148438,242.4966536601317,4360768726.0,1803682176.0,68547400.0
2018-06-27,8206.8388671875,589.6282958984375,240.45236206054688,8239.7939453125,592.1759643554688,244.48741685986784,8042.421875,564.1011962890625,240.3005887939629,8089.81787109375,574.7116088867188,243.05016134884588,4393531510.0,1824660169.0,105110700.0
2018-06-28,7823.8291015625,559.7603149414062,241.82713317871094,8223.9228515625,591.2984619140625,242.59485358514212,7784.7275390625,555.9960327148438,239.68459933756924,8201.546875,589.5283813476562,240.39878636576628,4595875425.0,1803455008.0,76650500.0
2018-06-29,8168.3583984375,572.741455078125,242.1753692626953,8225.31640625,580.3392944335938,244.30003220849198,7717.779296875,537.8373413085938,242.05931212378812,7816.79150390625,560.0545654296875,242.92524549471887,5210039749.0,2055127158.0,97592500.0
2018-06-30,8412.2939453125,597.9244384765625,,8493.09375,602.6757202148438,,8162.99951171875,573.004150390625,,8162.99951171875,573.004150390625,,5968814790.0,1938794742.0,
2018-07-01,8396.076171875,596.8114013671875,,8450.19140625,600.497802734375,,8261.611328125,586.371337890625,,8422.3828125,598.0059204101562,,6295604038.0,1987622667.0,
2018-07-02,8722.119140625,626.840087890625,242.69305419921875,8828.7109375,632.5474243164062,242.85376331779898,8312.173828125,589.3817138671875,240.35414942750324,8388.923828125,596.6878051757812,240.595199483648,5798231654.0,2143929210.0,63554800.0
2018-07-03,8580.5341796875,609.9986572265625,241.83602905273438,8800.87109375,638.5421142578125,243.69288798482373,8473.6328125,607.8790283203125,241.40754410182765,8699.015625,626.8914794921875,243.5946753546089,6139882256.0,2212865512.0,42187100.0
2018-07-04,8665.8818359375,613.8222045898438,,8899.6572265625,632.7031860351562,,8466.8740234375,597.475830078125,,8608.498046875,609.9408569335938,,5486082210.0,2035622874.0,
2018-07-05,8722.501953125,623.282470703125,243.80889892578125,8870.9208984375,635.1026000976562,243.8713953907587,8600.333984375,610.3831176757812,241.8895709161362,8668.71875,613.7814331054688,242.96977354750305,6568001764.0,2402427881.0,56925900.0
2018-07-06,8728.2705078125,619.9602661132812,245.8711395263672,8764.1591796875,628.2482299804688,246.24606390247396,8573.9775390625,600.8485107421875,243.451866568437,8721.9111328125,623.210205078125,243.83575404000513,5642228200.0,2128751098.0,66493700.0
2018-07-07,8968.1787109375,643.0421142578125,,8977.4130859375,643.0421142578125,,8604.98828125,610.5748291015625,,8722.005859375,620.0191650390625,,5180696616.0,1776599128.0,
2018-07-08,8869.71875,640.452392578125,,9006.08203125,658.1339721679688,,8838.50390625,639.7285766601562,,8969.31640625,643.5757446289062,,4433903437.0,1760566864.0,
2018-07-09,8838.4345703125,624.9301147460938,248.0850830078125,8965.509765625,642.7706909179688,248.13864363980568,8818.298828125,623.1444702148438,246.83528952221374,8871.2900390625,640.1368408203125,246.8799143010565,4874468325.0,2010811716.0,50550400.0
2018-07-10,8318.1875,570.8765869140625,248.9777374267578,8865.0625,626.5487670898438,249.07595005773348,8305.4267578125,570.2234497070312,248.24570597202379,8835.1044921875,624.2483520507812,248.54031662150254,5325298368.0,2351016824.0,51966800.0
2018-07-11,8444.21484375,589.6270141601562,247.15664672851562,8460.298828125,587.6837768554688,248.21006936437337,8318.87109375,564.071533203125,246.85312740749018,8319.2646484375,570.9961547851562,247.4155412718874,4813037503.0,1878371656.0,77054700.0
2018-07-12,8200.228515625,566.1924438476562,249.39732360839844,8450.5693359375,589.8291625976562,249.4508842297889,8079.21044921875,556.671630859375,247.81723079048194,8446.947265625,589.6058959960938,248.42426932853976,4963428952.0,1968746760.0,60124700.0
2018-07-13,8206.7783203125,571.0059204101562,249.59373474121094,8302.7900390625,583.4325561523438,249.89725402617813,8146.51123046875,566.8982543945312,248.76351782261386,8208.4169921875,567.0704956054688,249.21881037179003,5006384324.0,1959809873.0,48216000.0
2018-07-14,8256.86328125,573.7147216796875,,8285.8984375,578.119384765625,,8172.796875,567.647216796875,,8219.2109375,571.6426391601562,,3846380273.0,1625844834.0,
2018-07-15,8366.7421875,591.8226928710938,,8424.3916015625,597.46533203125,,8231.064453125,570.866455078125,,8252.3642578125,573.4476928710938,,4322351134.0,1776270496.0,
2018-07-16,8855.962890625,631.392333984375,249.37057495117188,8855.962890625,631.392333984375,249.78121551510569,8364.5537109375,587.6287231445312,248.92421822062775,8363.2822265625,592.5791015625,249.63840533557,6207810796.0,2441562132.0,48201000.0
2018-07-17,9665.2373046875,661.4228515625,250.3793487548828,9748.2021484375,671.7422485351562,250.77214486231094,8767.6259765625,618.3113403320312,248.54036118076618,8853.2041015625,630.629150390625,248.59392180964701,7870966665.0,3020749747.0,52315500.0
2018-07-18,9705.8427734375,632.739501953125,250.90603637695312,9927.349609375,677.6288452148438,251.0131576304208,9585.466796875,624.351318359375,250.0133229401196,9657.685546875,661.2063598632812,250.45967965853637,8036970520.0,3122870124.0,44593500.0
2018-07-19,9898.0693359375,622.5269165039062,249.95974731445312,9938.4033203125,640.4862670898438,250.62034650016577,9608.8505859375,616.7783203125,249.47767445932342,9715.6142578125,632.8909301757812,250.2364862837895,6775976495.0,2742321702.0,61412100.0
2018-07-20,9667.00390625,592.4425048828125,249.67405700683594,9989.26953125,622.2072143554688,250.38824401522,9626.4248046875,583.2344360351562,249.5133751462428,9898.78515625,622.1133422851562,249.75439793713252,6489515468.0,2394164596.0,82337700.0
2018-07-21,9752.6572265625,607.8721313476562,,9776.7783203125,615.2951049804688,,9546.4384765625,585.9725341796875,,9665.150390625,592.4175415039062,,4898628740.0,1977415516.0,
2018-07-22,9733.0595703125,603.0700073242188,,9898.08203125,618.9954223632812,,9697.9091796875,601.6018676757812,,9750.6982421875,607.874755859375,,4848443646.0,1756230017.0,
2018-07-23,10153.21875,593.6381225585938,250.1382598876953,10235.0654296875,616.9436645507812,250.34356649638588,9721.48046875,592.2018432617188,249.12055372073075,9728.099609375,602.783935546875,249.46872495999105,6757936416.0,2102769816.0,47047600.0
2018-07-24,11075.38671875,630.231689453125,251.39694213867188,11075.38671875,632.1243286132812,252.2450305455652,10151.99609375,593.619384765625,250.52210066992276,10160.328125,594.0107421875,251.55765121391323,9567978854.0,3007402544.0,68026900.0
2018-07-25,10666.896484375,616.036376953125,253.53948974609375,11067.3427734375,635.2611694335938,253.8608534276997,10594.7490234375,611.3141479492188,251.1023728534671,11016.7392578125,630.9324340820312,251.14699761698614,7621232603.0,2517351006.0,78882900.0
2018-07-26,10388.7392578125,606.2643432617188,252.9413604736328,10798.1552734375,630.594482421875,253.62873984535997,10299.0498046875,603.1734619140625,252.71818216864338,10660.9775390625,615.8251342773438,252.81639478943035,6400660980.0,2118568224.0,57919500.0
2018-07-27,10655.337890625,612.9141235351562,251.22747802734375,10793.5126953125,617.5546875,253.3699852589754,10237.158203125,598.4363403320312,250.2990482377023,10387.197265625,606.227783203125,253.27177259452932,6780623316.0,2263209258.0,76768700.0
2018-07-28,10690.755859375,609.3018798828125,,10730.818359375,615.43017578125,,10584.5546875,604.20068359375,,10660.623046875,612.9298095703125,,5205318854.0,1999116513.0,
2018-07-29,10736.595703125,609.6511840820312,,10795.298828125,613.8145751953125,,10624.240234375,603.8391723632812,,10708.595703125,609.3240966796875,,5365633037.0,2131927245.0,
2018-07-30,10656.7109375,595.4393920898438,249.9151153564453,10760.50390625,611.61328125,251.4684278807589,10300.66796875,584.0408325195312,249.38839050122786,10740.671875,609.86279296875,251.3077460148195,7231808780.0,2789849293.0,63742500.0
2018-07-31,10129.3544921875,564.8514404296875,251.1470184326172,10655.625,595.4701538085938,251.76299278352732,10020.6328125,560.39501953125,250.29895715134867,10657.6494140625,595.653076171875,250.68281732845276,6883835307.0,2370343292.0,68570500.0
2018-08-01,9911.6201171875,546.9290161132812,250.7274627685547,10112.958984375,566.5731201171875,251.8612261785977,9754.18359375,533.4800415039062,250.0757994475188,10114.5126953125,564.8540649414062,251.35237302181224,6236426238.0,2454289194.0,53853300.0
2018-08-02,9854.69921875,537.3563232421875,252.09326171875,10022.744140625,552.3742065429688,252.26285214131659,9797.7763671875,533.9761352539062,249.2097886400557,9923.68359375,547.0057373046875,249.41512245770784,5488035453.0,2043699390.0,63426400.0
2018-08-03,9655.7861328125,543.2387084960938,253.17349243164062,9848.9306640625,545.9567260742188,253.22705304912878,9533.8408203125,520.242919921875,252.03972912676397,9848.1748046875,537.2860107421875,252.21828268068944,6009742420.0,2236975192.0,53935400.0
2018-08-04,9134.265625,528.9389038085938,,9737.740234375,545.737548828125,,9070.91015625,524.4242553710938,,9661.3447265625,543.2062377929688,,5543784932.0,1904742152.0,
2018-08-05,9198.212890625,534.2044677734375,,9228.62890625,537.5411987304688,,9014.5810546875,522.6787109375,,9131.966796875,529.0609741210938,,4787625843.0,1817681866.0,
2018-08-06,9035.94921875,528.5740966796875,254.10202026367188,9313.6484375,538.6532592773438,254.4144482388444,8959.76953125,524.349853515625,252.81651045930414,9191.00390625,534.2708129882812,253.20930663527528,5102884820.0,1800067024.0,39400900.0
2018-08-07,8817.548828125,496.44671630859375,254.9410858154297,9314.111328125,533.6334228515625,255.32497329002734,8809.15234375,491.15655517578125,254.63756652265468,9044.4248046875,528.7599487304688,254.77149533005814,6114331960.0,2387276595.0,43196600.0
2018-08-08,8209.521484375,464.27447509765625,254.83396911621094,8804.6396484375,496.8898620605469,255.23570105869427,8101.5576171875,460.49090576171875,254.36976793840185,8809.3623046875,496.0249938964844,254.77149988088516,6593381417.0,2624734552.0,42114600.0
2018-08-09,8567.599609375,476.87298583984375,254.48574829101562,8645.9150390625,484.1216125488281,255.28918469021454,8140.03857421875,460.6175842285156,254.35184676505645,8209.208984375,464.74053955078125,254.8963887184384,5565926976.0,2108706084.0,35717000.0
2018-08-10,8126.708984375,439.1072692871094,252.78073120117188,8599.6171875,478.88360595703125,253.58416781752885,8047.619140625,433.07598876953125,252.06654413061483,8571.759765625,477.11822509765625,253.0396257169645,5950685520.0,2233011600.0,77076000.0
2018-08-11,8272.5888671875,423.2551574707031,,8482.8427734375,439.222900390625,,8027.265625,405.3532409667969,,8128.1279296875,439.222900390625,,5318874900.0,2352546180.0,
2018-08-12,8313.705078125,420.2026062011719,,8436.00390625,431.76727294921875,,8196.0751953125,418.6430358886719,,8256.7158203125,421.5614318847656,,7449237225.0,2137264758.0,
2018-08-13,8269.3388671875,376.19659423828125,251.8344268798828,8592.9521484375,425.37249755859375,253.67341409476452,8181.21875,373.8334045410156,251.53981623513553,8338.25390625,421.04412841796875,253.05743973950874,5362674138.0,2299487589.0,65732900.0
2018-08-14,8094.96142578125,364.2015075683594,253.44134521484375,8256.0654296875,376.05450439453125,253.6823952842539,7831.62939453125,333.3623046875,252.17370736113068,8256.326171875,376.02587890625,252.5665034620298,6922429690.0,2791390745.0,43842000.0
2018-08-15,8290.0263671875,371.0545349121094,251.54873657226562,8655.9580078125,398.9172668457031,252.2272073549818,8124.55224609375,365.8914489746094,250.10254547727263,8123.30810546875,366.101318359375,252.08436996686018,6433110845.0,2468076915.0,102925400.0
2018-08-16,8336.5048828125,379.06854248046875,253.5841827392578,8498.4111328125,392.1974792480469,254.45905173587622,8251.5966796875,369.3641357421875,252.95927242118,8271.248046875,371.5499572753906,252.99498858767228,5696200720.0,2043708520.0,69967900.0
2018-08-17,8591.0126953125,412.1842041015625,254.47683715820312,8593.4541015625,412.75994873046875,254.9231937837165,8325.5576171875,378.2335510253906,252.96814958449227,8344.6376953125,378.5908203125,253.37879005179957,6518348445.0,2605073030.0,65618500.0
2018-08-18,8386.21875,386.18255615234375,,8638.9501953125,418.3422546386719,,8294.794921875,374.09234619140625,,8594.66796875,413.5706481933594,,5201790860.0,2302928110.0,
2018-08-19,8496.2763671875,392.859130859375,,8539.255859375,400.91644287109375,,8305.00390625,380.33392333984375,,8384.6650390625,385.9971923828125,,4324056903.0,1890825669.0,
2018-08-20,8226.3232421875,357.7067565917969,255.021484375,8537.2177734375,397.5707092285156,255.28928753480423,8213.130859375,356.5489501953125,254.47691495879172,8489.015625,393.5734558105469,254.93220757391367,4779290400.0,1843582160.0,39807500.0
2018-08-21,8457.4501953125,367.4858093261719,255.6195831298828,8476.484375,372.3615417480469,256.485516324137,8211.015625,356.560302734375,255.0571692597496,8216.595703125,356.4236145019531,255.53924218321438,4401816412.0,1517314008.0,67272000.0
2018-08-22,8294.82421875,352.96038818359375,255.46786499023438,8885.685546875,387.77301025390625,255.99456274933078,8196.2021484375,344.2059020996094,254.94113998768074,8454.1787109375,367.51708984375,255.20897041594725,6072277488.0,1961164128.0,44993300.0
2018-08-23,8558.0791015625,362.8953857421875,255.12844848632812,8568.7666015625,365.1429748535156,256.1550629578158,8287.2021484375,353.2031555175781,254.80705764907682,8287.8388671875,353.48980712890625,255.2891302832348,4486925328.0,1664711136.0,49204900.0
2018-08-24,8749.3876953125,368.42303466796875,256.66400146484375,8749.3876953125,368.85919189453125,256.80683885752967,8505.419921875,356.7574157714844,255.65523110886937,8579.8701171875,364.21417236328125,255.7087917256957,5335361640.0,1888121340.0,57487400.0
2018-08-25,8805.673828125,364.0990905761719,,8840.0986328125,369.13653564453125,,8724.650390625,362.5692443847656,,8749.375,368.83184814453125,,4313005200.0,1573284720.0,
2018-08-26,8726.1455078125,358.03131103515625,,8820.724609375,363.9415588378906,,8620.216796875,354.7220764160156,,8794.541015625,363.9415588378906,,4287445500.0,1569851650.0,
2018-08-27,8921.1162109375,370.0843811035156,258.6905212402344,8921.1162109375,370.0843811035156,258.7976425030623,8707.9951171875,356.210205078125,257.7085309252208,8730.7509765625,358.2303466796875,257.86921281946275,5207820200.0,1822918482.0,57072400.0
2018-08-28,9169.8134765625,383.1360168457031,258.8155212402344,9189.8173828125,384.5382080078125,259.2618780097796,8927.0830078125,367.849609375,258.351292764096,8929.4619140625,371.4397888183594,259.1547295005864,6021574468.0,1955550870.0,46943500.0
2018-08-29,9093.6552734375,373.3282165527344,260.2080383300781,9198.2080078125,384.11279296875,260.4401252231446,9008.390625,371.260986328125,258.7886276931891,9163.9072265625,382.70184326171875,259.02965043564234,5349843552.0,1902643184.0,61485500.0
2018-08-30,9061.2314453125,368.91033935546875,259.1546630859375,9134.37890625,376.08209228515625,260.1009370153914,8870.060546875,357.0312194824219,258.55656042436004,9089.267578125,373.89727783203125,259.72601268139175,5795530125.0,1964760350.0,61229500.0
2018-08-31,9172.7822265625,368.8674011230469,259.1636657714844,9206.7841796875,369.6033020019531,259.6100225417489,9041.189453125,363.4316101074219,258.2531077677887,9055.7001953125,368.9298095703125,258.74408931769756,5859630210.0,1840283494.0,66140800.0
2018-09-01,9375.681640625,384.94744873046875,,9439.6005859375,392.5110778808594,,9173.39453125,369.5086975097656,,9182.205078125,369.5086975097656,,5364859570.0,2015877542.0,
2018-09-02,9497.4453125,384.4190979003906,,9523.044921875,389.3073425292969,,9296.0576171875,379.1929626464844,,9370.8984375,385.09344482421875,,5653946286.0,1725159195.0,
2018-09-03,9503.4189453125,378.6400451660156,,9579.18359375,386.0714111328125,,9408.0771484375,375.2424621582031,,9505.685546875,385.47686767578125,,5350877840.0,1825387410.0,
2018-09-04,9698.2509765625,376.4114685058594,258.7173156738281,9731.0771484375,382.20306396484375,259.07439565055813,9508.9794921875,374.39227294921875,257.7085449880602,9507.2666015625,378.68975830078125,258.74409599099647,5630093336.0,2048385738.0,57594400.0
2018-09-05,8949.5537109375,306.0960998535156,258.0209655761719,9728.345703125,379.2801513671875,258.5655349434943,8949.5537109375,306.0960998535156,257.00328641681773,9697.9873046875,376.835693359375,258.360201043774,7642106050.0,3149338825.0,72452400.0
2018-09-06,8588.470703125,302.8247985839844,257.2442932128906,8895.84375,305.2213439941406,258.4315900320782,8431.8134765625,287.11529541015625,256.2087424133647,8899.896484375,305.19622802734375,258.1280707493043,7265572438.0,2758801574.0,65909900.0
2018-09-07,8504.84375,285.6436767578125,256.74444580078125,8610.373046875,307.2925720214844,257.7264362438654,8395.251953125,285.9529113769531,255.94991759209472,8588.1416015625,301.9303283691406,256.19096770834966,5608480668.0,2207079726.0,73524800.0
2018-09-08,8187.7861328125,260.3253479003906,,8593.1923828125,289.8046569824219,,8150.3583984375,254.1549072265625,,8495.76953125,286.5760803222656,,5043487406.0,1995269720.0,
2018-09-09,8298.8623046875,259.36859130859375,,8477.4765625,273.1015625,,8155.224609375,247.64122009277344,,8184.3671875,260.8961181640625,,4836246319.0,2088894258.0,
2018-09-10,8328.619140625,259.3165588378906,257.1907043457031,8400.3115234375,266.0616149902344,258.02985701793557,8288.8232421875,249.56837463378906,256.99430633212853,8299.7978515625,260.58953857421875,257.76202668481704,4887012780.0,1977594768.0,50210900.0
2018-09-11,8257.3837890625,241.751708984375,258.0387878417969,8412.0205078125,261.15447998046875,258.48514452531043,8219.6552734375,237.12254333496094,256.1908918770728,8331.4873046875,260.76129150390625,256.53903592361934,5029137433.0,2049454070.0,50530500.0
2018-09-12,8255.4345703125,238.27529907226562,258.1011962890625,8273.03125,242.52508544921875,258.70823463317913,8184.71337890625,222.2534942626953,257.3066958299712,8251.91015625,242.2180633544922,258.04763568478404,5282279731.0,2436742545.0,59810800.0
2018-09-13,8473.154296875,274.7813415527344,259.6278381347656,8506.4892578125,278.18121337890625,259.815327572716,8257.970703125,238.709228515625,258.8868979656381,8258.60546875,238.72760009765625,259.1725728052701,5474604091.0,3030169072.0,51034200.0
2018-09-14,8491.271484375,276.0783386230469,259.6723937988281,8568.9931640625,289.3425598144531,260.0205377451424,8389.1474609375,266.3323059082031,258.8868019030681,8470.6845703125,276.490966796875,259.83307562020394,5314575636.0,2910329322.0,55079900.0
2018-09-15,8531.0244140625,290.8438720703125,,8555.1708984375,295.4462890625,,8466.2900390625,273.2843017578125,,8486.9560546875,273.55548095703125,,4193411940.0,2177984862.0,
2018-09-16,8501.009765625,287.7362976074219,,8532.4970703125,290.49053955078125,,8422.6787109375,275.2556457519531,,8522.5234375,290.49053955078125,,4270253412.0,1959547944.0,
2018-09-17,8203.875,258.4445495605469,258.2976379394531,8527.7802734375,292.4139099121094,259.6545522164094,8154.80029296875,254.505859375,258.0208990227281,8496.939453125,289.03155517578125,259.618863303148,5107869758.0,2638204451.0,68244000.0
2018-09-18,8264.212890625,272.35858154296875,259.69921875,8301.9873046875,277.0653991699219,260.2973213802056,8163.59375,255.4391632080078,258.4851145450664,8203.49609375,257.42578125,258.5118948532331,5421994739.0,2335610144.0,61930400.0
2018-09-19,8265.6337890625,271.2379455566406,259.9759521484375,8330.765625,277.3051452636719,260.39552846308294,8021.17529296875,260.53955078125,259.6277809062345,8264.9267578125,271.7061462402344,259.75277383731645,5724405012.0,2239115694.0,49080600.0
2018-09-20,8416.22265625,289.923828125,262.0827941894531,8428.1318359375,290.0826721191406,262.40418518765625,8254.82421875,268.4218444824219,259.99384805321336,8266.0341796875,271.6500244140625,261.24366863756245,5612962007.0,2300468756.0,100360600.0
2018-09-21,8702.6123046875,318.625244140625,261.8434143066406,8777.017578125,320.7930908203125,262.9464325163961,8383.0849609375,285.9100646972656,261.68200501744235,8408.7353515625,290.77581787109375,262.8298500186028,8440291694.0,3664815553.0,105479700.0
2018-09-22,8685.853515625,310.7379150390625,,8805.4814453125,324.3442687988281,,8549.9443359375,301.8954772949219,,8702.7412109375,319.5982360839844,,5827188529.0,2483293077.0,
2018-09-23,8668.45703125,315.61328125,,8748.9765625,319.5255126953125,,8630.859375,307.1209716796875,,8677.2470703125,311.39947509765625,,5422120814.0,2187539949.0,
2018-09-24,8540.990234375,296.20306396484375,260.9734802246094,8681.720703125,316.9246520996094,261.4039322292042,8521.71875,294.4630432128906,260.39059528304506,8660.88671875,316.2772521972656,261.26044822767255,5409574757.0,2264600846.0,53409600.0
2018-09-25,8352.0859375,283.0964050292969,260.73138427734375,8550.9609375,295.5921325683594,261.53845789547455,8264.611328125,267.6110534667969,260.4892704019376,8551.6474609375,295.6811828613281,261.4308517286274,6123267387.0,2747151238.0,44370000.0
2018-09-26,8466.58984375,281.3684387207031,259.95123291015625,8538.31640625,287.0487976074219,262.06756067148837,8283.3544921875,270.69677734375,259.52975714524297,8360.2734375,283.2803649902344,260.87488907154767,5784264735.0,2289172988.0,79739700.0
2018-09-27,8704.779296875,297.89788818359375,260.677490234375,8753.41015625,300.4117431640625,261.7715314935335,8436.9794921875,277.68359375,260.148408520807,8466.9677734375,280.837890625,260.4264001437534,6006105340.0,2647019476.0,59249500.0
2018-09-28,8581.2666015625,287.2446594238281,260.70440673828125,8829.4814453125,301.805419921875,261.20658694836334,8533.2646484375,282.67340087890625,260.01391579111066,8707.38671875,298.6110534667969,260.0497662584244,6476417318.0,2606515061.0,70091400.0
2018-09-29,8526.80078125,299.1695861816406,,8579.935546875,301.8780517578125,,8410.1611328125,278.7406311035156,,8579.935546875,286.34442138671875,,5635950145.0,2852685641.0,
2018-09-30,8509.9951171875,299.07440185546875,,8533.3974609375,305.7119445800781,,8434.1884765625,293.4833068847656,,8530.353515625,298.77435302734375,,5140604524.0,2267718831.0,
2018-10-01,8441.6328125,295.6253356933594,261.6101989746094,8546.330078125,300.31439208984375,262.6862879497626,8392.515625,290.55767822265625,260.93763310259783,8502.6611328125,299.5522155761719,261.9509426950039,5125442545.0,2046477346.0,62078900.0
2018-10-02,8405.9033203125,291.2801208496094,261.4577331542969,8467.453125,296.101806640625,262.17512578926795,8379.1689453125,289.3436584472656,261.08111159930826,8446.26953125,296.0506591796875,261.4577331542969,5102008177.0,1977177860.0,47258200.0
2018-10-03,8376.3505859375,284.02423095703125,261.6011657714844,8432.8388671875,290.22857666015625,262.93732092255243,8284.19921875,274.6103820800781,261.2424695244532,8403.03125,290.2877197265625,262.51584530642924,5007461836.0,2169164592.0,64694600.0
2018-10-04,8500.04296875,287.2056579589844,259.55657958984375,8536.4755859375,291.27862548828125,261.1707264627903,8368.7421875,283.45391845703125,257.96035795174475,8370.322265625,283.9688415527344,261.1169233914768,4960953033.0,1912179786.0,111545900.0
2018-10-05,8577.1181640625,294.77789306640625,258.1039123535156,8578.5947265625,295.30780029296875,260.30094467632426,8478.4033203125,285.7637023925781,256.6690995378739,8496.759765625,287.26898193359375,259.78083905612795,4755150457.0,2004027497.0,105951700.0
2018-10-06,8532.8623046875,291.5646057128906,,8584.966796875,294.86785888671875,,8519.2509765625,290.1070556640625,,8577.0791015625,294.71441650390625,,4221858682.0,1949294375.0,
2018-10-07,8550.7216796875,292.8207092285156,,8601.2080078125,293.12652587890625,,8492.5859375,288.48992919921875,,8535.9326171875,291.97259521484375,,4282036321.0,1904249574.0,
2018-10-08,8620.2255859375,297.0777893066406,258.1039123535156,8647.8740234375,299.002197265625,258.4626087157315,8551.9951171875,292.036376953125,256.023435139174,8547.1474609375,293.3257751464844,257.41339380530235,5156743490.0,1905843738.0,87742200.0
2018-10-09,8593.716796875,294.94488525390625,257.727294921875,8628.484375,298.2196044921875,259.03654911922155,8568.216796875,294.0926513671875,257.1623350830334,8621.3271484375,297.66741943359375,257.71834598429984,4632565562.0,1817844803.0,74339000.0
2018-10-10,8599.4443359375,294.8111877441406,249.56674194335938,8592.13671875,294.5162353515625,257.28781166234387,8456.6142578125,292.89862060546875,249.19012041566617,8590.67578125,294.4700927734375,257.21605598398236,4945947595.0,1807291938.0,214731000.0
2018-10-11,8152.27490234375,246.92913818359375,244.06968688964844,8597.2763671875,294.330810546875,250.10482722378887,8135.53076171875,246.59788513183594,242.44653605003532,8601.0244140625,294.60357666015625,248.47272744848837,6752003249.0,2824545372.0,274840500.0
2018-10-12,8181.10498046875,256.5023193359375,247.4594268798828,8229.2333984375,259.799560546875,248.48171282732093,8126.806640625,245.92295837402344,244.24903029324207,8130.1357421875,245.89710998535156,248.19474480577531,4933112772.0,1939996959.0,183186500.0
2018-10-13,8195.9814453125,260.5625,,8225.3447265625,262.0249938964844,,8161.84716796875,255.62664794921875,,8185.66845703125,256.0290222167969,,3995032517.0,1522387156.0,
2018-10-14,8192.583984375,254.87669372558594,,8283.6396484375,262.7384033203125,,8188.3671875,254.26495361328125,,8199.2412109375,260.3669128417969,,4017965826.0,1522709710.0,
2018-10-15,8567.546875,272.3623046875,246.0694122314453,9068.4384765625,289.1310119628906,248.43685708302385,8154.634765625,252.9891815185547,245.97973131432062,8194.810546875,254.29718017578125,247.10067436144524,9573112049.0,3722122886.0,102263700.0
2018-10-16,8533.0244140625,271.8206787109375,251.4499969482422,8670.2080078125,275.7718505859375,251.82664594047085,8500.3955078125,270.2960205078125,247.5670613773375,8573.8720703125,272.2635803222656,248.0423402444475,5271344637.0,1982226357.0,118255800.0
2018-10-17,8525.396484375,269.7659912109375,251.4948272705078,8552.82421875,273.47021484375,252.12253904237102,8463.7041015625,268.0770568847656,248.90319345634532,8525.79296875,271.9461669921875,251.48585096754007,5325964258.0,1881260918.0,110626000.0
2018-10-18,8470.0859375,265.9388732910156,247.86293029785156,8564.9912109375,271.82403564453125,251.15403124762722,8440.19921875,263.8798522949219,246.5805779724157,8522.66015625,270.18414306640625,250.55319371070834,5131817534.0,1786238888.0,134557500.0
2018-10-19,8479.3916015625,267.1881408691406,247.72840881347656,8479.603515625,268.41552734375,250.4634988509523,8441.0673828125,263.4871520996094,247.02894145973298,8471.8642578125,265.81463623046875,248.51755708267922,4693691433.0,1658366731.0,139901600.0
2018-10-20,8510.5791015625,269.421630859375,,8521.765625,270.0889587402344,,8457.8701171875,265.9804382324219,,8473.5029296875,266.9101257324219,,4431732232.0,1624661157.0,
2018-10-21,8480.216796875,268.82708740234375,,8599.71484375,272.62060546875,,8493.2802734375,268.1353454589844,,8511.7587890625,269.3691711425781,,4256375856.0,1559821479.0,
2018-10-22,8486.5087890625,267.2831726074219,246.61651611328125,8560.60546875,271.0809326171875,248.72386774186043,8454.876953125,266.3832092285156,246.07845782579622,8485.056640625,268.8690490722656,248.40104918943823,4804839125.0,1740869480.0,82415800.0
2018-10-23,8471.5439453125,267.3117370605469,245.3609619140625,8511.142578125,268.2554626464844,246.4908812323126,8438.841796875,264.0995788574219,240.87718984706726,8467.1474609375,267.2464904785156,242.97561925718117,4861456282.0,1618880730.0,146352700.0
2018-10-24,8479.2470703125,266.09515380859375,237.9269256591797,8531.4541015625,268.8830871582031,245.4955363104898,8462.43359375,264.265625,237.37094221245883,8475.5869140625,267.038330078125,245.10991105218386,4470341614.0,1438766325.0,177806700.0
2018-10-25,8465.4501953125,264.9831237792969,242.19541931152344,8500.5302734375,267.0658874511719,243.74681429478395,8395.64453125,262.80340576171875,238.74293672216368,8462.3388671875,266.11602783203125,239.77419882158696,4222797280.0,1441650175.0,138061500.0
2018-10-26,8494.8203125,266.7660217285156,237.9358673095703,8536.9794921875,269.0195007324219,243.02047753404432,8472.884765625,264.8930358886719,235.20975324352574,8456.5146484375,264.48248291015625,238.46497656482467,4337511152.0,1523629450.0,201574600.0
2018-10-27,8502.20703125,267.921875,,8537.669921875,270.3779296875,,8466.9794921875,266.0747375488281,,8502.810546875,266.80145263671875,,4451916854.0,1423262060.0,
2018-10-28,8494.51171875,268.94525146484375,,8512.4599609375,270.1640930175781,,8470.3291015625,267.3590087890625,,8505.1982421875,268.31549072265625,,4511786372.0,1491806315.0,
2018-10-29,8314.287109375,258.9710998535156,236.6176300048828,8518.6884765625,269.39190673828125,242.34790441460515,8283.234375,256.9791564941406,233.021663057574,8502.6806640625,268.6938171386719,241.04759943865835,5514179436.0,1992013712.0,160749100.0
2018-10-30,8308.1611328125,259.11859130859375,240.1239776611328,8349.8798828125,259.50018310546875,240.4378472552999,8270.1328125,257.4799499511719,235.95407410085443,8320.4765625,258.913330078125,236.44730556791114,4959370163.0,1788395264.0,157116000.0
2018-10-31,8313.8486328125,259.74945068359375,242.6886444091797,8328.6630859375,260.3583068847656,245.0202112913923,8289.326171875,258.1238098144531,242.23129091392119,8311.7294921875,259.2405700683594,242.70656964490217,5515588015.0,1898143251.0,128296300.0
2018-11-01,8347.7041015625,260.2981872558594,245.27137756347656,8604.349609375,267.6105041503906,245.46866468475503,8304.25390625,259.28900146484375,242.46453107897062,8313.990234375,259.9547424316406,243.5585728666456,4959843346.0,1749570479.0,99495000.0
2018-11-02,8381.953125,263.2431640625,243.81861877441406,8393.0126953125,263.70867919921875,246.81377582300624,8297.416015625,259.627685546875,241.75606679596603,8350.74609375,260.4421691894531,246.38332376747783,5556361184.0,1904926016.0,122634100.0
2018-11-03,8346.291015625,262.654052734375,,8397.2119140625,263.38092041015625,,8321.5068359375,261.7867736816406,,8380.3779296875,263.38092041015625,,4800318612.0,1715046142.0,
2018-11-04,8352.5068359375,271.7994079589844,,8368.8818359375,277.1998596191406,,8258.802734375,260.38671875,,8351.814453125,262.6173095703125,,5750772549.0,2291521828.0,
2018-11-05,8416.4951171875,274.1287536621094,245.1637420654297,8491.193359375,275.74072265625,245.71972551342594,8338.951171875,270.70770263671875,243.33435510204097,8335.83984375,271.29376220703125,244.31181428751458,5473371540.0,2115392311.0,65622500.0
2018-11-06,8478.6611328125,286.67041015625,246.71507263183594,8481.7939453125,286.67041015625,246.87648186005163,8399.0595703125,272.6311340332031,245.03814623845773,8435.0107421875,274.6308898925781,245.10092561613268,6167773191.0,2436827079.0,60085900.0
2018-11-07,8567.3154296875,284.9364929199219,251.99705505371094,8591.8212890625,290.7101135253906,252.077759695275,8484.501953125,283.8056945800781,248.47278817138405,8484.7509765625,287.2569885253906,248.90324029317503,6482760176.0,2529245552.0,102752100.0
2018-11-08,8483.1181640625,278.9678955078125,251.53968811035156,8577.2890625,286.428466796875,252.18535257557343,8465.3466796875,278.9981994628906,250.3918432129328,8556.337890625,285.12542724609375,251.18994064858174,6132269668.0,2325374235.0,65584900.0
2018-11-09,8437.044921875,277.5617370605469,249.08251953125,8492.95703125,281.3109130859375,250.40969857449798,8410.732421875,276.6121826171875,247.66563220476698,8467.2197265625,278.64715576171875,250.22138780666992,5743266353.0,2054224359.0,98812600.0
2018-11-10,8467.7265625,280.79412841796875,,8504.798828125,282.56005859375,,8436.6357421875,277.2063293457031,,8437.71875,277.4309387207031,,4895390972.0,1820267565.0,
2018-11-11,8458.9658203125,278.83990478515625,,8486.2626953125,281.4097900390625,,8390.1494140625,275.9664306640625,,8473.5537109375,280.7227783203125,,5197156373.0,1981196087.0,
2018-11-12,8435.529296875,278.5923767089844,244.42843627929688,8483.44140625,280.4501647949219,248.81355255188367,8423.654296875,276.724853515625,243.90830322548976,8459.4833984375,279.0681457519531,248.5714386338035,5687578001.0,1922943880.0,99673600.0
2018-11-13,8410.7431640625,273.5377197265625,243.97108459472656,8466.3779296875,278.7439880371094,246.90346264897008,8389.703125,272.85101318359375,243.24471546783337,8440.4296875,278.2362365722656,244.8947408527995,5956500690.0,2129649368.0,98176600.0
2018-11-14,7605.79248046875,240.42938232421875,242.30311584472656,8438.0732421875,274.0965270996094,246.25777974345633,7336.45556640625,230.36415100097656,240.73379521714875,8399.83203125,273.15155029296875,245.8542565735757,9806791842.0,3439933392.0,125335900.0
2018-11-15,7440.82763671875,238.19744873046875,244.83192443847656,7650.97802734375,244.0734405517578,245.29825433264102,7087.80810546875,225.1178436279297,239.4424480472042,7602.876953125,241.09475708007812,241.0296937943665,9264281879.0,3475894121.0,135101400.0
2018-11-16,7330.9951171875,230.33094787597656,245.46864318847656,7452.275390625,238.93063354492188,246.38332301605928,7230.2646484375,227.6342010498047,243.20880411231732,7437.25732421875,238.27517700195312,243.72893709867515,6941498064.0,2649850556.0,126668000.0
2018-11-17,7302.56640625,228.76815795898438,,7334.97900390625,231.20045471191406,,7257.376953125,227.2798614501953,,7334.97900390625,230.57156372070312,,5657575069.0,2409677419.0,
2018-11-18,7394.5166015625,232.8292999267578,,7434.6103515625,235.58847045898438,,7309.67919921875,228.99691772460938,,7309.67919921875,228.99691772460938,,5469654745.0,2381218544.0,
2018-11-19,6416.97021484375,196.50076293945312,241.31671142578125,7391.37060546875,232.9765625,245.15482070448923,6378.45166015625,194.74342346191406,240.39305511751317,7391.37060546875,232.9765625,244.85887630824584,9272860410.0,3616061895.0,103061700.0
2018-11-20,5923.880859375,173.4355926513672,236.85076904296875,6523.49853515625,199.2682647705078,239.43342610775852,5684.4736328125,168.15521240234375,235.9809161755468,6406.4765625,196.0212860107422,237.962735747675,11215104089.0,4170802725.0,136021300.0
2018-11-21,6088.8271484375,180.86007690429688,237.65792846679688,6213.08203125,184.5561981201172,239.56802041856758,5783.18408203125,167.42288208007812,237.6489795289175,5942.9638671875,174.5041046142578,238.4111991552674,8097126844.0,3553576808.0,75563700.0
2018-11-22,5758.87109375,167.13092041015625,,6127.02294921875,182.289794921875,,5758.4755859375,167.13092041015625,,6101.59130859375,181.005615234375,,6027204652.0,2363926549.0,
2018-11-23,5753.9130859375,163.19680786132812,236.07064819335938,5811.40771484375,167.62359619140625,237.47855948185563,5537.3408203125,158.0236358642578,235.90923893356168,5751.95947265625,166.75234985351562,236.00786880340075,6447991851.0,2644602075.0,42807900.0
2018-11-24,5138.3203125,150.271728515625,,5841.2451171875,167.81887817382812,,5024.9814453125,146.7378387451172,,5754.6806640625,163.2073974609375,,6195891975.0,2384561046.0,
2018-11-25,5303.9189453125,154.0264434814453,,5450.46875,157.22084045410156,,4745.90966796875,134.72332763671875,,5138.3466796875,149.78448486328125,,9028157992.0,3262728409.0,
2018-11-26,5009.05517578125,143.59283447265625,239.88182067871094,5421.47802734375,156.31869506835938,240.10600929616766,4820.5634765625,139.07742309570312,237.94482773987176,5311.724609375,153.88491821289062,238.33940189593758,8584820059.0,2835791267.0,79981400.0
2018-11-27,5079.48681640625,146.25367736816406,240.68887329101562,5136.24169921875,148.70323181152344,240.68887329101562,4854.06005859375,135.83804321289062,238.23177501479714,4991.5595703125,143.0334930419922,238.8415614332091,7975046294.0,3084355816.0,75502400.0
2018-11-28,5651.8525390625,162.5401153564453,246.23077392578125,5821.861328125,167.31661987304688,246.23077392578125,5082.2607421875,146.5036163330078,240.62605977218396,5082.2607421875,146.5036163330078,241.76495520292667,9664790108.0,3549111500.0,127629600.0
2018-11-29,5680.4853515625,156.0465545654297,245.69281005859375,5872.5078125,163.984619140625,247.10069383800422,5501.16064453125,153.1887664794922,244.30282415053588,5666.84716796875,162.91653442382812,245.45066882659407,8633675409.0,2915484134.0,82346400.0
2018-11-30,5338.42333984375,150.38999938964844,247.19033813476562,5744.8681640625,158.68038940429688,247.75529777001762,5246.83154296875,148.58694458007812,245.21749492871632,5695.18115234375,156.29275512695312,245.54031336784792,8037021927.0,2685309900.0,98204200.0
2018-12-01,5603.82763671875,157.7378387451172,,5726.59814453125,160.58245849609375,,5275.2255859375,148.3271942138672,,5347.98583984375,150.69076538085938,,7147017618.0,2834010181.0,
2018-12-02,5487.615234375,154.27931213378906,,5719.30029296875,160.29930114746094,,5465.95703125,154.35597229003906,,5585.294921875,157.24932861328125,,6975969195.0,2460484782.0,
2018-12-03,5139.6025390625,143.76283264160156,250.4635772705078,5512.640625,154.47303771972656,251.45001291586178,5067.27685546875,141.72958374023438,248.85840605833988,5496.42333984375,154.265869140625,251.34240673032892,6717383753.0,2339742124.0,103176300.0
2018-12-04,5246.23974609375,146.12725830078125,242.34793090820312,5383.38232421875,149.4473114013672,250.06002594977548,5050.56787109375,141.52886962890625,242.034061324513,5129.60986328125,143.6020050048828,249.6295738892766,6666455545.0,2317736759.0,177986000.0
2018-12-05,5017.81494140625,136.9749755859375,,5266.6533203125,146.58529663085938,,5017.81494140625,136.9749755859375,,5248.6826171875,146.2881317138672,,7087615020.0,2660164068.0,
2018-12-06,4715.7939453125,122.89512634277344,241.98016357421875,5202.95556640625,139.63641357421875,242.09674600542002,4715.7939453125,123.08708953857422,235.34418759652388,5016.84375,136.9416046142578,238.46490223905337,7872822141.0,3094731634.0,204185400.0
2018-12-07,4556.55322265625,124.30101013183594,236.3576202392578,4704.763671875,127.64718627929688,243.21778756472173,4363.00927734375,111.78682708740234,235.51466871254416,4704.763671875,122.74616241455078,241.6394906863168,9107432243.0,3403227640.0,161018900.0
2018-12-08,4631.4013671875,122.78889465332031,,4671.27685546875,129.31773376464844,,4464.2392578125,115.68217468261719,,4559.18212890625,124.45491790771484,,7068149389.0,2472521038.0,
2018-12-09,4815.59130859375,126.76689910888672,,4910.13916015625,131.77005004882812,,4622.0478515625,121.2855224609375,,4627.5546875,122.62340545654297,,6591859792.0,2498998208.0,
2018-12-10,4692.00048828125,122.81797790527344,236.8059844970703,4854.7822265625,128.13482666015625,237.78344368869855,4653.7587890625,121.51749420166016,231.9186611721517,4814.16796875,126.56718444824219,236.1782453549932,6725863781.0,2352844738.0,151445900.0
2018-12-11,4582.44140625,119.01770782470703,236.85980224609375,4709.45947265625,124.36078643798828,240.2136557687536,4550.873046875,117.64627838134766,235.38016259590728,4686.02392578125,122.6750259399414,240.02534496118275,6284741498.0,2284802938.0,121504400.0
2018-12-12,4655.4306640625,120.95121002197266,238.0524139404297,4711.12646484375,122.95665740966797,241.22693216017808,4564.91015625,118.03644561767578,237.97170932892408,4577.55224609375,118.56998443603516,239.8548990310383,5526470123.0,2046776726.0,97976700.0
2018-12-13,4423.69287109375,115.52825164794922,237.9717559814453,4660.267578125,121.71672058105469,239.8728712921134,4403.55029296875,114.15583038330078,236.8508127683837,4656.2666015625,121.03388977050781,239.00301826410646,5798315362.0,2342189866.0,96662700.0
2018-12-14,4339.57958984375,112.8340072631836,233.57765197753906,4446.3955078125,116.42598724365234,236.7700958938637,4294.82666015625,111.45406341552734,233.02166855130378,4421.48681640625,115.64978790283203,235.81056198508924,5852288249.0,2210274153.0,116961100.0
2018-12-15,4331.919921875,113.01136016845703,,4383.60205078125,114.21846008300781,,4271.0810546875,110.85538482666016,,4341.60400390625,112.79573059082031,,4753502762.0,2002408352.0,
2018-12-16,4353.658203125,114.11632537841797,,4424.2548828125,117.1968002319336,,4327.98291015625,113.04962921142578,,4331.2685546875,113.04962921142578,,5011370251.0,2095717707.0,
2018-12-17,4756.1181640625,127.60433197021484,228.99522399902344,4828.1865234375,129.74490356445312,233.73904916590908,4353.16650390625,114.2769546508789,227.3541616626381,4354.2431640625,114.2769546508789,232.61810606865575,7255499962.0,2818708361.0,165492300.0
2018-12-18,4974.98779296875,136.0998992919922,228.744140625,4981.8203125,136.3598175048828,231.31783535733894,4676.83447265625,125.11173248291016,227.1299797803979,4754.673828125,127.56974792480469,230.64526947903704,7956791869.0,3065590884.0,134515100.0
2018-12-19,5047.40625,136.4523162841797,225.31854248046875,5314.51318359375,146.05113220214844,232.61812394335695,4959.28759765625,135.48489379882812,223.60575169562688,4988.7451171875,136.86900329589844,228.8248560421202,9176926839.0,3309937696.0,214992800.0
2018-12-20,5581.3095703125,156.88754272460938,221.65081787109375,5667.31640625,158.39080810546875,225.64137283491897,5026.5869140625,135.63900756835938,219.3909926003591,5042.89990234375,136.21229553222656,224.0630897715264,12051222806.0,4136049662.0,252053400.0
2018-12-21,5299.509765625,148.92079162597656,217.10928344726562,5668.27880859375,160.74436950683594,225.23623313097644,5235.8427734375,146.31434631347656,216.45984866916038,5580.22705078125,156.37257385253906,222.55731811211578,9800570486.0,3580396544.0,255345600.0
2018-12-22,5460.31982421875,158.8229217529297,,5460.31982421875,158.8229217529297,,5244.7265625,146.22999572753906,,5301.6044921875,148.86599731445312,,7625360293.0,3181332261.0,
2018-12-23,5437.609375,177.8079376220703,,5557.63427734375,181.01661682128906,,5405.609375,159.52264404296875,,5469.5859375,159.52264404296875,,8364190696.0,4867513974.0,
2018-12-24,5551.19384765625,190.87149047851562,211.3726348876953,5800.26123046875,214.05308532714844,217.2355782530651,5439.85107421875,177.62303161621094,211.30950265452,5439.85107421875,177.63987731933594,215.6119911838422,9855349142.0,5948273348.0,147311600.0
2018-12-25,5184.28271484375,176.4254913330078,,5566.09765625,191.88954162597656,,5175.47607421875,171.1536102294922,,5554.89453125,191.90533447265625,,8367439527.0,4481525585.0,
2018-12-26,5236.0654296875,179.0001983642578,222.05218505859375,5297.421875,186.0646209716797,222.05218505859375,5127.6181640625,171.77401733398438,210.84945610461992,5189.685546875,176.4859161376953,212.8428626949543,7230490512.0,3692884493.0,218485400.0
2018-12-27,4978.06591796875,158.7822265625,223.75694274902344,5263.89892578125,180.259033203125,223.95536813231155,4964.2548828125,157.48988342285156,215.53980313185943,5232.16162109375,179.07887268066406,218.79599161110053,6987619374.0,3558770204.0,186267300.0
2018-12-28,5350.458984375,187.68858337402344,223.4683380126953,5397.427734375,187.68858337402344,226.76060065569771,4960.1904296875,157.56976318359375,222.2957466044703,4976.1318359375,159.22119140625,225.11898369481835,7678905932.0,4268185586.0,153100200.0
2018-12-29,5209.318359375,188.1949005126953,,5404.783203125,200.48866271972656,,5209.318359375,183.4931640625,,5362.1494140625,188.80911254882812,,6806372426.0,4321130819.0,
2018-12-30,5268.32666015625,190.59347534179688,,5321.208984375,191.88360595703125,,5177.6982421875,182.6916046142578,,5212.0126953125,187.66192626953125,,6501105953.0,3625033333.0,
2018-12-31,5107.154296875,181.98953247070312,225.42564392089844,5279.1474609375,191.0125274658203,225.66918540388036,5084.1845703125,180.81634521484375,223.21576818583068,5268.80029296875,190.8273468017578,225.10092653135382,6361380138.0,3218133474.0,144299400.0
2019-01-01,5237.35302734375,191.88687133789062,,5246.8701171875,192.6498565673828,,5057.234375,180.57540893554688,,5112.63037109375,182.05760192871094,,5892350858.0,3077819709.0,
2019-01-02,5376.78759765625,211.40548706054688,225.66015625,5388.1298828125,213.88624572753906,226.58921986651146,5191.1005859375,191.79586791992188,221.84473725264507,5245.0576171875,192.8408660888672,221.87179588811404,7151294112.0,4538012477.0,126925200.0
2019-01-03,5172.015625,201.03741455078125,220.2752685546875,5362.91796875,212.57383728027344,224.2079505863008,5159.89892578125,198.4512176513672,219.78818561793517,5358.6875,211.60777282714844,223.90126312996705,6106834310.0,3607531810.0,144140700.0
2019-01-04,5160.06787109375,206.7681884765625,227.65359497070312,5172.04052734375,211.15126037597656,228.30302984004322,5087.9208984375,199.47268676757812,222.94519904963533,5165.59765625,200.73800659179688,223.32403376286777,6484619217.0,4181582630.0,142628800.0
2019-01-05,5142.62841796875,208.15370178222656,,5223.1826171875,215.1187286376953,,5131.53564453125,206.4411163330078,,5152.384765625,206.4411163330078,,6871126718.0,4464581382.0,
2019-01-06,5450.15234375,210.89483642578125,,5476.31201171875,213.14895629882812,,5117.78125,203.40777587890625,,5131.02587890625,208.37522888183594,,7482805910.0,4319998227.0,
2019-01-07,5352.47314453125,201.71823120117188,229.44854736328125,5473.08447265625,211.824462890625,230.86466652308184,5374.08984375,200.9866180419922,227.02218860576536,5453.27197265625,210.9794464111328,227.92417989029647,6952634225.0,3606358326.0,103139100.0
2019-01-08,5339.38623046875,199.17103576660156,231.60427856445312,5463.12841796875,204.35916137695312,232.09136153682732,5308.15625,197.43106079101562,229.1057727631822,5356.7763671875,202.07504272460938,231.6493946419734,7029277996.0,3258338117.0,102512600.0
2019-01-09,5331.23583984375,199.23367309570312,232.68670654296875,5381.6474609375,203.2247314453125,233.53458060273604,5329.8271484375,198.61361694335938,231.08116306254388,5341.92724609375,199.42941284179688,232.31688679123272,6758883303.0,3130125377.0,95006600.0
2019-01-10,4870.826171875,170.29730224609375,233.50750732421875,5376.82080078125,201.25534057617188,233.7600637819376,4841.34423828125,167.43821716308594,230.45877238894823,5330.22412109375,199.28704833984375,231.1442945712948,9101235777.0,4498535862.0,96823900.0
2019-01-11,4892.7724609375,169.24412536621094,233.5977020263672,4925.30908203125,172.23582458496094,233.62476066259418,4823.81640625,165.79637145996094,231.83880809184683,4864.41845703125,169.22325134277344,232.42509689449088,7349329178.0,3539624182.0,73858100.0
2019-01-12,4857.1259765625,167.1087188720703,,4908.181640625,170.7273406982422,,4848.2490234375,166.41917419433594,,4892.251953125,169.21726989746094,,6338778831.0,2934610642.0,
2019-01-13,4714.0224609375,155.0988311767578,,4875.62744140625,167.51290893554688,,4701.0908203125,153.91734313964844,,4853.8984375,167.03004455566406,,6211105299.0,3009509918.0,
2019-01-14,4920.77001953125,171.37307739257812,232.1725311279297,4944.27783203125,173.59010314941406,232.98431770874248,4712.28369140625,155.19139099121094,231.27956864169428,4719.93994140625,155.20669555664062,231.68544816880714,7503716179.0,3715203104.0,70908200.0
2019-01-15,4814.56201171875,161.82501220703125,234.8333740234375,4936.20458984375,172.977783203125,235.1490763944399,4803.9873046875,159.65940856933594,232.54230906215915,4918.43994140625,171.5111083984375,232.55133778111363,7342754431.0,3627421692.0,85208300.0
2019-01-16,4846.74365234375,163.830322265625,235.4016876220703,4891.5791015625,168.70498657226562,236.29465015594596,4808.4736328125,161.1309051513672,235.05892654094148,4815.88330078125,161.52867126464844,235.26636691255945,7153352263.0,3641972147.0,77636700.0
2019-01-17,4885.5302734375,164.34263610839844,237.18765258789062,4887.49658203125,165.0550079345703,238.05358415743143,4808.6962890625,160.405029296875,234.48167836791035,4842.38818359375,163.8654327392578,234.5267944541993,7257340427.0,3445233388.0,96118400.0
2019-01-18,4850.6025390625,160.4697723388672,240.34458923339844,4890.36083984375,164.4431915283203,240.81364231693686,4827.490234375,159.59683227539062,237.22370710591397,4884.84619140625,164.2267303466797,239.0096597533938,6634347499.0,3057140527.0,127900300.0
2019-01-19,4944.39501953125,165.1226806640625,,4984.13134765625,166.95957946777344,,4843.35986328125,160.66970825195312,,4843.35986328125,161.2709503173828,,7897747048.0,4042251197.0,
2019-01-20,4779.20751953125,158.56507873535156,,4964.046875,165.8538360595703,,4749.84033203125,157.35809326171875,,4940.25439453125,165.2730255126953,,7408990824.0,3933917069.0,
2019-01-21,4755.31494140625,155.79347229003906,,4788.91748046875,158.88034057617188,,4731.96484375,154.22769165039062,,4778.35693359375,158.7795867919922,,6654650607.0,3220340747.0,
2019-01-22,4815.17431640625,158.62892150878906,237.09744262695312,4830.33642578125,159.5950164794922,239.08183468775897,4718.66455078125,152.8697509765625,235.47386914199748,4754.1611328125,155.7308349609375,238.86536556352291,7098204027.0,3409767017.0,115531200.0
2019-01-23,4783.62255859375,156.71678161621094,237.593505859375,4834.6142578125,159.29818725585938,238.83825812258468,4758.45703125,155.2900848388672,235.11303005348492,4816.28515625,158.58384704589844,238.1347060859775,7250249294.0,3411736204.0,86030300.0
2019-01-24,4807.2275390625,156.6818084716797,237.71978759765625,4829.0498046875,157.59033203125,238.30610394294712,4763.443359375,154.90260314941406,236.39385933304047,4782.3720703125,156.73036193847656,237.41311386982125,7026035434.0,3365376382.0,59204100.0
2019-01-25,4757.97607421875,153.82261657714844,239.73123168945312,4823.529296875,156.9294891357422,240.56107574549418,4761.873046875,153.4573516845703,237.81901465674474,4815.9384765625,156.99160766601562,239.57788106629977,6960112921.0,3445635721.0,96883400.0
2019-01-26,4761.01171875,153.95152282714844,,4830.8935546875,156.07720947265625,,4749.49072265625,153.29685974121094,,4757.9091796875,153.8162384033203,,6737758963.0,3187938633.0,
2019-01-27,4738.95263671875,149.95184326171875,,4774.50634765625,154.21144104003906,,4715.7099609375,149.95184326171875,,4763.95458984375,153.9800262451172,,7366011671.0,3670459926.0,
2019-01-28,4602.44189453125,141.3574981689453,237.9092254638672,4740.27880859375,150.24615478515625,237.97234393236855,4563.7626953125,137.13916015625,236.13230156628006,4739.37255859375,149.7930908203125,237.5754930992312,9162485429.0,4465109480.0,85613700.0
2019-01-29,4575.86865234375,140.13548278808594,237.593505859375,4614.302734375,142.19357299804688,238.6217615159915,4510.87109375,137.79481506347656,236.75466064776396,4600.18310546875,141.5325164794922,238.05353018097517,7825902168.0,3849038216.0,66136300.0
2019-01-30,4582.06298828125,143.1426239013672,241.35475158691406,4613.91064453125,144.5703125,242.20262537091034,4552.0322265625,139.2415771484375,238.3511335202846,4569.87939453125,139.8820037841797,239.11783141346194,7827102281.0,3777928676.0,92473700.0
2019-01-31,4540.2548828125,140.5764617919922,243.47445678710938,4601.98388671875,145.1483612060547,243.961539700097,4527.28564453125,140.01681518554688,241.0751571010545,4581.24267578125,143.13372802734375,241.2916536882626,7656654890.0,3714350628.0,104012100.0
2019-02-01,4569.05126953125,140.96397399902344,243.59169006347656,4587.40234375,142.3118133544922,244.61997302807876,4512.74853515625,138.0886688232422,242.79793357008143,4543.87158203125,140.6902618408203,243.6728659512218,7103789955.0,3328951333.0,85782500.0
2019-02-02,4612.43115234375,144.65867614746094,,4615.34765625,144.95159912109375,,4542.36669921875,139.85606384277344,,4564.703125,140.7761688232422,,6643598694.0,3124449435.0,
2019-02-03,4537.63232421875,140.80841064453125,,4612.85986328125,145.17884826660156,,4515.2294921875,139.57217407226562,,4605.984375,144.7373504638672,,6607230379.0,3300164775.0,
2019-02-04,4537.5556640625,141.43531799316406,245.30555725097656,4550.83935546875,142.3138885498047,245.36870325119241,4510.4189453125,140.26260375976562,242.96037426039615,4541.90869140625,140.9828338623047,243.63686776576023,6995209997.0,3268742445.0,60744800.0
2019-02-05,4550.2216796875,141.0390625,246.33383178710938,4558.40869140625,141.7376708984375,246.64050552872195,4528.84130859375,140.4063720703125,245.2334012899865,4531.82421875,141.1815643310547,245.73851422047665,6862104964.0,3302526870.0,79552800.0
2019-02-06,4511.46484375,138.6560821533203,246.00906372070312,4555.14306640625,141.23106384277344,246.55026392983174,4484.869140625,135.6343994140625,245.26945187903294,4553.74462890625,141.2041778564453,246.0541797953057,7244996174.0,3426842848.0,58347800.0
2019-02-07,4525.54638671875,139.16261291503906,243.66392517089844,4538.7373046875,140.44570922851562,244.9357085874691,4514.78955078125,138.89004516601562,241.995235882644,4513.341796875,138.54571533203125,244.38550714747916,6662856571.0,3097505403.0,95482000.0
2019-02-08,4868.56005859375,158.35751342773438,243.9615936279297,4906.880859375,159.041015625,244.06079946045017,4515.48046875,138.86773681640625,241.58032332835091,4528.42236328125,139.3087158203125,242.41016745515307,10270958101.0,4855363784.0,75788900.0
2019-02-09,4874.25732421875,158.56838989257812,,4886.03515625,160.23976135253906,,4841.7119140625,156.67478942871094,,4874.94091796875,158.2863006591797,,8177083430.0,3829950337.0,
2019-02-10,4899.05712890625,165.69183349609375,,4906.083984375,165.7565460205078,,4835.04296875,155.48133850097656,,4876.90966796875,158.53927612304688,,8340261442.0,4180271037.0,
2019-02-11,4853.72998046875,161.3706512451172,244.09689331054688,4907.4228515625,165.7781982421875,244.88162137622012,4842.603515625,159.93643188476562,243.5647217203385,4906.4990234375,165.7781982421875,244.62006370538992,8350751074.0,4287053583.0,68021400.0
2019-02-12,4833.3076171875,162.15272521972656,247.23582458496094,4856.4091796875,163.441162109375,247.61464552181585,4802.8203125,159.14613342285156,245.6483110643755,4846.1748046875,161.2112579345703,245.7204857843605,8572997903.0,4166621901.0,72270200.0
2019-02-13,4816.4306640625,162.51637268066406,248.0385284423828,4846.98291015625,165.82171630859375,248.88640229444533,4788.18505859375,161.15115356445312,247.6506788684733,4833.40771484375,162.1156768798828,248.07461579450455,8538527337.0,4490897243.0,65277200.0
2019-02-14,4809.43896484375,161.41497802734375,247.48838806152344,4834.29833984375,164.79409790039062,248.6249059574594,4799.767578125,161.4685821533203,246.12637233078058,4814.75,162.335205078125,246.94718775266864,8338733183.0,4430230288.0,83234400.0
2019-02-15,4795.94482421875,161.7280731201172,250.18528747558594,4839.5771484375,164.03590393066406,250.22137482998247,4792.8671875,161.42076110839844,249.06682722856837,4810.2353515625,161.49940490722656,249.2742675815297,8069095327.0,4002447856.0,97088700.0
2019-02-16,4807.66455078125,163.25851440429688,,4838.37109375,164.42276000976562,,4788.6064453125,161.9862518310547,,4788.6064453125,162.12022399902344,,7860586301.0,3848784906.0,
2019-02-17,4864.60400390625,176.90109252929688,,4875.04443359375,178.02920532226562,,4793.77685546875,163.04061889648438,,4812.3955078125,163.15504455566406,,9321166334.0,5609083981.0,
2019-02-18,5182.8515625,193.37623596191406,,5210.5029296875,195.49642944335938,,4859.24365234375,176.1149139404297,,4861.4443359375,176.15118408203125,,13114545270.0,7130945276.0,
2019-02-19,5214.447265625,192.01466369628906,250.61830139160156,5323.56005859375,198.72169494628906,251.27673745821446,5178.513671875,191.73648071289062,249.37354892787934,5177.6708984375,193.77391052246094,249.38257764986298,13123165169.0,7016074530.0,59120800.0
2019-02-20,5268.66357421875,196.99671936035156,251.12338256835938,5276.17333984375,196.99671936035156,251.5834069058544,5185.4140625,188.0671844482422,250.077069434532,5214.1630859375,191.78550720214844,250.58218232305722,11451129499.0,5927637590.0,76610800.0
2019-02-21,5230.7490234375,193.310791015625,250.2304229736328,5294.79638671875,196.73062133789062,250.84377041305265,5203.08251953125,190.7429962158203,249.26528573635886,5269.13818359375,196.73062133789062,250.48297942084028,10285413737.0,5285844139.0,64214700.0
2019-02-22,5261.85986328125,195.8553009033203,251.7818603515625,5288.30615234375,197.02471923828125,251.98027200861358,5227.02880859375,191.99281311035156,250.2123767985547,5227.44873046875,193.234619140625,250.8527829030626,10281314900.0,4901358574.0,78114600.0
2019-02-23,5440.587890625,208.55398559570312,,5471.7919921875,208.9879608154297,,5213.51806640625,193.54144287109375,,5253.17626953125,195.30905151367188,,11718047959.0,5935643900.0,
2019-02-24,5003.9677734375,178.40577697753906,,5530.04638671875,217.4246063232422,,4983.625,178.40577697753906,,5444.43701171875,208.69447326660156,,14175303316.0,7823850126.0,
2019-02-25,5119.75439453125,184.3715362548828,252.12460327148438,5157.013671875,187.84156799316406,253.7391754379813,5000.30712890625,177.94378662109375,252.04342735606372,4999.5576171875,177.9423065185547,253.2160325852957,12287839044.0,6480156696.0,69030700.0
2019-02-26,5074.162109375,181.79147338867188,251.94424438476562,5136.04345703125,184.7484588623047,252.82817833950187,5064.6416015625,180.58364868164062,251.56539588516938,5114.25634765625,184.13845825195312,251.77286381668554,10441243597.0,4991138449.0,56844100.0
2019-02-27,5062.50634765625,178.9483184814453,251.8359375,5103.43505859375,185.49899291992188,252.18769973105702,4980.224609375,173.0861358642578,250.2845116368961,5078.19091796875,181.71234130859375,251.2225626041049,10912727383.0,5875874795.0,56921600.0
2019-02-28,5074.7978515625,180.02548217773438,251.36691284179688,5142.29833984375,182.91624450683594,252.06146371550594,5062.9970703125,178.3820037841797,251.04220920727437,5059.17138671875,179.15487670898438,251.6194692886216,11058235508.0,5970873634.0,69268300.0
2019-03-01,5131.505859375,181.40847778320312,252.93641662597656,5195.60546875,184.60670471191406,253.35132492336888,5071.33837890625,179.2881317138672,251.49322501687544,5073.4326171875,180.14395141601562,252.9544465427013,10186004584.0,4993952003.0,78880500.0
2019-03-02,5138.84912109375,178.46665954589844,,5151.48046875,182.3939208984375,,5095.001953125,176.08065795898438,,5125.83447265625,181.28411865234375,,10078171199.0,4982946497.0,
2019-03-03,5110.76123046875,175.6860809326172,,5153.021484375,180.63145446777344,,5096.97998046875,174.3784637451172,,5135.9912109375,179.23683166503906,,9635953060.0,4588945938.0,
2019-03-04,5008.0654296875,170.1160430908203,252.01638793945312,5137.23681640625,176.33038330078125,254.24430776567283,4968.18310546875,166.84918212890625,249.7072921916213,5108.01171875,175.56446838378906,254.00078000083641,12021273090.0,5336403168.0,106494600.0
2019-03-05,5202.634765625,184.02734375,251.6736297607422,5210.7958984375,184.47756958007812,252.3411221128159,4988.9208984375,168.81077575683594,251.12342822116324,5005.37451171875,170.14111328125,252.14268290434958,13585002295.0,6362265949.0,59114600.0
2019-03-06,5247.9453125,186.57008361816406,250.14926147460938,5244.40673828125,187.26876831054688,251.7999211424237,5177.013671875,182.02029418945312,249.82455778515973,5203.57763671875,184.20941162109375,251.79089241996357,12334050793.0,6168918736.0,75039800.0
2019-03-07,5259.13525390625,185.59249877929688,248.0566864013672,5295.3173828125,189.33059692382812,249.8426119196279,5230.47119140625,184.38226318359375,247.20881220572193,5247.51513671875,186.77578735351562,249.69828997924193,12886265154.0,5834223411.0,94885100.0
2019-03-08,5233.1884765625,181.26675415039062,247.5604705810547,5298.25634765625,187.0692596435547,247.73185109286158,5198.4404296875,179.16151428222656,245.72042854889247,5261.56298828125,185.96473693847656,246.1894540131837,14271244766.0,6276417504.0,85795800.0
2019-03-09,5317.3876953125,185.10147094726562,,5349.4853515625,186.57470703125,,5221.462890625,180.6631622314453,,5224.36328125,180.94544982910156,,14484613877.0,6724250768.0,
2019-03-10,5302.73876953125,183.5194854736328,,5321.2255859375,185.51063537597656,,5265.15380859375,182.04296875,,5321.2255859375,185.39013671875,,13034447493.0,6143907348.0,
2019-03-11,5231.5087890625,179.28634643554688,251.15049743652344,5325.46630859375,184.443115234375,251.31284928848805,5218.798828125,178.6653594970703,248.25511263677825,5305.61083984375,183.6414031982422,248.28217127877235,13564830329.0,6282545745.0,65098900.0
2019-03-12,5222.49609375,179.61099243164062,252.0975341796875,5261.00244140625,181.3543701171875,252.62070453727017,5175.44970703125,175.4108123779297,251.52027407399112,5229.541015625,179.52587890625,251.70968453545203,13105665792.0,6292379118.0,79667500.0
2019-03-13,5195.30078125,177.2183074951172,253.76625061035156,5220.21533203125,179.83245849609375,254.70432934953868,5199.19873046875,177.26271057128906,252.82817187116447,5227.24462890625,179.8366241455078,252.990551239176,12592481831.0,5671974636.0,80639200.0
2019-03-14,5229.2138671875,178.17044067382812,253.60379028320312,5261.3056640625,180.25961303710938,254.21713755058394,5199.91748046875,176.90567016601562,253.16182350620522,5194.84716796875,177.1396026611328,253.79320068383356,13965631140.0,5964970133.0,67518400.0
2019-03-15,5284.845703125,183.7152557373047,254.8567352294922,5294.31005859375,184.4647979736328,255.67209731464771,5204.3486328125,177.92613220214844,253.9688805402446,5232.7421875,177.97796630859375,254.15915289011542,12534225500.0,6013280431.0,81309000.0
2019-03-16,5402.0126953125,189.99476623535156,,5439.78564453125,192.87710571289062,,5285.841796875,184.009033203125,,5288.83349609375,184.009033203125,,13150590784.0,6456440511.0,
2019-03-17,5370.65380859375,186.7954559326172,,5409.21240234375,189.95973205566406,,5345.55419921875,185.89239501953125,,5400.669921875,189.7814483642578,,10969687246.0,5106377546.0,
2019-03-18,5378.759765625,185.90481567382812,255.7808074951172,5428.95654296875,189.72116088867188,256.0797911020385,5335.38916015625,184.9855499267578,254.84766566811504,5377.09423828125,186.93463134765625,255.0741566712498,12867589841.0,6071338238.0,62199800.0
2019-03-19,5425.4716796875,187.26290893554688,255.8443145751953,5439.56494140625,187.73736572265625,257.61999687418825,5364.748046875,185.4821014404297,254.9474187592462,5379.81298828125,185.7439727783203,256.8499493320855,12453507580.0,5665745655.0,90268100.0
2019-03-20,5432.32568359375,186.9745635986328,255.07420349121094,5437.892578125,187.35133361816406,256.84084469906776,5371.95068359375,184.39453125,253.9598852458596,5424.1376953125,187.21694946289062,255.62685601717183,13523965871.0,6198713990.0,84609200.0
2019-03-21,5386.67822265625,182.6643829345703,257.9552307128906,5467.70166015625,187.374267578125,258.3628980680716,5355.4638671875,181.93080139160156,254.20452515820386,5427.39501953125,186.69830322265625,254.24983996289302,14479901609.0,6800978787.0,79550400.0
2019-03-22,5401.17138671875,184.13177490234375,252.99058532714844,5436.81982421875,186.22474670410156,257.1127127218648,5371.03955078125,182.07635498046875,252.9271611769916,5385.49560546875,182.5657196044922,256.587265479611,12419753305.0,6027909540.0,122659300.0
2019-03-23,5416.6845703125,185.5386505126953,,5435.95458984375,187.0900421142578,,5390.4287109375,183.77017211914062,,5399.48681640625,183.9417724609375,,12856254265.0,5954540565.0,
2019-03-24,5399.9619140625,183.9117889404297,,5423.22509765625,185.7208251953125,,5379.283203125,183.29537963867188,,5415.794921875,185.63995361328125,,12277419797.0,5728453370.0,
2019-03-25,5308.3349609375,180.8673095703125,252.80027770996094,5423.5576171875,184.90419006347656,253.84213109117314,5275.5556640625,179.00469970703125,251.53193326118802,5402.572265625,184.03857421875,252.6462516189721,13876459403.0,6001428165.0,85575200.0
2019-03-26,5332.2373046875,181.2527313232422,254.68463134765625,5332.2373046875,181.2527313232422,255.6449511119168,5289.57470703125,179.134521484375,253.2713295192037,5317.37744140625,180.8985137939453,254.56685158731338,14327409638.0,6020250470.0,68125900.0
2019-03-27,5481.36865234375,189.08627319335938,253.35292053222656,5481.36865234375,189.23130798339844,255.26451965428484,5324.67333984375,181.1263885498047,251.79466077147205,5331.21826171875,181.24472045898438,254.67562071877853,14614688494.0,7011854200.0,72224700.0
2019-03-28,5465.8037109375,187.2703399658203,254.3131866455078,5504.92041015625,189.11279296875,254.76616871666113,5427.087890625,185.93960571289062,252.82741982899728,5482.6484375,189.1099853515625,253.98705282523653,12564591408.0,5592210178.0,56238500.0
2019-03-29,5471.125,190.2269287109375,255.91688537597656,5520.4541015625,190.2960968017578,256.2430193549125,5418.35302734375,185.4484100341797,254.7028961524177,5465.15087890625,187.1719207763672,255.83535188124256,14575872585.0,6842423327.0,82186800.0
2019-03-30,5482.1982421875,189.6870574951172,,5739.4853515625,199.84677124023438,,5415.0341796875,188.270751953125,,5462.79736328125,190.04234313964844,,12992681124.0,6867882140.0,
2019-03-31,5480.32470703125,188.90786743164062,,5490.49560546875,189.81590270996094,,5465.23583984375,187.8243865966797,,5480.5908203125,189.74917602539062,,12074379175.0,5672078354.0,
2019-04-01,5536.0009765625,188.82594299316406,258.9517517089844,5565.28125,190.6999053955078,259.2507353969234,5470.33837890625,187.37728881835938,257.6562294554753,5480.45361328125,188.84298706054688,257.92803532158666,13523589427.0,6140190195.0,77617900.0
2019-04-02,6511.953125,218.7987518310547,259.0785827636719,6544.78857421875,220.4456329345703,259.3141423024182,5532.646484375,188.5657196044922,258.28132984591485,5534.73046875,188.83819580078125,259.142006893001,28443865558.0,13113167352.0,40070400.0
2019-04-03,6636.12451171875,215.4546661376953,259.4862976074219,7081.1826171875,237.92138671875,260.70028640787444,6507.4951171875,209.89463806152344,258.8792893832779,6512.689453125,218.861328125,260.30165991843205,30558187825.0,14174871176.0,68243200.0
2019-04-04,6580.05908203125,211.26092529296875,260.17486572265625,6758.05224609375,220.08731079101562,260.42853466430955,6457.9033203125,207.28025817871094,259.1149027923996,6633.63330078125,215.4185791015625,259.812485469986,24396282157.0,10630542564.0,48997500.0
2019-04-05,6744.3525390625,221.6321563720703,261.43408203125,6768.92919921875,223.86595153808594,261.4884376685545,6572.8095703125,210.32150268554688,260.5552956977181,6579.34033203125,211.21743774414062,260.8452108618967,22545970048.0,10084787312.0,58621700.0
2019-04-06,6775.3330078125,222.2111053466797,,6970.84033203125,231.00672912597656,,6684.81982421875,216.65708923339844,,6744.50244140625,221.62733459472656,,22669791465.0,9596971570.0,
2019-04-07,6952.765625,233.4105987548828,,7005.103515625,234.4494171142578,,6762.7392578125,220.85182189941406,,6779.31884765625,222.25132751464844,,22274187397.0,10158776385.0,
2019-04-08,7042.53662109375,239.98757934570312,261.6333923339844,7111.68310546875,246.52700805664062,261.74210360738147,6886.4951171875,232.95982360839844,260.34691108717846,6954.0,233.30096435546875,261.0082748641195,22838129187.0,12388164633.0,53566300.0
2019-04-09,6938.990234375,234.78713989257812,260.29266357421875,7042.732421875,239.8985595703125,260.99024630017544,6873.70068359375,233.07339477539062,259.7400384889497,7042.732421875,239.93873596191406,260.6641123445104,19626773429.0,10175306807.0,66142300.0
2019-04-10,7092.3828125,236.2161865234375,261.1804504394531,7222.453125,243.85006713867188,261.2710523971649,6922.8046875,233.45521545410156,260.29259549041524,6936.9580078125,234.72483825683594,260.70933131848636,20652347692.0,10465541792.0,52601500.0
2019-04-11,6775.66162109375,221.41465759277344,261.10791015625,7134.2646484375,236.4040985107422,261.6786719730382,6700.02734375,216.74459838867188,260.53714833946185,7092.9287109375,236.2232208251953,261.6696034845715,22149377893.0,10514888308.0,55093100.0
2019-04-12,6786.640625,219.66748046875,262.87457275390625,6802.552734375,221.26806640625,263.1554194410499,6629.1962890625,215.40142822265625,261.1532463220422,6771.26416015625,221.19818115234375,262.72961516573,18235190182.0,8316968514.0,69727800.0
2019-04-13,6796.53759765625,219.38629150390625,,6836.755859375,221.8358154296875,,6749.37109375,217.3679962158203,,6785.7216796875,219.51617431640625,,14433365374.0,6613461719.0,
2019-04-14,6890.3828125,223.78749084472656,,6910.552734375,224.7281494140625,,6734.14306640625,216.91477966308594,,6795.43359375,219.3365936279297,,13856109863.0,6461811842.0,
2019-04-15,6774.74951171875,216.02548217773438,262.7024230957031,6926.1259765625,224.9097442626953,263.04669389296765,6717.05029296875,213.3020782470703,261.8961017391803,6889.796875,223.86610412597656,262.9470234605762,16431998767.0,7583909270.0,49596700.0
2019-04-16,6994.46142578125,223.93704223632812,262.87457275390625,6994.20166015625,223.99549865722656,263.6446478451655,6760.99462890625,215.19883728027344,262.2766330706167,6774.17626953125,215.96180725097656,263.5902922055785,15521983947.0,6920377271.0,52153200.0
2019-04-17,7011.0224609375,222.86924743652344,262.2314147949219,7045.47216796875,225.72727966308594,264.02520666809426,6952.18017578125,220.50314331054688,261.81465125151556,6995.66015625,223.84385681152344,263.9980288411626,16604625394.0,7470461358.0,58268300.0
2019-04-18,7091.0947265625,232.62400817871094,262.7477111816406,7117.0400390625,234.67318725585938,263.0195170136347,7010.02490234375,222.50526428222656,261.51561321632846,7010.91064453125,222.81910705566406,262.8202037959717,17741823282.0,9330416053.0,68708500.0
2019-04-19,7106.81201171875,232.75958251953125,,7146.615234375,233.12197875976562,,6996.52978515625,228.1251983642578,,7088.42724609375,232.58900451660156,,18464748105.0,8764644802.0,
2019-04-20,7152.46826171875,232.8169708251953,,7180.0771484375,236.77589416503906,,7096.1796875,230.1874237060547,,7107.2783203125,232.7734832763672,,17646590180.0,8230696884.0,
2019-04-21,7111.10888671875,227.53074645996094,,7181.99951171875,233.7140655517578,,7045.1083984375,224.36302185058594,,7149.77880859375,232.7689208984375,,18373894162.0,8035755197.0,
2019-04-22,7205.912109375,229.38136291503906,262.97430419921875,7236.7392578125,230.943603515625,263.1283303285299,7056.58837890625,225.4711151123047,261.8871633931436,7109.20703125,227.4918975830078,261.97776537227713,19487118573.0,8134132859.0,40160100.0
2019-04-23,7483.615234375,230.25233459472656,265.33880615234375,7572.07763671875,236.36195373535156,265.57436569771625,7196.267578125,229.51519775390625,263.11014190434713,7205.91259765625,229.55824279785156,263.34567380188565,21309604381.0,9532296611.0,52246600.0
2019-04-24,7374.37841796875,223.7683868408203,264.7499694824219,7591.3994140625,230.5177001953125,265.5925096845761,7305.3037109375,218.33453369140625,264.60501187003445,7482.40185546875,230.120361328125,265.2573073018591,23004889037.0,9919967449.0,50392900.0
2019-04-25,7023.63427734375,208.2071075439453,264.58685302734375,7476.66796875,224.76780700683594,265.2482168952473,6985.63671875,207.43960571289062,263.39100120766926,7376.615234375,223.88800048828125,264.65027716149245,20664808116.0,9193623875.0,57770900.0
2019-04-26,7107.36474609375,210.4835205078125,265.8190002441406,7254.12451171875,212.92401123046875,265.8914652262722,6979.693359375,205.0388641357422,263.85304546183204,7023.3505859375,208.368896484375,264.6321891708936,22633434945.0,10104047759.0,50916400.0
2019-04-27,7092.47900390625,213.29429626464844,,7149.6396484375,216.19479370117188,,7045.82373046875,209.50721740722656,,7107.5302734375,210.38088989257812,,17651158422.0,7893257555.0,
2019-04-28,7114.34130859375,211.73536682128906,,7176.27734375,214.98977661132812,,7074.0244140625,211.54592895507812,,7097.130859375,213.38157653808594,,17257029766.0,7241892036.0,
2019-04-29,7060.3759765625,208.82614135742188,266.2356872558594,7151.89697265625,212.98191833496094,266.7611619593013,7018.873046875,206.2699432373047,265.818951477422,7114.21240234375,211.72996520996094,265.9095534243429,18481267526.0,8145428594.0,57197700.0
2019-04-30,7165.5595703125,217.168701171875,266.3716125488281,7182.34033203125,217.65109252929688,266.6615277592379,6996.1044921875,208.78683471679688,264.46910964412484,7061.27685546875,208.78683471679688,265.8914525775153,18586362383.0,8404399099.0,81111700.0
2019-05-01,7261.4951171875,216.1479034423828,264.36944580078125,7269.0703125,219.65757751464844,267.21418703431993,7159.69580078125,214.60281372070312,264.3603773102805,7164.86376953125,217.19618225097656,267.0058052876615,18385969926.0,7780937208.0,71671900.0
2019-05-02,7415.341796875,218.3712921142578,263.7986755371094,7437.90234375,219.5111846923828,265.1757589536227,7250.09814453125,215.47836303710938,262.2947714967696,7261.12646484375,216.19525146484375,264.25165768247064,19725356619.0,8141196212.0,65030200.0
2019-05-03,7744.74755859375,225.4999542236328,266.38067626953125,7901.0966796875,229.107421875,266.66152298463834,7394.6376953125,216.96755981445312,263.9073838307308,7416.3037109375,218.30714416503906,265.28446723160243,25135305509.0,9800495344.0,56543700.0
2019-05-04,7829.17041015625,220.22897338867188,,7903.990234375,229.11639404296875,,7579.84423828125,217.22796630859375,,7745.9736328125,225.4124298095703,,23587240303.0,8939444766.0,
2019-05-05,7808.134765625,220.20518493652344,,7832.78955078125,222.0729522705078,,7670.18359375,214.5980682373047,,7829.03759765625,220.21377563476562,,19950856588.0,8000393782.0,
2019-05-06,7729.1337890625,232.20889282226562,265.2843933105469,7796.66796875,236.4583282470703,265.72830683695537,7619.1640625,215.56407165527344,261.7330021557946,7803.119140625,220.0533447265625,262.0500950951556,21165614795.0,10141008022.0,107198100.0
2019-05-07,7853.212890625,228.7442626953125,260.8543701171875,8072.3818359375,242.43295288085938,263.4635524835637,7722.2236328125,228.60423278808594,258.93372966633956,7727.5087890625,231.905029296875,262.8656125539488,24284276928.0,11331067480.0,144729900.0
2019-05-08,8060.43994140625,230.32632446289062,260.4919738769531,8069.193359375,231.9915008544922,262.2133009125689,7805.56298828125,224.18902587890625,259.89403398393745,7880.041015625,228.88644409179688,260.4919738769531,20642156268.0,8645339382.0,91568300.0
2019-05-09,8314.330078125,229.30357360839844,259.7037353515625,8329.568359375,232.97865295410156,260.3107159633202,8060.27392578125,225.34141540527344,256.6596808587533,8060.27392578125,230.33132934570312,258.408213009131,22601414632.0,8815766953.0,103471100.0
2019-05-10,8555.669921875,232.22874450683594,261.0083312988281,8631.421875,235.93478393554688,261.76933802498274,8287.0458984375,227.17431640625,255.75372154989756,8317.2890625,229.33544921875,258.76152978744017,26047024356.0,10779565901.0,112429300.0
2019-05-11,9663.443359375,260.61187744140625,,9835.4345703125,272.9008483886719,,8551.4443359375,232.22415161132812,,8556.7666015625,232.22415161132812,,38718791180.0,16870762801.0,
2019-05-12,9370.3935546875,251.75250244140625,,10064.61328125,270.7747497558594,,9147.828125,246.4922332763672,,9661.748046875,260.4223327636719,,37325471879.0,13877509149.0,
2019-05-13,10534.099609375,265.3385314941406,254.4490966796875,10849.9248046875,276.259765625,256.83178699371405,9268.083984375,248.97813415527344,253.60655659347674,9368.7890625,251.876953125,255.86242629401477,38656010862.0,13974377813.0,127290500.0
2019-05-14,10761.1640625,292.3004455566406,256.7501525878906,11136.625,293.2603759765625,258.29030221018024,10362.8056640625,264.16326904296875,255.34591966296173,10524.5283203125,265.1929626464844,255.4727402265894,43117057371.0,17163996809.0,77003200.0
2019-05-15,11029.2626953125,332.2194519042969,258.25421142578125,11041.6416015625,332.5895080566406,258.8974384128037,10643.9990234375,291.8609924316406,254.9021320636245,10754.45703125,292.11407470703125,255.11051383027777,38099731425.0,18092738883.0,73956400.0
2019-05-16,10615.1455078125,355.4263916015625,260.6459655761719,11187.1650390625,369.96875,262.0139530019908,10407.53125,330.13330078125,258.8883924510217,11016.27734375,331.9356689453125,258.96085743703736,44651704583.0,25123203707.0,76749600.0
2019-05-17,9891.103515625,328.3135986328125,258.9608154296875,10678.1962890625,359.55078125,261.46128558312,9461.4775390625,306.955322265625,258.30852007000226,10617.8134765625,355.2087707519531,258.3266570494433,40495170491.0,21600128386.0,100353000.0
2019-05-18,9793.2041015625,315.9638671875,,10030.3359375,331.8129577636719,,9766.6669921875,313.9498291015625,,9888.0986328125,328.5111999511719,,28760956793.0,14725270374.0,
2019-05-19,11024.76171875,351.4019775390625,,11114.392578125,354.8389587402344,,9788.833984375,314.837158203125,,9788.833984375,315.7675476074219,,34835183109.0,16204579656.0,
2019-05-20,10712.994140625,338.1947326660156,257.2485656738281,11027.767578125,351.7503662109375,259.0695350570491,10320.0908203125,324.905517578125,256.49659984650714,11023.7314453125,351.36871337890625,257.34820847262455,32016088828.0,14548242829.0,62877600.0
2019-05-21,10674.705078125,342.112548828125,259.56787109375,10806.93359375,351.3614501953125,259.94836066189526,10516.6640625,333.371826171875,258.698125356596,10712.5380859375,337.9039001464844,258.95179428463933,33682644835.0,15475942714.0,46847100.0
2019-05-22,10318.5458984375,328.7649841308594,258.7705993652344,10723.1748046875,346.98858642578125,259.73091935569033,10232.7109375,326.1263732910156,258.2904393700064,10665.2744140625,341.81689453125,258.60753241919565,33211823465.0,13191309996.0,49482500.0
2019-05-23,10619.5908203125,331.4013671875,255.60870361328125,10703.861328125,333.67010498046875,256.578064108929,10146.673828125,314.9576416015625,254.18633345672276,10316.0693359375,328.7195739746094,256.53277696675195,32952235307.0,14378444456.0,98733800.0
2019-05-24,10732.255859375,335.22125244140625,256.1885986328125,10952.40234375,343.3480529785156,257.4750801791081,10540.88671875,327.69525146484375,255.56348101742185,10619.8359375,331.4302062988281,257.058316670289,34826312739.0,13341712716.0,55268100.0
2019-05-25,10820.60546875,338.3023376464844,,10908.462890625,345.8232421875,,10703.5078125,334.68890380859375,,10738.3203125,335.5021667480469,,29907592612.0,11992949111.0,
2019-05-26,11652.0322265625,358.7947082519531,,11674.8115234375,361.7974853515625,,10648.791015625,332.2364807128906,,10824.1826171875,338.25518798828125,,35840518919.0,12983460483.0,
2019-05-27,11834.525390625,366.7137451171875,,11969.8798828125,374.28729248046875,,11651.458984375,357.04833984375,,11653.1826171875,358.8917541503906,,37563186882.0,16227745671.0,
2019-05-28,11762.53125,366.59423828125,253.80584716796875,11834.1201171875,369.7976379394531,257.42970371192786,11621.9033203125,360.06097412109375,253.78773783846822,11830.466796875,366.3479919433594,256.46938393960517,32680175937.0,13978651438.0,70029400.0
2019-05-29,11702.8642578125,364.1559143066406,252.10264587402344,11838.857421875,370.1458740234375,253.0901435260312,11438.33203125,354.8603210449219,250.6893439456607,11760.6826171875,366.60821533203125,252.68247622813792,31723234500.0,13270066177.0,104972900.0
2019-05-30,11251.51171875,346.0315856933594,252.791259765625,12174.2060546875,388.0777587890625,253.70629270883867,11101.6455078125,334.0086669921875,251.68598202901475,11705.9365234375,364.285888671875,252.86372475668625,39553911855.0,18398834566.0,62523800.0
2019-05-31,11601.275390625,362.7568359375,249.384765625,11617.724609375,363.49609375,251.06080499341493,11057.4365234375,337.2301940917969,249.35758780379692,11252.61328125,346.24298095703125,250.22733337796424,34319027270.0,15228013050.0,86862800.0
2019-06-01,11587.0888671875,359.0735778808594,,11670.4111328125,370.12310791015625,,11475.5498046875,356.5479736328125,,11600.3798828125,363.18951416015625,,30426607230.0,13452673081.0,
2019-06-02,11820.916015625,365.3584289550781,,11930.828125,369.4748229980469,,11583.3251953125,358.6008605957031,,11589.0595703125,359.2379150390625,,27400937373.0,11822476242.0,
2019-06-03,11035.0810546875,339.572509765625,248.7506103515625,11823.3544921875,364.88348388671875,250.5444018690175,11027.3203125,337.7328186035156,247.4097733105327,11819.279296875,365.1732177734375,249.42101504816006,29579938575.0,12603461475.0,96428000.0
2019-06-04,10321.9072265625,323.1902770996094,254.150146484375,11037.7568359375,339.44305419921875,254.2860355904569,10131.1953125,316.2496643066406,250.60782299739085,11037.7568359375,339.44305419921875,251.06080511622002,32956269662.0,13569064789.0,77231900.0
2019-06-05,10500.9169921875,331.5676574707031,256.35162353515625,10573.6611328125,333.16314697265625,256.3788013553749,10273.3701171875,321.4691162109375,253.95989241241804,10317.3173828125,323.4022216796875,255.78086166273198,29205378902.0,11473518687.0,71169700.0
2019-06-06,10446.6328125,333.1831970214844,258.01861572265625,10639.3623046875,333.8111267089844,258.6980889322291,10120.0732421875,318.78204345703125,255.9983330741412,10494.7451171875,331.39886474609375,256.65062846124454,26009141553.0,11038442431.0,69430400.0
2019-06-07,10687.580078125,333.39813232421875,260.6005859375,10785.2587890625,337.5712585449219,261.6877539921499,10400.4228515625,329.24517822265625,258.8701910685622,10453.2177734375,332.99749755859375,259.04232647134563,25432213693.0,11133451791.0,74272200.0
2019-06-08,10568.236328125,326.4994201660156,,10731.3447265625,335.3207092285156,,10413.42578125,323.1658630371094,,10678.044921875,333.8218994140625,,21952882616.0,9600806280.0,
2019-06-09,10201.4248046875,309.2862243652344,,10597.2626953125,326.8113098144531,,10058.76171875,304.1198425292969,,10562.3193359375,326.23687744140625,,22041022216.0,10039998126.0,
2019-06-10,10612.037109375,328.32305908203125,261.79656982421875,10662.119140625,328.5127258300781,263.4726097245832,10067.4326171875,304.3479919433594,261.7059678421747,10207.0078125,308.94580078125,262.15895010455193,24790388980.0,10798841480.0,60799100.0
2019-06-11,10529.193359375,326.4351501464844,261.7330627441406,10646.6103515625,329.8384704589844,263.99797333840945,10335.2099609375,318.8868713378906,261.0807673870778,10617.228515625,328.7767028808594,263.62652468320925,22721033842.0,9804761503.0,58641300.0
2019-06-12,10862.7373046875,347.922119140625,261.2710266113281,10909.9521484375,348.07452392578125,262.0592110347435,10442.0625,324.6986389160156,260.75462038638943,10526.1650390625,326.6259460449219,261.4975176593364,25382968249.0,11529156479.0,47096300.0
2019-06-13,10970.216796875,341.42303466796875,262.3491516113281,11077.05078125,349.4464111328125,262.71155947968725,10785.625,340.6441345214844,261.4794335525112,10862.4921875,347.93572998046875,262.1860846592697,24882679193.0,11251643551.0,48945200.0
2019-06-14,11675.84375,354.6702575683594,262.0592956542969,11698.4111328125,356.3945617675781,262.6662763761679,10917.6279296875,339.03265380859375,261.2892203128432,10970.1416015625,341.4375305175781,262.0592956542969,26633311276.0,11653091002.0,52324700.0
2019-06-15,11869.96484375,361.29376220703125,,11897.8349609375,364.6328125,,11574.53125,352.02960205078125,,11670.35546875,354.4643249511719,,24672352736.0,10914389227.0,
2019-06-16,12061.8876953125,361.0366516113281,,12538.09765625,373.5471496582031,,11837.9755859375,355.95037841796875,,11874.0810546875,361.1350402832031,,31311129772.0,12976816972.0,
2019-06-17,12500.9228515625,367.9734191894531,262.1588439941406,12627.35546875,369.3547058105469,262.92891905805794,12054.42578125,359.763671875,261.9867085922827,12054.42578125,360.85882568359375,262.2947330882832,20873809261.0,8060638591.0,39205700.0
2019-06-18,12145.822265625,354.4766540527344,264.9039611816406,12536.65625,367.93206787109375,265.96395159926107,12044.7314453125,351.9754333496094,263.6265481749029,12521.1953125,367.93206787109375,263.9889560205475,21195174895.0,8298804451.0,85434800.0
2019-06-19,12307.5859375,357.5831604003906,265.501953125,12343.8984375,358.8810729980469,266.0364688601789,12126.5029296875,353.9123229980469,264.0614728933466,12141.390625,354.4833068847656,265.03990238448847,20633337490.0,7321375416.0,78674400.0
2019-06-20,12562.904296875,358.2681884765625,268.0386657714844,12660.796875,361.6770324707031,268.44636088919424,12197.4228515625,350.810791015625,265.56540017743504,12306.974609375,357.5513916015625,268.2017604072751,23533553561.0,8451145243.0,116570000.0
2019-06-21,13422.2734375,390.1960754394531,267.64898681640625,13422.2734375,390.7160949707031,269.03274028402984,12602.6357421875,358.3315734863281,267.43050673791544,12559.1064453125,358.3315734863281,267.7673394530251,27287646460.0,12346773848.0,83309500.0
2019-06-22,14159.41796875,409.3414001464844,,14762.294921875,417.02783203125,,13372.6279296875,389.9552307128906,,13463.775390625,390.467041015625,,39686685546.0,14043038437.0,
2019-06-23,14330.7177734375,406.37884521484375,,14861.498046875,420.9739990234375,,13977.6015625,404.870849609375,,14152.802734375,409.3895263671875,,27720940732.0,10773826501.0,
2019-06-24,14518.05078125,409.2924499511719,267.3211975097656,14590.9375,412.2560119628906,268.17692018981023,14003.0166015625,395.3865661621094,267.16642230602133,14328.5703125,406.2393798828125,267.85831275191043,25409519470.0,10819165708.0,47582700.0
2019-06-25,15539.8388671875,419.2745666503906,264.6993408203125,15539.8388671875,419.2745666503906,267.40314237125256,14513.1064453125,404.97222900390625,264.59010080327306,14513.1064453125,409.6272888183594,267.37583236699265,32790180230.0,12707364136.0,82028700.0
2019-06-26,17080.419921875,441.9010009765625,264.43536376953125,18097.544921875,474.2764892578125,266.11044243135495,15487.84765625,416.612060546875,264.32612373672,15523.5810546875,419.09832763671875,265.60063709003066,59189547299.0,21569399215.0,51584900.0
2019-06-27,14643.60546875,385.33612060546875,265.3730163574219,17469.25390625,450.694580078125,265.8828216448209,13746.98046875,365.0008544921875,264.81770365526756,17081.591796875,442.1722717285156,265.20004372966457,52349504367.0,18382531180.0,40355200.0
2019-06-28,16263.3818359375,407.9514465332031,266.7386169433594,16312.986328125,409.9141845703125,267.2393097188959,14296.470703125,383.65509033203125,265.83735883446985,14616.580078125,385.1729736328125,266.356249022501,45992611826.0,15093273983.0,59350900.0
2019-06-29,15676.2001953125,419.5293884277344,,16254.9638671875,422.1308288574219,,15085.0439453125,386.35980224609375,,16254.7724609375,408.02789306640625,,39223969159.0,14326093027.0,
2019-06-30,14160.857421875,380.5533447265625,,15942.85546875,423.10870361328125,,14137.1005859375,380.5533447265625,,15640.310546875,418.9069519042969,,35681749273.0,13487915945.0,
2019-07-01,13901.126953125,385.7026062011719,269.1601867675781,14677.802734375,394.2389221191406,270.30726266436454,13251.71875,367.7920837402344,267.9493782582353,14134.380859375,379.9936828613281,270.0887548187865,38589276514.0,13519011123.0,78705600.0
2019-07-02,14150.73828125,382.00592041015625,269.86114501953125,14313.6162109375,388.3853759765625,269.91576503187997,12774.1572265625,357.69818115234375,268.26799650064737,13908.416015625,385.5661926269531,269.11463447435807,40632373537.0,13910653198.0,61504500.0
2019-07-03,15618.6064453125,395.7773132324219,272.0186767578125,15628.203125,396.12982177734375,272.0369019473119,14172.1083984375,380.877685546875,270.3982184835292,14172.1083984375,382.2262268066406,270.54388108801885,40212984372.0,12961953068.0,40898900.0
2019-07-04,14635.83203125,371.2948303222656,,15675.4326171875,396.8626403808594,,14570.7978515625,369.00250244140625,,15633.556640625,395.6795654296875,,33825257945.0,10966349305.0,
2019-07-05,14362.197265625,376.7629699707031,271.70916748046875,14967.57421875,383.95037841796875,271.8730552825034,14201.4755859375,368.8741760253906,269.47877645908494,14618.984375,371.1091613769531,270.78059958635043,31185881227.0,11412213138.0,51677300.0
2019-07-06,14663.205078125,376.1737365722656,,15202.732421875,387.220703125,,14367.5400390625,375.0208740234375,,14367.5400390625,376.6272888183594,,27592923670.0,10040054169.0,
2019-07-07,14973.7001953125,399.74932861328125,,15091.2451171875,405.5846862792969,,14585.044921875,374.2926330566406,,14675.064453125,376.2476501464844,,25327930749.0,10617758371.0,
2019-07-08,16097.8974609375,410.44329833984375,270.2162780761719,16172.1650390625,411.69879150390625,271.5272143019512,14895.833984375,396.9103088378906,269.67005001837833,14968.142578125,399.7940979003906,270.3892507575117,30768435734.0,11895799520.0,45841800.0
2019-07-09,16506.2734375,405.4835510253906,270.5529479980469,16760.662109375,416.88818359375,270.85335796874847,16023.7626953125,400.847900390625,268.996222585273,16095.8212890625,410.5399475097656,269.05084257994605,36977438979.0,13199911031.0,41101300.0
2019-07-10,15892.8779296875,379.135986328125,271.8457336425781,17163.681640625,411.15411376953125,272.80163937906144,15319.716796875,374.5286560058594,271.0901383185122,16503.939453125,405.44451904296875,271.6272536032924,43963177326.0,15269887007.0,58448500.0
2019-07-11,14844.0107421875,351.154541015625,272.4830322265625,15877.904296875,379.1604919433594,272.7288222960999,14579.1328125,347.6513671875,271.4725341583795,15870.916015625,379.0623474121094,272.49214482324027,37369661015.0,13351103613.0,50826100.0
2019-07-12,15407.4560546875,360.2510070800781,273.7028503417969,15514.2548828125,363.3769836425781,273.77569553059084,14574.810546875,349.43048095703125,272.66504255102717,14838.3095703125,351.1391296386719,272.9745651476532,30688062672.0,10625805117.0,40326000.0
2019-07-13,14855.0927734375,351.3608093261719,,15441.3203125,360.7837219238281,,14224.111328125,343.0278625488281,,15403.7275390625,360.2671813964844,,27438519633.0,8758409734.0,
2019-07-14,13369.28515625,296.6593933105469,,14931.796875,351.59869384765625,,13339.5625,296.20703125,,14840.2822265625,351.1297607421875,,29311625302.0,11182294307.0,
2019-07-15,14216.490234375,299.8238830566406,273.7939147949219,14408.6630859375,306.626220703125,274.13986001356335,13024.4111328125,274.224609375,273.28410956186127,13371.60546875,297.1638488769531,274.13986001356335,33122450150.0,12687965508.0,33900000.0
2019-07-16,12402.6318359375,260.66229248046875,272.9109191894531,14358.744140625,306.2309875488281,273.9123324860269,12337.857421875,258.298583984375,272.6013964945682,14218.53125,299.7882385253906,273.7029372296452,31604742127.0,11825502310.0,36650100.0
2019-07-17,12653.9990234375,276.0661315917969,271.0537414550781,12999.62890625,284.3790588378906,273.0474553497808,11969.20703125,253.3906707763672,271.0537414550781,12394.7880859375,260.5027770996094,272.8835953047576,32072838492.0,12254484136.0,36036300.0
2019-07-18,13914.0107421875,295.5467224121094,272.0460205078125,14016.916015625,298.8172302246094,272.4283883648192,12264.49609375,272.1285400390625,270.1069545643566,12660.10546875,276.0134582519531,270.5530272456107,32855491360.0,12167772264.0,51392600.0
2019-07-19,13754.8740234375,289.09796142578125,270.5348205566406,13963.0576171875,295.7608642578125,273.17488951700204,13388.384765625,281.63653564453125,270.36184793467834,13897.6708984375,295.6661376953125,273.14757951260293,27073438786.0,9935256730.0,58678600.0
2019-07-20,14063.6611328125,299.26751708984375,,14431.3759765625,305.9018249511719,,13651.0908203125,288.90997314453125,,13748.4560546875,289.20147705078125,,26393173484.0,10418293341.0,
2019-07-21,13836.5703125,294.54901123046875,,14161.2939453125,300.2372741699219,,13582.8642578125,286.34637451171875,,14077.232421875,299.3308410644531,,22363064879.0,8727021375.0,
2019-07-22,13578.9775390625,285.62432861328125,271.19940185546875,13907.1171875,296.20404052734375,271.7456297833539,13314.7880859375,279.8662414550781,270.4164964586017,13833.7861328125,294.63763427734375,270.9353865969014,21444685622.0,8321970255.0,43638100.0
2019-07-23,13011.0947265625,279.55718994140625,273.1385192871094,13597.9130859375,287.2059326171875,273.1385192871094,13002.7294921875,275.3407897949219,271.4907505470533,13583.7587890625,285.6354064941406,272.3283038130535,23460096719.0,9167630689.0,44564500.0
2019-07-24,12896.158203125,285.2716369628906,274.4220886230469,13015.9580078125,285.8922424316406,274.4220886230469,12628.7666015625,267.9057312011719,272.2827123691304,12993.9619140625,279.3276062011719,272.37375497654665,22867765475.0,9422445065.0,47213200.0
2019-07-25,13045.1640625,289.0434265136719,273.1112976074219,13365.486328125,294.2145690917969,274.0216685994466,12850.0654296875,284.03399658203125,272.30105408900727,12892.439453125,285.17010498046875,273.96704856251057,20823571763.0,8859167029.0,55394100.0
2019-07-26,13006.5927734375,289.4169006347656,274.9410400390625,13052.6162109375,290.0182800292969,275.1413226869023,12789.3505859375,281.9285888671875,273.67561154082324,13046.85546875,289.0567321777344,273.8030767632242,19101727760.0,7550512708.0,45084100.0
2019-07-27,12489.2099609375,273.31231689453125,,13397.986328125,294.5398864746094,,12402.033203125,270.0121765136719,,13007.7275390625,289.401123046875,,22161668517.0,8246089324.0,
2019-07-28,12581.0693359375,278.1316223144531,,12605.2861328125,279.2485046386719,,12182.091796875,266.3076171875,,12507.591796875,273.31951904296875,,18093782208.0,7249909884.0,
2019-07-29,12532.498046875,278.1464538574219,274.4403076171875,12749.181640625,281.71429443359375,274.9410281062082,12473.03125,274.9008483886719,273.88499489818696,12574.904296875,278.0487976074219,274.8226754854887,18157223880.0,7221566165.0,38126500.0
2019-07-30,12632.234375,276.8037414550781,273.7666320800781,12775.6845703125,281.3521728515625,274.176309939262,12433.4169921875,272.5420837402344,272.646866305332,12536.6884765625,278.2401123046875,273.0292341593906,18184002699.0,7218370402.0,45849000.0
2019-07-31,13309.306640625,288.54278564453125,270.7715759277344,13309.306640625,288.54278564453125,274.2036915680278,12665.947265625,276.6923828125,268.7414668577668,12627.7998046875,276.7640686035156,274.0124936999043,21947470224.0,7922837996.0,104245200.0
2019-08-01,13742.7783203125,287.8258056640625,268.4137268066406,13812.552734375,288.9985656738281,273.90326169028543,13105.4697265625,281.3558654785156,267.61259604711825,13298.505859375,288.4114074707031,270.9263591374494,22683358862.0,7883111730.0,142646600.0
2019-08-02,13903.7333984375,287.9994201660156,266.39263916015625,14086.2109375,293.6553649902344,267.75819505315053,13704.05078125,285.1055908203125,264.8268006248972,13745.9150390625,287.92626953125,267.5124049940416,23118431217.0,8142022372.0,116749700.0
2019-08-03,14304.9912109375,294.1048583984375,,14470.298828125,296.9242858886719,,13884.3408203125,287.28582763671875,,13905.1923828125,288.0311279296875,,20294361270.0,7531789035.0,
2019-08-04,14484.197265625,293.9961853027344,,14540.41015625,296.4009094238281,,14038.701171875,288.8197937011719,,14304.8681640625,294.2244567871094,,21826137129.0,6916573483.0,
2019-08-05,15600.5693359375,309.5032043457031,258.3813781738281,15688.615234375,311.4273681640625,262.37789047254336,14471.72265625,293.9148254394531,256.46959444753156,14471.72265625,293.9713134765625,262.2686504508643,31550901567.0,10261131152.0,178745400.0
2019-08-06,15244.845703125,300.19158935546875,262.0046691894531,16202.0576171875,315.6815185546875,262.22317704345386,14993.73046875,296.8084716796875,258.80017441462695,15608.6025390625,309.5436096191406,260.28408306025796,31391204590.0,10157425908.0,120711700.0
2019-08-07,15895.177734375,301.3343505859375,262.15936279296875,16019.259765625,306.1322021484375,262.93318318232593,15179.4501953125,297.0118103027344,256.7608730382727,15241.865234375,300.06494140625,258.90933382704833,29542306706.0,9344321193.0,140572300.0
2019-08-08,15831.150390625,292.2985534667969,267.3030700683594,15949.400390625,301.2804260253906,267.3030700683594,15284.7197265625,286.619873046875,263.1062740124538,15914.5693359375,301.5040283203125,263.661586865396,25773483484.0,8881766167.0,87713900.0
2019-08-09,15722.9111328125,278.9779968261719,265.4822998046875,15833.599609375,292.8484191894531,266.95709589749475,15483.8544921875,275.04901123046875,263.6888684095593,15813.11328125,292.254638671875,266.3562478999975,24307474233.0,9231038499.0,93730000.0
2019-08-10,15048.408203125,274.0007019042969,,15792.783203125,283.28009033203125,,15008.48046875,270.103515625,,15721.08203125,279.0326843261719,,24023001728.0,8727300588.0,
2019-08-11,15233.595703125,285.6639709472656,,15233.595703125,287.5444641113281,,14932.24609375,273.70550537109375,,15042.7294921875,273.9989929199219,,20852930428.0,8514158579.0,
2019-08-12,15066.451171875,279.668701171875,262.2504577636719,15237.845703125,285.70806884765625,265.47314959045195,14986.34765625,279.24041748046875,261.29455199215835,15237.845703125,285.6151123046875,263.971043700708,18063936522.0,7510734024.0,65527600.0
2019-08-13,14398.294921875,275.7985534667969,266.3288879394531,15121.5849609375,279.7962341308594,267.7854863466533,14318.2119140625,271.82635498046875,261.604062657283,15070.9521484375,279.74102783203125,261.95000790450223,22043772849.0,7857755585.0,94299800.0
2019-08-14,13380.9287109375,248.41409301757812,258.4541931152344,14390.146484375,276.351318359375,262.86038323528885,13350.3564453125,248.0469207763672,258.32675568526605,14389.8046875,275.65972900390625,262.25045052599626,26612003853.0,9910134477.0,135622100.0
2019-08-15,13732.50390625,251.0395050048828,259.136962890625,13899.3330078125,252.28135681152344,260.03824859714473,12892.54296875,236.84945678710938,257.07954440795436,13362.5341796875,248.51495361328125,259.3463581117969,30496125502.0,10916762257.0,99556600.0
2019-08-16,13772.40234375,246.18003845214844,262.9606018066406,13999.3955078125,251.66683959960938,263.39756199445765,13102.3662109375,240.09925842285156,259.1916534928529,13743.01171875,251.22886657714844,260.8030275323611,26853855190.0,9470594300.0,83018300.0
2019-08-17,13583.1005859375,246.5087432861328,,13876.330078125,247.85682678222656,,13390.5458984375,242.401611328125,,13751.669921875,246.30162048339844,,18290962384.0,7318352692.0,
2019-08-18,13726.3662109375,258.04547119140625,,13922.0576171875,262.2200012207031,,13433.5537109375,243.85971069335938,,13584.7763671875,246.71241760253906,,17247581050.0,7919422517.0,
2019-08-19,14551.798828125,270.73455810546875,266.1285705566406,14551.798828125,271.3412170410156,266.81134836625864,13683.435546875,256.1961364746094,265.31835533602333,13732.39453125,258.1283874511719,266.00113314564135,21380033165.0,8191876496.0,53571800.0
2019-08-20,14335.01171875,261.7956237792969,264.0893859863281,14592.931640625,270.6130065917969,266.1559171055814,14143.87109375,260.5353088378906,263.9619485578295,14551.25,270.3628845214844,265.61880182213594,20048447495.0,8535050993.0,51596400.0
2019-08-21,13472.2509765625,248.35655212402344,266.2379455566406,14325.0546875,262.37158203125,266.6111731277721,13217.771484375,242.43218994140625,265.5733648860261,14336.7744140625,261.87060546875,266.265255568731,25877392886.0,10333068826.0,49524700.0
2019-08-22,13468.732421875,254.36753845214844,266.156005859375,13590.2275390625,258.54754638671875,267.58529474814526,13065.6201171875,243.83721923828125,264.37168678925735,13477.7373046875,248.42247009277344,266.9480518285456,22730283149.0,10062665379.0,51666400.0
2019-08-23,13857.7060546875,259.2419738769531,259.31915283203125,13903.6123046875,260.6118469238281,266.5201898852341,13401.728515625,252.04415893554688,258.0628365622505,13476.73046875,254.06703186035156,264.84511078629794,20806632207.0,8865023613.0,149161500.0
2019-08-24,13527.5,254.69287109375,,13871.09375,259.34686279296875,,13290.94921875,249.8166961669922,,13857.2783203125,259.1959533691406,,20572305662.0,8321226135.0,
2019-08-25,13499.212890625,248.7765350341797,,13738.576171875,256.2005920410156,,13315.1416015625,246.06045532226562,,13528.533203125,254.61993408203125,,18845548691.0,7757213654.0,
2019-08-26,13744.16796875,250.38299560546875,262.186767578125,13986.2529296875,257.3409729003906,262.186767578125,13484.271484375,248.63427734375,259.9836582096759,13484.271484375,248.63427734375,261.52218695034065,24436250408.0,9552550074.0,72423800.0
2019-08-27,13532.556640625,249.13650512695312,261.1580505371094,13756.3193359375,250.3624267578125,263.96200798297605,13342.37109375,246.394287109375,260.39334244704855,13748.6630859375,250.41041564941406,263.58875264455764,19613750612.0,8027896610.0,66668900.0
2019-08-28,12980.54296875,231.40130615234375,262.9969787597656,13668.853515625,249.85108947753906,263.1608388017507,12920.72265625,229.1127471923828,259.6832164051015,13555.783203125,249.1083984375,260.4934595832046,23425962312.0,8911398744.0,59696700.0
2019-08-29,12633.759765625,225.1933135986328,266.356201171875,12983.2763671875,231.51055908203125,266.88423164475694,12530.0234375,222.35769653320312,264.5627700913768,12983.2763671875,231.4927520751953,265.57329584062103,22644477973.0,9471226141.0,57899400.0
2019-08-30,12802.5146484375,225.20022583007812,266.2379455566406,12859.5048828125,226.95407104492188,267.86748924855254,12530.685546875,222.0220489501953,265.3002647651223,12640.947265625,225.15684509277344,267.8492918345961,18134029273.0,7705005719.0,62901200.0
2019-08-31,12868.6279296875,230.45654296875,,12925.4921875,232.93414306640625,,12736.5244140625,224.22015380859375,,12801.66796875,225.2709503173828,,15306072704.0,7790411230.0,
2019-09-01,12995.5478515625,228.57400512695312,,13047.3095703125,232.09617614746094,,12805.2578125,226.53701782226562,,12868.533203125,230.44134521484375,,15242787589.0,7397815418.0,
2019-09-02,13796.5263671875,237.81103515625,,13853.728515625,240.08816528320312,,12966.578125,227.3053436279297,,12994.3681640625,228.66481018066406,,22998878320.0,8671793964.0,
2019-09-03,14171.9091796875,239.45388793945312,264.6811218261719,14327.7607421875,243.46192932128906,265.4458297456553,13775.8798828125,235.1586151123047,263.3428760214998,13795.3515625,237.8249053955078,264.5263743925108,25859674446.0,9288350030.0,69101400.0
2019-09-04,14011.884765625,232.7616729736328,267.6853332519531,14237.546875,240.0590362548828,267.7035306592128,13897.041015625,231.88706970214844,266.11038238150365,14167.2421875,239.44410705566406,266.86600540844864,22143228944.0,7853538454.0,46887300.0
2019-09-05,13992.0439453125,230.49935913085938,271.1265563964844,14042.33203125,232.88076782226562,272.04601173467717,13925.525390625,227.42784118652344,267.64893432357485,14003.59375,232.7264862060547,270.1888758671191,19252133841.0,7395201620.0,83258100.0
2019-09-06,13636.8525390625,223.85777282714844,271.3359680175781,14411.9560546875,234.9953155517578,271.9823511987721,13558.5615234375,221.89576721191406,270.7624578306364,13995.759765625,230.43994140625,271.44523583549426,25732599475.0,8953474485.0,49584300.0
2019-09-07,13852.8017578125,234.79859924316406,,13907.357421875,238.2086944580078,,13631.0791015625,223.18331909179688,,13637.6806640625,223.85658264160156,,20162097755.0,8945465506.0,
2019-09-08,13750.5439453125,238.8345184326172,,13956.044921875,241.0082550048828,,13713.8115234375,234.64039611816406,,13853.93359375,234.8249053955078,,18003330825.0,8524134071.0,
2019-09-09,13610.892578125,238.5691375732422,271.4725646972656,13764.763671875,242.3274383544922,272.419330259823,13358.3359375,233.5787811279297,270.5257713523982,13754.25390625,238.84368896484375,272.32831541203444,23173399921.0,9525592587.0,51260300.0
2019-09-10,13299.9990234375,236.37554931640625,271.40875244140625,13693.60546875,242.46583557128906,271.4724850420059,13178.4765625,234.23097229003906,269.4423488939592,13612.98828125,238.65260314941406,270.7077493994138,19598757787.0,8271731669.0,57947100.0
2019-09-11,13420.6923828125,235.6584930419922,273.3387451171875,13430.7734375,238.9701690673828,273.42067512905817,13125.939453125,232.98526000976562,271.0628188464366,13308.4091796875,236.4443359375,271.718286723705,20342673030.0,9437045674.0,68821100.0
2019-09-12,13754.796875,239.1747589111328,274.28558349609375,13794.7294921875,240.419189453125,275.3507016085147,13313.568359375,234.47247314453125,273.48445287139316,13417.962890625,235.76170349121094,274.2491608907053,20246871779.0,7714491030.0,72908700.0
2019-09-13,13769.6337890625,240.70297241210938,274.10345458984375,13795.765625,239.80099487304688,275.0866703025638,13579.857421875,236.896240234375,273.73019934541327,13760.55859375,239.12123107910156,274.7316124667751,18752645097.0,7914517781.0,62104800.0
2019-09-14,13766.3134765625,250.0006866455078,,13851.484375,250.45445251464844,,13678.125,239.7227783203125,,13749.5068359375,240.98452758789062,,17900525834.0,8639704905.0,
2019-09-15,13675.46484375,250.82398986816406,,13807.4541015625,253.09727478027344,,13708.75,247.796875,,13764.208984375,249.951416015625,,15916517499.0,8224107749.0,
2019-09-16,13608.0166015625,261.0074157714844,273.2568054199219,13735.384765625,262.4588623046875,274.14897848806294,13497.8447265625,250.6920928955078,272.6104501609831,13674.009765625,250.6920928955078,272.96548019983885,20074336164.0,10913683346.0,58191200.0
2019-09-17,13562.19921875,276.25408935546875,273.94879150390625,13636.68359375,283.088623046875,274.03980635743994,13514.59375,260.6922912597656,272.88364545090656,13614.265625,261.0094909667969,273.0566181243194,20267411791.0,13550702803.0,41475500.0
2019-09-18,13561.0185546875,281.0977783203125,274.112548828125,13621.2578125,287.36053466796875,274.22178883726633,13503.7177734375,275.51495361328125,271.5088748869511,13570.8388671875,275.51495361328125,273.5572084052548,21500923601.0,12226473356.0,73375800.0
2019-09-19,13611.212890625,293.3741760253906,274.0943298339844,13687.412109375,295.1830749511719,275.5054207367594,13054.56640625,272.1215515136719,273.75749720408453,13564.0078125,280.9039001464844,274.50400765982596,26433391055.0,14080090016.0,76560500.0
2019-09-20,13504.4912109375,289.21221923828125,272.79931640625,13639.9306640625,293.8583068847656,274.9851631440901,13437.1025390625,285.3785095214844,272.00364095292827,13611.0849609375,293.0941162109375,274.701619334272,19542795567.0,10647959872.0,89565000.0
2019-09-21,13289.7216796875,285.8514404296875,,13513.0546875,293.069580078125,,13264.5087890625,285.1669921875,,13507.1533203125,289.00970458984375,,17806696605.0,10270393127.0,
2019-09-22,13362.6953125,280.7057189941406,,13362.3095703125,286.6075134277344,,13160.8212890625,275.2748718261719,,13295.5556640625,285.8121032714844,,17515000629.0,10367103310.0,
2019-09-23,12903.61328125,267.8001708984375,272.73529052734375,13373.984375,281.0812072753906,273.45781229452876,12913.26953125,267.639892578125,271.87558814882044,13359.4716796875,280.9283752441406,272.1316679268528,20086108772.0,9939885194.0,43476800.0
2019-09-24,11414.6640625,222.59878540039062,270.59515380859375,13003.0732421875,269.869384765625,274.2260157028895,11083.568359375,215.4637908935547,269.62570706800483,12903.609375,267.6950988769531,273.832755365039,33106822323.0,15568657673.0,94869400.0
2019-09-25,11252.607421875,226.5806427001953,272.19580078125,11589.818359375,231.53567504882812,272.64393358955874,11039.333984375,218.66009521484375,269.1868412854018,11391.9716796875,222.6290283203125,270.6776029668533,28830574257.0,12949235560.0,71854000.0
2019-09-26,10774.2763671875,221.25523376464844,271.628662109375,11286.833984375,227.56434631347656,272.41518288539714,10474.294921875,208.4569549560547,270.2110826127758,11253.50390625,226.40061950683594,272.20484858560644,25556601329.0,10415068141.0,56179700.0
2019-09-27,10927.646484375,231.36399841308594,270.1653137207031,10953.7021484375,232.55557250976562,272.49749554567586,10549.7099609375,216.14732360839844,268.60139907118963,10766.490234375,221.15513610839844,272.38772315589597,21729819277.0,10474043026.0,84746600.0
2019-09-28,10918.4990234375,231.15371704101562,,10972.369140625,232.77796936035156,,10760.2412109375,226.1503143310547,,10926.8896484375,231.32406616210938,,18724441750.0,9130299138.0,
2019-09-29,10727.6728515625,225.69886779785156,,10939.4091796875,231.9976043701172,,10580.45703125,221.23736572265625,,10918.66015625,231.20648193359375,,17254199244.0,8600325591.0,
2019-09-30,10983.7353515625,238.20835876464844,271.4183044433594,11010.0205078125,238.20835876464844,272.1316715423988,10363.3828125,221.05958557128906,270.64093833191345,10727.7265625,225.64309692382812,270.6866558994328,22666364771.0,10002476589.0,51662400.0
2019-10-01,11028.66015625,234.4195556640625,268.1898193359375,11232.8271484375,245.15830993652344,272.963899375958,10898.4375,232.495361328125,267.9703303857845,10991.486328125,238.654541015625,272.30540461490006,20231551854.0,10146977844.0,88242400.0
2019-10-02,11187.294921875,240.87355041503906,263.452392578125,11187.294921875,241.01336669921875,266.60768653795793,10873.953125,231.7266845703125,262.1537121008935,11029.8974609375,234.2657470703125,266.59853185933054,17495590258.0,8444873298.0,122539500.0
2019-10-03,11016.5166015625,233.6668701171875,265.6107482910156,11216.5859375,241.01437377929688,265.6381844105957,10845.310546875,230.08616638183594,260.48912532146375,11184.2724609375,240.86448669433594,263.2236942451471,18230383158.0,8511005776.0,85278800.0
2019-10-04,10920.4306640625,235.53094482421875,269.2050476074219,11016.6015625,237.68763732910156,269.4611273870979,10861.8896484375,231.4123077392578,266.2143707080378,11015.8525390625,233.718994140625,266.269270863528,17485935792.0,8316048985.0,65091200.0
2019-10-05,10854.66015625,234.83233642578125,,10933.189453125,236.5000762939453,,10747.6259765625,230.46202087402344,,10926.033203125,235.47946166992188,,16246365075.0,7772918753.0,
2019-10-06,10629.6796875,230.28634643554688,,10867.8564453125,236.18128967285156,,10590.6435546875,228.02415466308594,,10852.498046875,234.84945678710938,,17512853671.0,7788324562.0,
2019-10-07,10969.423828125,241.0381622314453,268.04351806640625,11057.2763671875,242.70718383789062,270.03731195540087,10538.109375,228.3891143798828,267.7600021662955,10630.962890625,230.1282501220703,268.40021556625015,23958954912.0,10435553546.0,59610500.0
2019-10-08,10963.619140625,242.5164337158203,263.8822326660156,11079.13671875,245.1895294189453,266.9186273178331,10905.43359375,238.76707458496094,263.8456418636576,10971.056640625,240.94107055664062,266.1778240560578,20774352983.0,9947701862.0,95708100.0
2019-10-09,11465.6513671875,257.8292236328125,266.3881530761719,11502.4150390625,259.25244140625,267.330163866287,10878.76171875,240.5943603515625,265.2815255446239,10965.0283203125,242.5360565185547,265.9125842973869,25857109340.0,12122427956.0,62359400.0
2019-10-10,11409.8173828125,254.67987060546875,268.1898193359375,11481.1005859375,258.2608337402344,269.0769577236045,11279.6171875,250.55117797851562,266.14118137291223,11451.69921875,257.69293212890625,266.305798085527,23411905343.0,11130022447.0,55296300.0
2019-10-11,10985.16796875,241.00184631347656,270.9701843261719,11589.947265625,259.52984619140625,273.22003021779375,10977.80859375,239.80343627929688,270.8421583848394,11408.208984375,254.86776733398438,270.9610296480038,25878841690.0,12050143261.0,98720400.0
2019-10-12,11008.404296875,238.78121948242188,,11112.310546875,245.93251037597656,,10974.0595703125,237.66961669921875,,10977.1259765625,240.9547882080078,,19190324173.0,9896246245.0,
2019-10-13,10985.474609375,240.37744140625,,11185.8974609375,244.39183044433594,,10927.611328125,238.1084442138672,,11008.8623046875,238.82701110839844,,18229837338.0,8889214569.0,
2019-10-14,11076.603515625,247.27992248535156,270.6683654785156,11103.1494140625,247.7642822265625,271.3268603104534,10960.775390625,239.87831115722656,270.3208226629649,10985.24609375,240.31581115722656,270.65005612363274,20039664973.0,9624137296.0,40394800.0
2019-10-15,10835.0341796875,239.5432586669922,273.34808349609375,11123.3720703125,248.3924102783203,274.09804142859525,10798.0390625,236.81478881835938,271.6012425165079,11074.978515625,247.30126953125,271.72014169002694,20098265692.0,10209241515.0,46754500.0
2019-10-16,10625.7939453125,232.40472412109375,272.9090270996094,10850.7529296875,239.8568878173828,273.60411265579364,10535.806640625,229.6663360595703,272.4700491993658,10834.1171875,239.46095275878906,272.8815909808441,21220681260.0,10155365532.0,48928200.0
2019-10-17,10645.5087890625,233.8626708984375,273.7138977050781,10684.7431640625,234.9595184326172,274.59188154631295,10569.125,230.4803009033203,273.0188120458572,10626.1708984375,232.26394653320312,274.07972197970906,18801997567.0,8850210246.0,45736600.0
2019-10-18,10466.0302734375,227.904052734375,272.5158386230469,10690.4326171875,234.0518035888672,273.82367381339776,10379.11328125,224.60693359375,271.65613612756715,10641.5966796875,233.81039428710938,273.1743335576567,20545063040.0,9931848311.0,64304000.0
2019-10-19,10486.18359375,226.9742889404297,,10609.6630859375,230.5121307373047,,10428.7119140625,226.05862426757812,,10466.8134765625,227.94094848632812,,18111715827.0,8599765924.0,
2019-10-20,10798.75390625,230.54421997070312,,10880.6943359375,232.17388916015625,,10434.8310546875,224.73974609375,,10498.3212890625,227.05531311035156,,20363048654.0,8932451061.0,
2019-10-21,10789.3740234375,228.93641662597656,274.3632507324219,10870.0126953125,232.96075439453125,274.56445827948056,10726.7236328125,226.8074951171875,273.4029584777263,10802.7431640625,230.53158569335938,273.841964374201,20769002647.0,8920539221.0,39048600.0
2019-10-22,10577.720703125,225.6133270263672,273.4670104980469,10854.09375,229.81874084472656,275.1955422972331,10572.2978515625,225.56265258789062,273.3755474390629,10788.9560546875,228.9155731201172,274.9028716727273,22002595016.0,9154057369.0,48594700.0
2019-10-23,9825.0576171875,212.33352661132812,274.2626953125,10602.412109375,225.7775115966797,274.3175675676159,9768.75390625,206.05679321289062,273.0005776236182,10575.134765625,225.56349182128906,273.2109398753011,28689217093.0,12584109393.0,34352200.0
2019-10-24,9795.86328125,211.9948272705078,274.7107849121094,9850.3544921875,214.70977783203125,275.35099833544615,9740.2890625,210.41586303710938,273.87851862601303,9818.59375,212.47906494140625,275.2046630412376,21267269643.0,9544124450.0,35453100.0
2019-10-25,11310.35546875,237.0584259033203,275.8357238769531,11352.671875,239.12460327148438,276.38447425674264,9777.38671875,211.72035217285156,274.0797282437474,9792.2216796875,212.0225067138672,274.134600490666,37487093224.0,13527702272.0,45205400.0
2019-10-26,12074.3955078125,234.87413024902344,,13086.6337890625,255.86642456054688,,11311.8603515625,230.03955078125,,11319.3359375,237.2462921142578,,58114334638.0,18065002781.0,
2019-10-27,12478.580078125,240.69825744628906,,12732.8369140625,245.72991943359375,,11901.435546875,232.06204223632812,,12070.1318359375,235.0010223388672,,42580414022.0,14130195333.0,
2019-10-28,12084.3642578125,238.47544860839844,277.39044189453125,12814.26953125,245.50259399414062,277.89347462896325,12084.3642578125,235.2801055908203,277.03377234377353,12496.0693359375,240.90115356445312,277.0612084630626,40404494748.0,13586511736.0,42147000.0
2019-10-29,12342.578125,249.19346618652344,277.3082275390625,12423.9453125,251.07542419433594,278.24111173231995,12090.6142578125,238.08981323242188,276.98812076511354,12074.3017578125,238.48532104492188,277.1161746389367,37215885466.0,13907149991.0,44284900.0
2019-10-30,12119.798828125,243.15646362304688,278.1587829589844,12341.5126953125,250.21005249023438,278.53373405202126,11978.6611328125,239.28265380859375,276.19242488196835,12335.73828125,249.18536376953125,277.50941477894895,36477034148.0,13803898787.0,49643900.0
2019-10-31,12113.8388671875,242.244140625,277.41790771484375,12355.9248046875,248.53256225585938,278.14958415855267,11892.283203125,237.22457885742188,275.95461064863076,12115.4951171875,243.29530334472656,278.14958415855267,35004850427.0,12651552323.0,69053800.0
2019-11-01,12185.2978515625,242.0583953857422,279.9878845214844,12204.4462890625,243.3720245361328,280.03360208774666,12013.6650390625,238.23886108398438,278.7074577389158,12106.4736328125,242.02920532226562,278.8721023807846,32005212224.0,12033337845.0,71141500.0
2019-11-02,12269.3701171875,242.0076141357422,,12338.802734375,244.3465576171875,,12170.1455078125,240.5160369873047,,12183.5595703125,242.12188720703125,,27950901161.0,10642098770.0,
2019-11-03,12135.8193359375,239.7176055908203,,12343.478515625,243.4850311279297,,12029.5498046875,236.63401794433594,,12269.4609375,242.0985565185547,,27769027259.0,11511499911.0,
2019-11-04,12379.9375,245.10366821289062,281.11279296875,12502.451171875,247.3155975341797,281.6889794378419,12074.3955078125,238.87722778320312,280.73781402996633,12136.1513671875,239.5783233642578,281.5517988286777,34420428723.0,13878410078.0,60606900.0
2019-11-05,12289.0478515625,249.00843811035156,280.8018493652344,12442.9169921875,251.79132080078125,281.61583418833646,12166.1083984375,242.08375549316406,280.5091787831795,12380.455078125,245.04331970214844,281.31400892852895,34461335958.0,13185682586.0,42933200.0
2019-11-06,12344.248046875,252.65594482421875,280.86590576171875,12408.169921875,254.83204650878906,281.1402670170592,12270.7998046875,248.24893188476562,279.9147402255287,12286.8603515625,248.75762939453125,280.80187883193736,30506807148.0,13393383006.0,46487100.0
2019-11-07,12209.150390625,247.64161682128906,281.85357666015625,12358.14453125,252.9976348876953,283.1980023581147,12124.8828125,245.8999786376953,281.3780079444363,12333.0576171875,252.53787231445312,282.21027412989633,29905644572.0,11963699419.0,54272300.0
2019-11-08,11646.65625,243.6657257080078,282.5487060546875,12218.6875,248.83056640625,282.60357830306305,11602.177734375,241.38174438476562,280.80186505312093,12206.2607421875,247.57273864746094,281.50607751434336,32186525798.0,12138586951.0,49032100.0
2019-11-09,11658.166015625,244.74673461914062,,11761.65234375,245.81793212890625,,11631.1572265625,243.25668334960938,,11652.7255859375,243.79832458496094,,23252133634.0,9626205591.0,
2019-11-10,11977.5634765625,250.6177978515625,,12042.9501953125,252.5402374267578,,11648.3515625,244.29443359375,,11656.720703125,244.63381958007812,,27231229868.0,11577132620.0,
2019-11-11,11592.044921875,245.51910400390625,282.00909423828125,12015.2314453125,251.8577117919922,282.18286565175106,11503.8408203125,245.00430297851562,281.0213380027051,11979.404296875,250.6517333984375,281.1585465264149,26823977218.0,10426771237.0,35797300.0
2019-11-12,11669.4072265625,247.32705688476562,282.60357666015625,11730.7119140625,248.99166870117188,283.50899666369344,11486.9130859375,243.6018829345703,281.8261825985495,11594.64453125,245.61863708496094,282.37493298971924,26884305394.0,10314618789.0,46484600.0
2019-11-13,11673.326171875,249.49366760253906,282.69512939453125,11723.0693359375,250.65704345703125,283.09754461501365,11605.7705078125,246.45237731933594,281.37813920215496,11664.603515625,247.45814514160156,281.60678294512843,23252863265.0,9731687671.0,53917700.0
2019-11-14,11538.41796875,246.45361328125,283.10662841796875,11699.22265625,249.9672393798828,283.18896471428246,11524.072265625,245.2313232421875,281.77135697663164,11678.1953125,249.51190185546875,282.4115705240364,25287700331.0,10431453622.0,51219900.0
2019-11-15,11227.6875,238.67608642578125,285.15521240234375,11564.53125,246.78665161132812,285.20092996650834,11223.625,237.2924346923828,283.75591442957733,11535.2548828125,246.53115844726562,284.4509721221235,28818713783.0,11655649299.0,62023600.0
2019-11-16,11305.3876953125,242.41403198242188,,11359.9091796875,243.48089599609375,,11203.865234375,237.9680633544922,,11226.595703125,238.64688110351562,,21809379635.0,8977250578.0,
2019-11-17,11343.078125,244.792236328125,,11542.4140625,248.8811798095703,,11240.5322265625,241.09756469726562,,11303.6826171875,242.41729736328125,,24686455976.0,9738208422.0,
2019-11-18,10974.439453125,238.4730224609375,285.3656005859375,11436.8583984375,247.0576934814453,285.60339894994723,10930.630859375,236.7177276611328,284.46018052390986,11337.7939453125,244.68939208984375,284.91746789432483,28500956415.0,10285508007.0,49228000.0
2019-11-19,10891.607421875,235.5278778076172,285.2832946777344,11104.70703125,241.14048767089844,285.9783804181752,10703.2919921875,231.27964782714844,284.63395442109464,10968.9560546875,238.39755249023438,285.96922573929373,27983226437.0,10003084734.0,67804700.0
2019-11-20,10679.6787109375,233.7534637451172,284.2223815917969,10940.2900390625,237.85504150390625,285.21013793985827,10661.7509765625,233.3553924560547,282.65846660307335,10888.2451171875,235.47442626953125,284.68882364008175,27625344409.0,9586756707.0,79406200.0
2019-11-21,10149.2890625,214.41651916503906,283.76507568359375,10797.630859375,234.66326904296875,284.44187992545085,10087.60546875,211.6655731201172,282.96027341075984,10674.857421875,233.72055053710938,284.33213542963733,29898082170.0,11349264904.0,54664700.0
2019-11-22,9703.353515625,199.83412170410156,284.3960876464844,10221.4697265625,216.4683837890625,284.6521673981116,9204.2607421875,188.85289001464844,283.3809233166549,10150.376953125,214.47384643554688,284.5149868009184,45537143646.0,15985794206.0,44850200.0
2019-11-23,9841.0302734375,204.08631896972656,,9900.1767578125,204.99591064453125,,9513.28125,196.34877014160156,,9702.8046875,199.75970458984375,,27947436841.0,11026830417.0,
2019-11-24,9372.228515625,189.93972778320312,,9855.37109375,204.8154754638672,,9347.45703125,189.93972778320312,,9842.1435546875,204.10325622558594,,40470095656.0,10349425170.0,
2019-11-25,9506.14453125,194.8504180908203,286.6002197265625,9747.5673828125,199.9907989501953,286.6002197265625,8796.7958984375,177.87548828125,285.3289756268466,9361.669921875,189.75662231445312,285.3289756268466,56782028886.0,14583202652.0,48647200.0
2019-11-26,9578.9013671875,197.67916870117188,287.2496643066406,9741.08203125,199.70883178710938,287.43259044578747,9451.2802734375,193.19595336914062,286.31680798245617,9504.84765625,194.75433349609375,286.63691477065805,28039213056.0,10149711151.0,37569000.0
2019-11-27,10006.5302734375,203.28904724121094,288.52996826171875,10121.978515625,205.751708984375,288.52996826171875,9253.857421875,190.44053649902344,287.51477607096206,9582.2314453125,196.9250946044922,287.73426501573186,31874871041.0,11662533535.0,44444600.0
2019-11-28,9909.8857421875,201.4581756591797,,10275.19921875,208.17861938476562,,9900.19140625,200.66683959960938,,10013.3818359375,203.36703491210938,,25295697528.0,9755092463.0,
2019-11-29,10308.0185546875,206.26565551757812,287.4599914550781,10337.1494140625,208.8154296875,288.20994945909956,9910.033203125,201.15914916992188,287.2313477643843,9914.693359375,201.52593994140625,287.9629964103619,26177234923.0,9966227459.0,36592700.0
2019-11-30,10053.5283203125,202.5940704345703,,10407.4404296875,208.07977294921875,,9982.1005859375,200.84841918945312,,10311.7548828125,206.24209594726562,,22788484824.0,8720501985.0,
2019-12-01,9863.2685546875,200.85220336914062,,10056.166015625,202.53062438964844,,9685.052734375,195.34959411621094,,10056.166015625,202.53062438964844,,24870704584.0,9436135961.0,
2019-12-02,9743.00390625,198.34556579589844,285.0180358886719,9929.9228515625,202.06942749023438,287.7800410761416,9616.4794921875,196.29579162597656,284.58818471907415,9862.9287109375,200.83859252929688,287.71601415691185,22730217465.0,8876182476.0,75767800.0
2019-12-03,9730.3037109375,196.6710662841797,283.10662841796875,9865.353515625,199.87588500976562,283.18896471428246,9618.796875,193.97109985351562,280.89337295183816,9745.6474609375,198.3443603515625,282.28351665031187,19669557959.0,8247171916.0,73941700.0
2019-12-04,9568.0810546875,193.61383056640625,284.8533935546875,10009.44140625,199.92556762695312,285.4570161324448,9533.0244140625,192.68284606933594,283.81079303718053,9730.2763671875,196.62051391601562,284.15833584655,28583041219.0,10378042094.0,49080000.0
2019-12-05,9814.6123046875,196.66494750976562,285.3656005859375,10204.42578125,201.83079528808594,285.5759628241466,9540.833984375,191.78897094726562,284.04861072629393,9569.673828125,193.53302001953125,285.5576813771482,24793899061.0,8889065670.0,40709000.0
2019-12-06,10004.185546875,197.76992797851562,287.9720764160156,10004.185546875,197.294189453125,288.374491440136,9739.3681640625,195.61923217773438,287.2769908451532,9817.5830078125,196.8592987060547,287.28614552180125,23999008969.0,8561643912.0,48927000.0
2019-12-07,10016.435546875,197.20484924316406,,10061.1259765625,198.572265625,,9975.9697265625,196.68338012695312,,10004.5419921875,197.77410888671875,,20484955057.0,7835842172.0,
2019-12-08,10024.0439453125,200.45147705078125,,10120.3203125,202.009765625,,9910.1943359375,196.60194396972656,,10009.94140625,197.17239379882812,,20420747899.0,8536383702.0,
2019-12-09,9797.5029296875,196.22433471679688,287.06671142578125,10082.4677734375,201.40142822265625,288.2556473720532,9750.72265625,195.41378784179688,286.9935298198109,10020.6640625,200.3980255126953,287.5788710251542,23659446433.0,8928156241.0,34838500.0
2019-12-10,9632.2275390625,193.57711791992188,286.74658203125,9825.3232421875,196.69415283203125,287.6794381040934,9588.8349609375,191.68280029296875,286.0880871825951,9792.5185546875,196.1643524169922,287.0118164883673,24151680335.0,9078221189.0,52649800.0
2019-12-11,9507.8056640625,189.18055725097656,287.56060791015625,9694.25390625,194.74520874023438,287.8166877261671,9482.9140625,188.4970245361328,286.6643145988148,9631.0068359375,193.64805603027344,287.20391035717324,21539155405.0,9270358766.0,53429100.0
2019-12-12,9526.7783203125,191.5106201171875,290.0390930175781,9577.7578125,192.10723876953125,290.82561390029235,9435.4267578125,186.2166290283203,287.3319595904277,9506.8984375,189.19065856933594,287.5697300446449,24894485785.0,10378095057.0,96389600.0
2019-12-13,9573.5927734375,190.88063049316406,290.21282958984375,9622.4599609375,191.96238708496094,291.44751092799373,9521.7626953125,189.20606994628906,289.02386581915744,9528.7880859375,191.57859802246094,289.8012598402595,22553225491.0,9567173910.0,81503900.0
2019-12-14,9382.6259765625,188.1473388671875,,9625.15234375,191.65016174316406,,9346.4560546875,187.57492065429688,,9572.5634765625,190.89205932617188,,22568097192.0,9281740358.0,
2019-12-15,9429.5302734375,188.6815185546875,,9456.90234375,189.53817749023438,,9118.849609375,183.6141357421875,,9382.0537109375,188.14175415039062,,22255929604.0,9538761140.0,
2019-12-16,9125.708984375,175.885498046875,292.2066345214844,9412.0517578125,188.8363800048828,292.8011025307213,9083.3134765625,174.27587890625,290.14884132062883,9431.3251953125,188.7138671875,291.9505547062466,26608136898.0,11837170412.0,82749700.0
2019-12-17,8738.685546875,161.34242248535156,292.2706298828125,9173.18359375,176.42953491210938,292.8925339511272,8669.7802734375,159.7674560546875,292.18832151294174,9124.17578125,175.92913818359375,292.59073659493447,29429983617.0,11918913641.0,61097700.0
2019-12-18,9543.439453125,174.54881286621094,292.2889099121094,9607.076171875,174.9661865234375,292.89253253217413,8601.71484375,157.53916931152344,292.23403766579474,8748.138671875,161.412109375,292.6638888689952,41753217585.0,15560173403.0,48133000.0
2019-12-19,9453.373046875,169.72752380371094,293.4869689941406,9633.4892578125,175.9722442626953,293.56015058844616,9236.744140625,165.2324981689453,292.22485164307454,9544.4736328125,174.4971160888672,292.480931401943,33998498066.0,12553189387.0,85310500.0
2019-12-20,9491.2998046875,169.696044921875,294.7737731933594,9542.7158203125,170.3109893798828,295.9134127268897,9327.8193359375,167.15716552734375,293.5422209124531,9460.9755859375,169.81051635742188,294.5256059706611,29758940199.0,10746641589.0,147142100.0
2019-12-21,9454.611328125,168.46080017089844,,9497.09765625,169.7975311279297,,9351.5048828125,167.77862548828125,,9493.63671875,169.73538208007812,,25391274526.0,9793695064.0,
2019-12-22,9875.03515625,174.02220153808594,,9883.5068359375,175.0721435546875,,9423.0849609375,168.19461059570312,,9454.6513671875,168.4176483154297,,30413588979.0,11990908321.0,
2019-12-23,9671.1064453125,169.10052490234375,295.2240295410156,10087.0888671875,177.24002075195312,295.6192233954918,9630.1337890625,167.5720977783203,295.0769747944565,9871.50390625,173.93606567382812,295.56408137151027,36592956599.0,12651563742.0,52990000.0
2019-12-24,9642.6767578125,169.95779418945312,295.2332458496094,9918.201171875,173.30166625976562,295.4997562979168,9570.6982421875,167.49072265625,294.9299366528091,9669.482421875,169.12045288085938,295.4538139579539,30276517570.0,10484522258.0,20270000.0
2019-12-25,9572.5771484375,166.3877410888672,,9679.9990234375,169.96385192871094,,9509.6845703125,164.44296264648438,,9646.921875,169.96385192871094,,28367781280.0,11076345291.0,
2019-12-26,9491.5380859375,165.68142700195312,296.8048400878906,9684.498046875,171.58155822753906,296.81403977471535,9472.23828125,164.97442626953125,295.6100588093517,9572.1083984375,166.429443359375,295.6192304483508,29877712308.0,11277231117.0,30911200.0
2019-12-27,9536.4560546875,166.41452026367188,296.7312927246094,9625.5322265625,167.6591033935547,297.59522183400037,9423.2421875,163.44024658203125,296.1982438081762,9490.455078125,165.6913604736328,297.5400798098116,29795977013.0,10856764265.0,42528800.0
2019-12-28,9574.4921875,167.89102172851562,,9680.53515625,170.42327880859375,,9533.822265625,166.0292205810547,,9535.0732421875,166.4124298095703,,27953778304.0,10557466837.0,
2019-12-29,9704.8583984375,176.19134521484375,,9825.013671875,178.8902130126953,,9524.6123046875,167.46572875976562,,9574.0439453125,167.81796264648438,,29346388861.0,12693885840.0,
2019-12-30,9525.9716796875,173.24334716796875,295.09539794921875,9741.986328125,178.71792602539062,296.9519399087571,9503.8115234375,171.86099243164062,294.60829128661146,9701.7470703125,176.24172973632812,296.81408482459085,29877756181.0,12796592189.0,49729100.0
2019-12-31,9356.3544921875,168.578369140625,295.812255859375,9538.73828125,173.88043212890625,296.06042304479854,9304.1484375,167.25083923339844,294.2406518922823,9527.857421875,173.2156219482422,294.58990345115365,27532089111.0,11623735279.0,57077300.0
2020-01-01,9346.5390625,169.79396057128906,,9425.189453125,172.62619018554688,,9332.80859375,168.05467224121094,,9358.0361328125,168.60411071777344,,24100071167.0,10300714557.0,
2020-01-02,9070.2490234375,165.43511962890625,298.5787048339844,9356.76171875,169.81736755371094,298.59710421158724,9006.0234375,164.8614959716797,296.4280812418252,9349.6240234375,169.81736755371094,297.35635228015616,27010361265.0,10430031170.0,59151200.0
2020-01-03,9550.185546875,174.45677185058594,296.31787109375,9627.40625,174.953857421875,297.44833923292305,8978.05078125,164.22769165039062,295.11388956932024,9068.896484375,165.43650817871094,295.1690316202225,36551953212.0,13622518177.0,77709700.0
2020-01-04,9635.7060546875,175.6239471435547,,9657.4580078125,176.9025421142578,,9504.1953125,172.98597717285156,,9550.82421875,174.45262145996094,,23982163725.0,9662033596.0,
2020-01-05,9627.375,177.02490234375,,9800.0751953125,181.0896759033203,,9612.08203125,175.59307861328125,,9635.439453125,175.6274871826172,,25623068500.0,9777226551.0,
2020-01-06,10072.1240234375,187.0779266357422,297.4482421875,10088.91796875,187.11643981933594,297.5309552368674,9621.6708984375,176.6225128173828,294.4336614665753,9626.251953125,177.06227111816406,294.5531452204936,30175671404.0,11789261080.0,55653900.0
2020-01-07,10615.7548828125,186.65916442871094,296.6119384765625,10637.4951171875,188.61105346679688,297.35638410553116,10070.8388671875,182.83531188964844,296.16157439456606,10071.427734375,187.0880889892578,296.8784490020112,37407892485.0,12038692453.0,40496400.0
2020-01-08,10533.9755859375,184.16275024414062,298.1926574707031,10927.892578125,190.82720947265625,299.41500980685026,10362.345703125,180.1295928955078,296.5567118817893,10613.470703125,186.58612060546875,296.80485100475323,41292529035.0,12238386455.0,68296000.0
2020-01-09,10292.3916015625,181.54783630371094,300.214599609375,10537.1484375,184.23353576660156,300.2881410116043,10247.1357421875,178.3280029296875,299.1760446735445,10537.1484375,184.029296875,299.76426370007135,31411157115.0,10054977615.0,48473300.0
2020-01-10,10658.046875,187.8849639892578,299.3507080078125,10658.046875,188.13043212890625,300.95908279752456,10100.904296875,177.157958984375,298.8820007130497,10291.3935546875,181.53195190429688,300.8028563818804,37474972656.0,11856457354.0,53029300.0
2020-01-11,10489.669921875,186.5320281982422,,10725.6572265625,191.17002868652344,,10479.365234375,185.59347534179688,,10652.353515625,187.16107177734375,,33307289735.0,12179325448.0,
2020-01-12,10704.5751953125,190.60354614257812,,10700.6728515625,190.71304321289062,,10452.5029296875,186.24560546875,,10484.08984375,186.6696319580078,,29926365499.0,11143176496.0,
2020-01-13,10633.3291015625,188.30699157714844,301.4093933105469,10709.951171875,191.8219451904297,301.41856494947825,10535.880859375,186.3500518798828,299.5436800075611,10701.0185546875,191.055908203125,299.97564456775115,29354430130.0,10939284567.0,47086800.0
2020-01-14,11535.037109375,216.8500518798828,300.9498596191406,11600.9130859375,218.8074951171875,302.02515715904633,10629.0712890625,188.07028198242188,300.3892116321519,10629.0712890625,188.33892822265625,300.9682309449437,58593727932.0,21837602035.0,62832800.0
2020-01-15,11484.7373046875,216.7722930908203,301.6299743652344,11616.5830078125,222.65875244140625,302.3927911075288,11303.2568359375,210.35922241210938,300.7752448949001,11531.8740234375,216.56161499023438,300.8579579357879,52295901011.0,19787179867.0,72056600.0
2020-01-16,11377.1689453125,214.391357421875,304.1390686035156,11532.326171875,217.82728576660156,304.1390686035156,11234.1435546875,208.34921264648438,302.78803275204297,11491.8720703125,216.90550231933594,303.0178005631925,40838286105.0,17912820650.0,54050300.0
2020-01-17,11666.9482421875,223.14620971679688,305.08575439453125,11683.541015625,226.11717224121094,305.2971228603376,11319.08203125,212.2675323486328,304.07477027165567,11379.0263671875,214.5196533203125,304.8559865505974,47524928400.0,19595650092.0,95846000.0
2020-01-18,11684.9423828125,229.13804626464844,,11775.6083984375,233.27105712890625,,11534.0576171875,217.93153381347656,,11664.5634765625,223.10409545898438,,42253503847.0,19507126471.0,
2020-01-19,11374.23046875,218.1369171142578,,11974.4306640625,231.59707641601562,,11263.2548828125,213.86509704589844,,11683.1611328125,229.27122497558594,,44703047243.0,17915769068.0,
2020-01-20,11294.328125,218.01705932617188,,11410.818359375,220.65280151367188,,11187.169921875,212.1704864501953,,11372.123046875,218.0510711669922,,34469310191.0,14538596334.0,
2020-01-21,11435.6943359375,221.8875274658203,304.48828125,11450.458984375,222.11500549316406,305.2970684040358,11171.1064453125,216.79269409179688,304.0471450189459,11296.0869140625,217.93873596191406,304.12065837484573,31508579575.0,12800089910.0,77742400.0
2020-01-22,11406.2548828125,221.1304473876953,304.5249938964844,11502.361328125,223.72811889648438,306.00471285025446,11323.85546875,217.62135314941406,304.36876752704524,11433.4931640625,221.7716522216797,305.35215221984686,29695583313.0,12101271826.0,48914900.0
2020-01-23,11037.4609375,213.91949462890625,304.87432861328125,11423.3447265625,221.3184814453125,305.2879219117907,10947.8837890625,210.5565643310547,302.7512761829696,11405.9580078125,221.13247680664062,303.87254427563965,33836001889.0,13650724710.0,51963000.0
2020-01-24,11103.5927734375,214.3707275390625,302.1629943847656,11190.724609375,215.96865844726562,305.61871068388916,10863.1328125,206.0083465576172,300.8671007725943,11036.2158203125,213.8811798095703,305.53599765091957,32077034161.0,14012119872.0,87578400.0
2020-01-25,11001.5859375,212.04725646972656,,11120.708984375,214.60218811035156,,10907.412109375,208.56126403808594,,11096.60546875,214.39190673828125,,25831230917.0,10855792670.0,
2020-01-26,11314.1328125,221.2032470703125,,11315.5380859375,221.27499389648438,,10945.9072265625,210.7288055419922,,10997.06640625,211.9064178466797,,29187643865.0,12189369325.0,
2020-01-27,11751.3828125,225.4450225830078,297.31951904296875,11838.2822265625,227.9746551513672,298.80840982842204,11314.763671875,220.01837158203125,296.54750263746797,11314.763671875,221.11343383789062,296.8875544776239,37783690790.0,14514078700.0,84062500.0
2020-01-28,12320.0693359375,232.18182373046875,300.4351806640625,12341.6220703125,232.58924865722656,301.3174811116688,11748.81640625,225.1761932373047,297.4114287374613,11754.951171875,225.3843231201172,298.7532647585038,45284055075.0,15498342513.0,63834000.0
2020-01-29,12295.9384765625,231.0286407470703,300.1869812011719,12420.72265625,235.37826538085938,302.0343229829001,12213.9423828125,231.0286407470703,299.984784448705,12318.5947265625,232.1522979736328,301.80455522090693,40494402071.0,14155036192.0,53888900.0
2020-01-30,12563.7099609375,244.0213623046875,301.1612548828125,12604.0224609375,246.04638671875,301.37265136361,12185.337890625,227.58433532714844,297.35631456325456,12295.1298828125,230.8535919189453,298.10993165792723,42780318160.0,16654014889.0,75491800.0
2020-01-31,12377.8564453125,238.48883056640625,295.6927795410156,12572.888671875,244.9036865234375,300.6925289821011,12222.23046875,233.3551025390625,294.77370836504883,12562.8115234375,244.08270263671875,300.53627454114314,38961552591.0,15525873238.0,113845600.0
2020-02-01,12433.9130859375,243.14022827148438,,12495.3984375,243.3673858642578,,12328.4931640625,237.93948364257812,,12372.333984375,238.42739868164062,,34315375763.0,15315502342.0,
2020-02-02,12373.4443359375,249.75999450683594,,12534.416015625,255.59210205078125,,12202.1865234375,238.50706481933594,,12429.869140625,242.95298767089844,,40831480270.0,18610321977.0,
2020-02-03,12354.66796875,252.4037628173828,297.88934326171875,12630.7841796875,256.0785217285156,299.76425630272183,12295.44921875,249.00119018554688,297.06218481792587,12373.865234375,249.74658203125,297.1816685577298,41123323887.0,16474902453.0,69083000.0
2020-02-04,12195.3115234375,251.38648986816406,302.4295654296875,12405.703125,254.1496124267578,303.30269428478084,12102.478515625,246.20118713378906,301.19801339312164,12353.7646484375,252.3993377685547,301.5196939211996,39707893153.0,15560265398.0,62573200.0
2020-02-05,12770.7607421875,271.3055725097656,305.9219970703125,12891.30078125,274.78607177734375,306.1333935234226,12175.35546875,250.88421630859375,303.90925713776153,12198.5703125,251.45091247558594,305.3797484796294,46790042327.0,19747689066.0,65951100.0
2020-02-06,12927.404296875,282.1221923828125,306.95147705078125,13049.521484375,284.9911193847656,307.14447419187934,12674.048828125,268.2705383300781,305.86695147966657,12776.6015625,271.1719970703125,306.8871353211374,49995160341.0,21823695476.0,50359700.0
2020-02-07,13034.384765625,296.3570861816406,305.31549072265625,13085.4150390625,296.9273986816406,306.9606081209682,12922.3564453125,282.07586669921875,304.764042344571,12922.3564453125,282.09136962890625,305.88531042914013,45935583556.0,22185517272.0,64139400.0
2020-02-08,13126.4296875,296.9165344238281,,13141.904296875,301.495849609375,,12878.66015625,286.5908508300781,,13030.5615234375,296.07086181640625,,46799569709.0,22275677466.0,
2020-02-09,13463.623046875,304.2003479003906,,13478.125,305.966552734375,,13106.8330078125,296.69793701171875,,13124.7998046875,296.69793701171875,,47654386186.0,20004254984.0,
2020-02-10,13127.1337890625,297.68975830078125,307.5947570800781,13512.4365234375,305.0165100097656,307.6590987986097,13004.4677734375,289.9624938964844,304.3872074151827,13462.140625,304.16119384765625,304.42397811831904,52455398591.0,21588651436.0,42070000.0
2020-02-11,13567.154296875,313.4556884765625,308.12786865234375,13564.994140625,314.3356628417969,309.7454151499178,12926.31640625,290.790283203125,307.5947915645025,13126.1748046875,297.50628662109375,308.9550272547601,50035776850.0,22546759523.0,54864500.0
2020-02-12,13690.90234375,351.891357421875,310.1130676269531,13796.19921875,361.0322570800781,310.32443608709224,13559.380859375,313.5155944824219,309.20316791684513,13559.380859375,313.5181579589844,309.5707908477161,57601064676.0,32543299179.0,43992700.0
2020-02-13,13550.72265625,355.6690368652344,309.78216552734375,13867.587890625,362.84185791015625,310.7563788470296,13418.95703125,343.2846374511719,308.4035585978453,13688.1259765625,351.4227600097656,308.6792687646131,65477343678.0,34228853443.0,54501900.0
2020-02-14,13664.533203125,376.6152038574219,310.2784423828125,13675.9326171875,377.7268371582031,310.3979261263313,13415.005859375,348.2522888183594,308.9917483138159,13546.9697265625,355.5682678222656,310.19572934064416,57427317149.0,31216923872.0,64582200.0
2020-02-15,13104.4267578125,350.79052734375,,13703.5439453125,380.4661865234375,,13084.5546875,350.1956787109375,,13666.83984375,377.0707702636719,,58125364831.0,31381500051.0,
2020-02-16,13158.455078125,344.23834228515625,,13322.4638671875,361.59515380859375,,12883.0869140625,321.31488037109375,,13104.1025390625,351.0230407714844,,57451197758.0,33315064190.0,
2020-02-17,12826.357421875,352.5719909667969,,13166.4658203125,353.2174377441406,,12576.228515625,323.4352111816406,,13161.2724609375,344.2328186035156,,60885647694.0,34446773610.0,
2020-02-18,13442.9423828125,373.7099304199219,309.47882080078125,13470.6611328125,375.3623352050781,310.3427498763755,12768.6865234375,347.169921875,308.0818147817825,12827.7978515625,352.7643737792969,309.2766240373906,62656465933.0,35140247202.0,57226200.0
2020-02-19,12736.0595703125,343.42742919921875,310.9585876464844,13478.236328125,375.17596435546875,311.6386914492983,12711.064453125,343.42742919921875,310.1681997727094,13445.3310546875,373.83148193359375,310.4531096386358,62126974458.0,29983886810.0,48814700.0
2020-02-20,12740.166015625,342.0229187011719,309.6810607910156,12743.0283203125,348.48797607421875,311.23429340663733,12605.00390625,332.7458190917969,306.6756799316654,12730.6904296875,343.5013427734375,310.40710686505196,59567750306.0,30801126994.0,74163400.0
2020-02-21,12810.2705078125,351.2554931640625,306.4918518066406,12847.845703125,352.8103332519531,308.63327520742,12707.46484375,338.82000732421875,305.6646653479341,12744.5498046875,341.9455871582031,308.32079438765703,54130444433.0,27597287791.0,113788200.0
2020-02-22,12779.509765625,346.9324035644531,,12825.8623046875,352.29571533203125,,12696.916015625,342.41131591796875,,12811.943359375,351.19061279296875,,47395609076.0,22358143929.0,
2020-02-23,13153.1787109375,362.8124084472656,,13173.072265625,362.8124084472656,,12772.380859375,346.44146728515625,,12779.6904296875,346.86187744140625,,54583632764.0,25957755120.0,
2020-02-24,12822.669921875,352.40631103515625,296.326904296875,13186.0341796875,365.2179870605469,306.56534134772437,12662.7041015625,344.73834228515625,295.242379126836,13149.29296875,362.74737548828125,296.9886365837535,59900709921.0,29765123645.0,161088400.0
2020-02-25,12406.2138671875,329.1131591796875,287.34759521484375,12827.8115234375,352.7398376464844,298.3396785364402,12362.6044921875,327.9756164550781,286.4652947464969,12824.181640625,352.49530029296875,297.7239165603431,56462219826.0,29056161903.0,218913200.0
2020-02-26,11772.2744140625,301.2032775878906,286.2906799316406,12432.8935546875,331.8014221191406,292.36572712469683,11594.4443359375,294.77239990234375,285.5554341878652,12401.6787109375,329.0103759765625,288.7537840258982,67292919069.0,35015261555.0,194773800.0
2020-02-27,11758.484375,303.520751953125,273.4328308105469,11934.8994140625,317.03155517578125,286.34576754874786,11441.0400390625,283.67108154296875,273.4328308105469,11778.3759765625,301.2123107910156,280.7394286623357,60864130448.0,34327814530.0,284353500.0
2020-02-28,11616.3203125,303.7343444824219,272.2839660644531,11929.02734375,314.25665283203125,273.7820561865311,11425.9326171875,291.1026916503906,262.4315244510947,11764.15234375,303.8342590332031,265.3357919915502,59746770596.0,30222721007.0,384975800.0
2020-02-29,11518.6123046875,294.4761047363281,,11754.5205078125,311.09613037109375,,11518.6123046875,294.4761047363281,,11614.6552734375,303.8320617675781,,47942120193.0,24352937431.0,
2020-03-01,11505.412109375,294.2319030761719,,11707.783203125,304.1087646484375,,11364.89453125,287.2752685546875,,11518.9462890625,294.34771728515625,,47498848816.0,24428298195.0,
2020-03-02,11815.7314453125,307.1535339355469,284.0757751464844,11889.4453125,310.633056640625,284.140116875848,11465.3388671875,291.9659729003906,270.6297561011494,11506.5009765625,293.8839111328125,274.07627384491605,57092850964.0,27050088773.0,238703600.0
2020-03-03,11757.53125,300.34027099609375,275.94189453125,11886.3046875,310.2246398925781,288.44126693967274,11641.166015625,296.27850341796875,273.48799043266723,11810.0263671875,307.0924987792969,284.4525017828348,56710882565.0,26562361739.0,300139100.0
2020-03-04,11717.171875,300.47308349609375,287.5406494140625,11806.9013671875,304.7835388183594,287.76124561083054,11680.513671875,297.5286865234375,278.78190056084946,11758.5419921875,300.4549560546875,281.34611748356053,46501621373.0,22171766452.0,176613400.0
2020-03-05,12161.248046875,307.1109313964844,277.9822692871094,12272.9794921875,314.5384216308594,283.5058962139264,11719.859375,300.638916015625,275.7305616596984,11723.916015625,300.638916015625,280.2983466782864,53176615981.0,24381121781.0,186366800.0
2020-03-06,12245.193359375,326.8840026855469,273.3869323730469,12289.8095703125,326.9774169921875,274.6001131820452,12097.7841796875,306.3796081542969,266.7420650354268,12160.6396484375,306.977294921875,269.42573743951846,54801928609.0,26006756800.0,228667200.0
2020-03-07,11963.83984375,319.3772277832031,,12303.9150390625,335.65863037109375,,11938.046875,318.97198486328125,,12243.9248046875,327.1858825683594,,48630283254.0,26091850760.0,
2020-03-08,11047.4541015625,273.44244384765625,,11969.7353515625,319.280029296875,,11040.3671875,273.2373352050781,,11961.4931640625,319.280029296875,,54464071155.0,29133119598.0,
2020-03-09,10820.6083984375,275.83453369140625,252.03683471679688,11120.875,282.3656311035156,261.19077345280704,10418.2373046875,260.3468933105469,251.31996050339524,11051.5830078125,274.3000793457031,253.02021930915475,64097630846.0,32290433759.0,309417300.0
2020-03-10,10861.99609375,275.7026062011719,265.07855224609375,11113.8876953125,280.975830078125,265.17043693629023,10763.6328125,272.8033447265625,251.36599633877958,10818.5634765625,277.0330505371094,261.60446391220955,57970083400.0,25192083497.0,276444100.0
2020-03-11,10898.4541015625,268.44268798828125,252.15631103515625,10900.201171875,278.31488037109375,259.12288505836614,10517.6259765625,253.55567932128906,248.95796184312675,10862.4912109375,275.7037048339844,257.9832459713507,53287749088.0,23397533744.0,255316300.0
2020-03-12,6930.84912109375,156.6473846435547,228.03074645996094,10920.2001953125,268.7632141113281,245.07951931200697,6773.09765625,154.97657775878906,227.63553856804782,10901.4658203125,268.26416015625,235.28221736385123,75265675790.0,30862824445.0,392220700.0
2020-03-13,7701.56103515625,184.3845977783203,247.52427673339844,8093.8046875,191.54283142089844,249.50947400677248,5720.53125,132.5184326171875,228.40759185509734,6996.44189453125,157.12545776367188,241.79845272665995,102651511745.0,38571604472.0,329566100.0
2020-03-14,7228.76904296875,171.4015350341797,,7819.34619140625,186.94000244140625,,7124.1025390625,170.16224670410156,,7714.53271484375,184.9115447998047,,50256571076.0,17710327557.0,
2020-03-15,7448.3291015625,172.95677185058594,,8015.44140625,181.60760498046875,,7185.5625,169.38267517089844,,7229.74267578125,171.3181915283203,,46960808988.0,17568924459.0,
2020-03-16,7023.05517578125,154.90960693359375,220.439208984375,7438.5419921875,172.65538024902344,236.1093600230753,6363.9658203125,146.4346160888672,218.15071689635337,7438.5419921875,172.65538024902344,221.66156120655316,63540416256.0,22387738048.0,297240000.0
2020-03-17,7439.9375,162.224853515625,232.34121704101562,7517.7822265625,166.53695678710938,235.438496719588,6977.76171875,154.63076782226562,217.88423006606632,7006.3857421875,154.63076782226562,225.2092150970665,54988601653.0,17209443827.0,262070500.0
2020-03-18,7576.998046875,166.11050415039062,220.57705688476562,7715.43017578125,164.5735321044922,228.26967725597012,7324.11083984375,161.4449920654297,209.56658938862967,7442.05078125,162.1036834716797,217.13054037094116,54788769002.0,16804331249.0,327597100.0
2020-03-19,8981.1298828125,198.1471405029297,221.04580688476562,9189.4033203125,204.0157470703125,227.35983549708297,7665.8173828125,165.95225524902344,213.426712889275,7587.09130859375,166.10696411132812,219.88778223383576,73983191567.0,23785622204.0,289322000.0
2020-03-20,8905.474609375,190.6968536376953,211.52000427246094,9753.763671875,214.9052734375,226.0065341476156,8439.810546875,176.4075927734375,211.24265879194007,8981.798828125,198.2275390625,224.2130493608081,78215501618.0,27239441510.0,347158800.0
2020-03-21,8885.775390625,190.81399536132812,,9163.1474609375,195.3447723388672,,8523.390625,182.6898193359375,,8916.599609375,191.2206573486328,,61049566657.0,19659238284.0,
2020-03-22,8429.4228515625,178.298583984375,,9136.6591796875,195.60226440429688,,8414.2763671875,177.58309936523438,,8886.4814453125,190.860595703125,,57976375979.0,18069272588.0,
2020-03-23,9291.0673828125,195.35714721679688,206.11181640625,9330.8818359375,195.35714721679688,212.33353276775054,8372.2490234375,176.3282012939453,201.77602391744185,8431.0419921875,178.3634033203125,210.95607325737478,67322061060.0,20489560993.0,326025200.0
2020-03-24,9725.8310546875,200.38748168945312,224.78622436523438,9765.302734375,204.4811248779297,225.6644874229351,9247.546875,192.2589569091797,216.14238643558852,9320.5029296875,195.76625061035156,216.7155567626122,69637984530.0,21097175207.0,235494500.0
2020-03-25,9497.5654296875,193.61131286621094,228.15133666992188,9887.4453125,202.8465576171875,236.98933562532778,9412.173828125,190.6126251220703,221.64303438022475,9731.4814453125,200.60919189453125,226.3763451363681,63387736720.0,19096014737.0,299430300.0
2020-03-26,9428.9287109375,194.23997497558594,241.47305297851562,9587.427734375,195.0812530517578,242.9521914600299,9371.05078125,189.49990844726562,230.24066527818374,9489.189453125,193.60391235351562,230.67516996563705,49583980477.0,15958020540.0,257632800.0
2020-03-27,9072.2744140625,187.81448364257812,234.2805938720703,9518.5654296875,195.87454223632812,241.11246767141768,9067.9326171875,187.81448364257812,232.0895913168638,9433.068359375,194.25173950195312,234.14192818112465,48497655309.0,15980442926.0,224341200.0
2020-03-28,8753.740234375,183.68890380859375,,9069.0537109375,187.94740295410156,,8579.349609375,178.04542541503906,,9068.70703125,187.94740295410156,,48921296542.0,17055947194.0,
2020-03-29,8319.2744140625,176.41976928710938,,8765.3427734375,183.95196533203125,,8308.953125,175.7091064453125,,8758.5517578125,183.72935485839844,,39859304272.0,13961070301.0,
2020-03-30,9118.2744140625,188.4743194580078,241.8889923095703,9234.5732421875,189.91993713378906,242.6100820215061,8281.46484375,175.7650146484375,234.38225627948205,8324.1845703125,176.4115753173828,236.38836628385474,52614519858.0,16792110101.0,171369500.0
2020-03-31,9065.6123046875,188.09974670410156,238.2835693359375,9231.5009765625,188.957275390625,243.4421304117321,9078.6240234375,186.9536895751953,236.8691228947717,9119.3583984375,188.35574340820312,240.88134333433513,46163348087.0,15579866814.0,194881100.0
2020-04-01,9351.5283203125,191.98324584960938,227.55963134765625,9359.734375,191.98324584960938,238.20035303776132,8819.4462890625,184.47052001953125,225.4795615397019,9063.7451171875,188.12615966796875,229.25142315089096,57108147326.0,17631581846.0,189554600.0
2020-04-02,9600.580078125,200.7120361328125,232.8106689453125,10047.3994140625,208.14321899414062,233.59646466353252,9333.6201171875,192.12142944335938,226.11746118700083,9351.5283203125,192.12142944335938,226.67215213452525,67352833587.0,21653885063.0,177660400.0
2020-04-03,9566.9521484375,201.8865966796875,229.44561767578125,9933.54296875,208.31797790527344,234.18818235380274,9435.2421875,197.4039306640625,226.69992382075606,9605.9111328125,200.82693481445312,231.82151280078162,55378714626.0,18732987759.0,135561200.0
2020-04-04,9763.8037109375,206.46348571777344,,9780.048828125,206.68800354003906,,9520.626953125,199.2161102294922,,9574.0498046875,202.06260681152344,,47181681479.0,16984982177.0,
2020-04-05,9680.4833984375,204.62001037597656,,9786.390625,207.7560272216797,,9548.271484375,202.031494140625,,9756.7099609375,206.52267456054688,,42065908833.0,16080605124.0,
2020-04-06,10261.4140625,238.67237854003906,244.85662841796875,10261.4140625,238.86537170410156,246.835020023201,9664.681640625,204.61709594726562,229.42714032655195,9676.09375,204.707763671875,238.36681894698617,66177535215.0,30531705200.0,188061200.0
2020-04-07,10058.51953125,231.408203125,245.10618591308594,10406.0380859375,245.50706481933594,254.25848742495236,9986.83203125,229.97364807128906,244.88432082833236,10264.04296875,238.68870544433594,253.50041076837442,62012019255.0,30357912756.0,201427200.0
2020-04-08,10271.8447265625,241.79510498046875,253.33412170410156,10337.451171875,243.40650939941406,255.1553402977811,10037.7333984375,230.5701141357422,245.21722468835665,10062.541015625,231.6021728515625,247.72254639822816,52609584788.0,23897910513.0,153774500.0
2020-04-09,10215.017578125,238.9450225830078,257.18914794921875,10285.8828125,242.28564453125,259.96257501604964,10085.486328125,236.01988220214844,254.6653191618094,10277.26171875,241.9625244140625,256.6159493233561,48703490053.0,20846236157.0,189999200.0
2020-04-10,9579.7666015625,221.0408172607422,,10217.431640625,239.37960815429688,,9501.560546875,216.3922882080078,,10217.431640625,238.97596740722656,,60869131178.0,25089711070.0,
2020-04-11,9570.8212890625,220.7667236328125,,9664.291015625,224.8851776123047,,9474.3154296875,216.69554138183594,,9582.4833984375,221.21737670898438,,43565737625.0,18914094060.0,
2020-04-12,9736.3916015625,225.06455993652344,,9920.8984375,229.23709106445312,,9503.837890625,218.121826171875,,9569.4052734375,220.78956604003906,,49944708680.0,21123014309.0,
2020-04-13,9496.7373046875,216.8206787109375,254.84091186523438,9728.744140625,224.51605224609375,256.55119713010026,9322.447265625,212.00814819335938,250.91189111126667,9728.744140625,224.47549438476562,256.20914571967757,53580042624.0,22843767778.0,114839100.0
2020-04-14,9498.083984375,218.7620849609375,262.35699462890625,9680.556640625,223.92095947265625,263.3831492226186,9441.203125,216.633544921875,254.70233614954165,9494.30078125,216.9266815185547,259.7592198933996,47349239274.0,20437449289.0,134143400.0
2020-04-15,9378.7919921875,216.44415283203125,256.7823486328125,9633.6630859375,224.1092529296875,262.4956010018621,9367.2265625,215.79519653320312,254.65603785042504,9502.43359375,218.71939086914062,256.60669601387923,45591740942.0,20010799711.0,121775000.0
2020-04-16,9992.0078125,241.7093048095703,258.02117919921875,10016.2763671875,243.2920379638672,258.88093484810514,9260.4951171875,212.43727111816406,254.9334336786974,9376.4541015625,216.32205200195312,258.0673917001335,65683765863.0,32166344628.0,131798300.0
2020-04-17,9934.9775390625,240.30174255371094,264.9916687011719,10034.37890625,243.99411010742188,265.6017976989735,9893.58984375,238.015625,261.0718734284647,9991.654296875,241.8806610107422,263.8268205525899,45520256098.0,23401310133.0,146684800.0
2020-04-18,10161.0576171875,261.6880187988281,,10178.2666015625,263.1251220703125,,9925.2646484375,240.2730255126953,,9929.52734375,240.2730255126953,,45427523864.0,28225360035.0,
2020-04-19,10102.0048828125,255.19081115722656,,10193.05859375,263.3469543457031,,10034.19921875,252.17724609375,,10165.6181640625,261.6152038574219,,43996007698.0,26902481451.0,
2020-04-20,9721.1455078125,243.37921142578125,260.3230895996094,10184.4892578125,261.75274658203125,265.1303741668698,9658.07421875,240.6516876220703,260.1012244762075,10098.419921875,255.00149536132812,261.2660445868246,53319874526.0,30040357053.0,100109300.0
2020-04-21,9763.935546875,245.13380432128906,252.41883850097656,9838.3330078125,247.7711944580078,257.04121673496064,9728.248046875,242.61465454101562,251.4758552850788,9718.07421875,242.98448181152344,255.83015589467746,46248428075.0,23356802234.0,126385700.0
2020-04-22,10096.2783203125,259.03082275390625,258.02117919921875,10125.8701171875,260.4859619140625,259.7776774253793,9747.39453125,243.87228393554688,255.99657511457667,9762.6826171875,245.0382843017578,257.3278224089375,47166351947.0,25526747891.0,92951600.0
2020-04-23,10451.1630859375,260.27410888671875,258.0025939941406,10533.734375,265.4024963378906,262.4955593138386,10009.763671875,254.8399200439453,257.697529511827,10102.0927734375,259.06005859375,259.3061077531656,61191201960.0,29927923955.0,104709700.0
2020-04-24,10642.806640625,266.7247314453125,261.5988464355469,10678.70703125,268.2000732421875,262.27372374086156,10457.4326171875,260.54620361328125,257.4664396155413,10457.4326171875,260.54620361328125,259.5280302401497,48819317887.0,23663048598.0,85063200.0
2020-04-25,10669.6357421875,275.57391357421875,,10773.1767578125,277.3739318847656,,10601.609375,265.6289978027344,,10642.216796875,266.68310546875,,46430279131.0,25738380336.0,
2020-04-26,10836.6767578125,278.4248962402344,,10856.6826171875,281.0465087890625,,10657.615234375,274.5937805175781,,10669.921875,275.4305725097656,,46663641494.0,25872119622.0,
2020-04-27,10941.6015625,276.8169250488281,265.3707275390625,10941.6015625,281.17706298828125,266.4985889754129,10836.0439453125,271.841796875,263.12425845106605,10836.0439453125,278.6481018066406,263.586496282148,50755776012.0,26204756996.0,77896600.0
2020-04-28,10917.1171875,277.4571228027344,264.1504211425781,10927.0537109375,277.9632263183594,269.39218195173817,10822.7041015625,274.0089416503906,263.8453283979779,10943.5234375,276.8854064941406,269.0408767126257,46408881575.0,25474724829.0,105270000.0
2020-04-29,12211.4658203125,301.0440673828125,271.0654602050781,12314.765625,304.045166015625,272.609346742133,10859.3037109375,276.6511535644531,268.47694002572416,10916.6337890625,277.5267639160156,269.51234809746575,83529140534.0,36626678096.0,118745600.0
2020-04-30,12083.2373046875,289.7140808105469,268.5416564941406,13105.1337890625,315.8539733886719,271.1671635588947,11900.9228515625,287.7111511230469,266.79438423686474,12206.7939453125,300.9620666503906,269.6787433160945,93450881605.0,39199197621.0,122901700.0
2020-05-01,12644.259765625,305.5514221191406,261.43243408203125,12691.056640625,305.2522277832031,268.7080517401183,12096.0888671875,289.963623046875,260.2583321429464,12103.0927734375,290.13226318359375,263.76210218131826,62856948072.0,29691359221.0,125180000.0
2020-05-02,12820.8837890625,307.1293640136719,,12847.40234375,307.8741149902344,,12568.0927734375,303.6394958496094,,12650.3798828125,305.56707763671875,,57245685298.0,26046400614.0,
2020-05-03,12576.126953125,298.1434631347656,,13076.46484375,312.7569885253906,,12596.0556640625,297.6683654785156,,12813.7783203125,307.16741943359375,,66576018255.0,28931957046.0,
2020-05-04,12551.24609375,293.1610412597656,262.1535949707031,12618.0869140625,299.52935791015625,262.45865955432316,12212.4970703125,281.1871643066406,258.04892038724995,12573.6904296875,298.08367919921875,259.53731280133104,64383494855.0,31829895173.0,80873200.0
2020-05-05,12642.5615234375,290.3629455566406,264.57568359375,12740.0244140625,297.7203063964844,267.4045767729445,12452.6103515625,286.86572265625,262.2829738679373,12551.49609375,292.934326171875,264.99170891359046,60591228695.0,26687334668.0,79569900.0
2020-05-06,13128.228515625,289.0235900878906,262.7821960449219,13337.791015625,299.2121276855469,266.6742305212483,12602.53515625,289.0024719238281,262.347691373259,12648.69921875,289.9514465332031,266.28596655842614,69930093790.0,28814493719.0,73632600.0
2020-05-07,13904.5908203125,296.6177673339844,265.9531555175781,13969.814453125,300.0152587890625,267.89456007839374,12917.1103515625,285.6347961425781,265.44470518123154,13118.501953125,288.8211364746094,266.01787558591565,85388681944.0,32967355859.0,75250400.0
2020-05-08,13795.9736328125,298.5396423339844,270.35369873046875,13931.1513671875,301.3725891113281,270.82519040525426,13611.6982421875,290.9517517089844,267.96853542447803,13883.1337890625,296.4903869628906,269.10565078782355,72578485493.0,28656929579.0,76452400.0
2020-05-09,13448.2451171875,296.6104736328125,,13896.7578125,301.01055908203125,,13429.66796875,293.0660095214844,,13793.5068359375,298.750732421875,,65274061291.0,26563930027.0,
2020-05-10,12194.486328125,262.6498107910156,,13450.60546875,296.54327392578125,,11767.841796875,256.1153869628906,,13444.421875,296.54327392578125,,88188810414.0,35110446384.0,
2020-05-11,12061.869140625,260.6962890625,270.4091491699219,12639.6689453125,267.75494384765625,271.7958627554087,11745.080078125,253.45945739746094,267.9870272879799,12193.2392578125,262.6952209472656,268.4122782212897,80096322005.0,28121565159.0,79514200.0
2020-05-12,12397.9375,266.5785217285156,265.0193176269531,12553.6640625,268.75152587890625,272.01757343947986,12016.4580078125,260.4482421875,264.8806237769518,12073.9140625,260.6465148925781,271.6015765277082,59342846267.0,22389040569.0,95870800.0
2020-05-13,13062.2001953125,280.6802673339844,260.3323669433594,13138.7587890625,282.2497863769531,265.5001828038208,12399.21875,265.956298828125,257.89173751403956,12399.21875,266.6652526855469,264.4555207320025,64195297371.0,24031468811.0,144721100.0
2020-05-14,13659.9638671875,284.8116760253906,263.44781494140625,13785.376953125,286.5613098144531,263.5772268557951,13053.1533203125,277.608642578125,252.372587009334,13064.08984375,280.2550354003906,257.8824819420396,79187547236.0,28278541321.0,121977900.0
2020-05-15,13162.552734375,276.0333557128906,264.65875244140625,13691.7001953125,285.69281005859375,264.70496491514115,13066.9248046875,273.4570617675781,260.0918428117607,13660.7626953125,284.82049560546875,261.04405111519526,67954478024.0,23426734809.0,111146300.0
2020-05-16,13228.951171875,283.1122741699219,,13493.037109375,286.0665588378906,,13064.8486328125,274.3999328613281,,13169.66796875,276.020263671875,,51020709976.0,21696577698.0,
2020-05-17,13627.9384765625,291.92657470703125,,13858.14453125,295.1331787109375,,13190.19921875,282.3020324707031,,13226.0107421875,283.0159912109375,,56486445444.0,21800775586.0,
2020-05-18,13559.828125,299.069580078125,272.72027587890625,13945.71875,304.0898132324219,274.3381080239506,13466.3466796875,291.9171142578125,270.5939934876637,13634.921875,291.956298828125,270.91753734646966,58311257556.0,24273482865.0,119703800.0
2020-05-19,13560.9365234375,297.5213928222656,269.91912841796875,13682.080078125,299.18096923828125,273.83889573576965,13308.701171875,293.1064758300781,269.90064906349505,13560.5087890625,299.18096923828125,272.1193847488021,54715061711.0,19996612959.0,95189300.0
2020-05-20,13241.1337890625,292.12689208984375,274.5045166015625,13664.7060546875,299.24566650390625,275.37352587023634,13141.0478515625,289.2540283203125,273.24724340342016,13555.7666015625,297.51458740234375,273.4783622894982,50815353532.0,17700545237.0,85861700.0
2020-05-21,12666.3330078125,278.7776794433594,272.6094665527344,13300.1044921875,294.564697265625,275.18876229511943,12369.59765625,269.6320495605469,271.509337939819,13240.798828125,292.1719665527344,274.3752189632728,54848196095.0,18561115618.0,78293900.0
2020-05-22,12857.904296875,290.0886535644531,273.1270446777344,12934.7890625,292.0802917480469,273.3026972802053,12610.0400390625,276.214111328125,271.0747079339589,12664.3427734375,278.71282958984375,272.32275550471144,41742535872.0,16861239357.0,63958200.0
2020-05-23,12895.3046875,292.2243347167969,,13025.828125,294.5936279296875,,12767.6318359375,287.4632263183594,,12861.3837890625,290.12408447265625,,38825945503.0,14934333844.0,
2020-05-24,12293.2158203125,283.0122985839844,,13006.087890625,294.8857727050781,,12291.2373046875,283.0122985839844,,12899.5,292.2546691894531,,45477123670.0,16548715619.0,
2020-05-25,12445.0634765625,286.8795166015625,,12519.431640625,288.46234130859375,,12189.1455078125,280.6538391113281,,12287.2578125,282.4700927734375,,43716845839.0,14552243346.0,
2020-05-26,12177.46875,278.2845764160156,276.49212646484375,12506.5498046875,287.4640808105469,279.3672600063866,12102.1943359375,276.7431945800781,273.1455295921651,12448.767578125,286.7954406738281,279.1268873427951,40776269464.0,14003303497.0,88951400.0
2020-05-27,12630.3720703125,287.33447265625,280.6061096191406,12685.8935546875,287.33447265625,280.6430965469145,12177.1708984375,278.14434814453125,274.44909803811197,12180.677734375,278.2717590332031,279.30259548951767,45041320319.0,14625167670.0,104817400.0
2020-05-28,13121.0263671875,302.81414794921875,280.08831787109375,13149.1484375,303.40997314453125,283.6660332164252,12594.927734375,283.9398498535156,279.41344066092694,12635.7744140625,287.36474609375,281.6414297986755,47338134419.0,16821785369.0,90405200.0
2020-05-29,13000.0341796875,303.9248046875,281.33642578125,13196.6484375,308.85650634765625,281.92807550390813,12885.6171875,299.44769287109375,276.85271340828524,13124.6142578125,302.9306945800781,279.6168864676126,45306900255.0,16893095854.0,119090800.0
2020-05-30,13359.8955078125,333.7704772949219,,13364.8759765625,335.970703125,,12900.328125,301.26580810546875,,12999.744140625,303.9827880859375,,45067717513.0,20696483712.0,
2020-05-31,13034.29296875,318.21014404296875,,13359.798828125,336.111328125,,12999.26171875,317.0507507324219,,13359.470703125,333.7784423828125,,38262651032.0,16855759193.0,
2020-06-01,13812.48828125,335.54449462890625,282.4735107421875,13849.408203125,337.0256652832031,283.0836680290045,12830.77734375,317.66900634765625,280.17157550632606,13037.8017578125,318.05108642578125,280.68927958979083,47818587074.0,18953771195.0,55758300.0
2020-06-02,12873.8603515625,320.4604187011719,284.8124694824219,13741.62890625,341.0924377441406,284.85871019641536,12767.5615234375,315.0419006347656,282.0575498728841,13806.6533203125,335.322265625,283.3980227490103,52870709560.0,18618318022.0,74267200.0
2020-06-03,13031.103515625,329.5038757324219,288.6027526855469,13066.3798828125,329.5038757324219,289.56421509801055,12789.3603515625,317.9358825683594,286.5319366089357,12879.205078125,320.6983642578125,286.8092679717843,33745915782.0,13307795346.0,92567600.0
2020-06-04,13233.3291015625,330.0372314453125,287.84466552734375,13332.8896484375,332.40447998046875,289.36081882304234,12865.560546875,319.7742614746094,285.73686260819716,13029.9384765625,329.4039611816406,287.6135466624691,35000969142.0,13732622254.0,75794400.0
2020-06-05,12972.7880859375,323.76092529296875,295.2220153808594,13301.3330078125,333.28887939453125,297.0062464009273,12960.1708984375,323.0362243652344,293.2066654759302,13232.7607421875,329.93353271484375,293.2713855347524,31553918280.0,12474079546.0,150524700.0
2020-06-06,12956.87890625,324.71295166015625,,13117.607421875,330.14837646484375,,12872.78515625,321.7510986328125,,12971.9453125,323.73321533203125,,27431833128.0,10891540228.0,
2020-06-07,13071.93359375,328.40032958984375,,13094.59375,328.9377136230469,,12700.59375,317.34228515625,,12955.9716796875,324.6817626953125,,33507803432.0,12785323265.0,
2020-06-08,13063.2109375,329.2843017578125,298.79052734375,13109.1708984375,329.80029296875,298.98465932156773,12955.6337890625,323.4155578613281,295.49014265706535,13073.5556640625,328.41546630859375,296.03557987943867,28724451794.0,10797609289.0,73641200.0
2020-06-09,13147.34765625,328.7091369628906,296.5625305175781,13147.802734375,332.02093505859375,298.86446569386305,13023.35546875,326.2080383300781,295.24050899064486,13067.048828125,329.10400390625,296.1095182967034,31833021280.0,11336573662.0,77479200.0
2020-06-10,13253.5234375,332.26806640625,294.90765380859375,13276.4345703125,333.44244384765625,298.0416389695576,13036.7275390625,324.81268310546875,294.1865641221486,13145.2265625,328.58917236328125,297.14489669937257,34518676148.0,11807192076.0,95000800.0
2020-06-11,12711.013671875,315.9455871582031,277.9065856933594,13333.48828125,335.35736083984375,288.57504159924287,12614.494140625,313.1374816894531,277.35192292528046,13253.501953125,332.40716552734375,287.93715120319683,41244460346.0,16849140337.0,209243600.0
2020-06-12,12883.56640625,322.730712890625,281.2347412109375,12932.8828125,324.5726013183594,285.73693329848106,12671.9189453125,313.3846740722656,276.04844614220104,12709.5263671875,315.8403015136719,284.96037710591537,30725609173.0,12052067307.0,194678900.0
2020-06-13,12876.001953125,324.6544189453125,,12900.373046875,325.0406799316406,,12768.2841796875,320.5516662597656,,12883.4189453125,322.8005676269531,,23868245416.0,9704789893.0,
2020-06-14,12803.015625,319.3183898925781,,12885.505859375,324.9161682128906,,12739.1533203125,317.4817199707031,,12879.095703125,324.7350769042969,,25903583961.0,10146875017.0,
2020-06-15,12791.0048828125,311.1961364746094,283.8602600097656,12896.6689453125,317.80218505859375,284.99737530784336,12290.478515625,302.3728942871094,274.3289175442653,12801.9892578125,319.2414855957031,275.5122453434782,36136581920.0,14260031708.0,135782700.0
2020-06-16,12907.7607421875,317.2342224121094,289.3238525390625,12965.8837890625,319.43963623046875,291.8014683889085,12726.5390625,309.37579345703125,284.4333973227197,12795.830078125,310.97064208984375,291.6535489193092,29184533677.0,10779871632.0,137627500.0
2020-06-17,12871.5322265625,316.38714599609375,288.1221008300781,12919.1640625,319.5436096191406,290.6459296545263,12650.810546875,311.171875,287.3825033404137,12902.021484375,317.3373718261719,290.3500906586605,27395680257.0,10456333392.0,83398900.0
2020-06-18,12793.9384765625,315.50555419921875,288.23297119140625,12874.962890625,318.33160400390625,288.713688296366,12686.1513671875,311.4311828613281,286.13442195622696,12873.3134765625,316.2112121582031,286.5966597077183,24155673479.0,9126371646.0,80828700.0
2020-06-19,12640.25,309.1170349121094,286.5857849121094,12794.7568359375,315.7662658691406,291.91561749580717,12621.5751953125,308.2652282714844,284.62654267087413,12791.8369140625,315.30682373046875,291.7206312233792,26717885071.0,9453457385.0,135549600.0
2020-06-20,12700.5693359375,312.02392578125,,12785.8046875,314.98358154296875,,12584.9443359375,308.43975830078125,,12644.25390625,308.89666748046875,,23313296616.0,8509602174.0,
2020-06-21,12668.61328125,311.81201171875,,12794.1552734375,316.2219543457031,,12664.2568359375,311.13250732421875,,12698.64453125,311.94482421875,,20866871037.0,7625991809.0,
2020-06-22,13028.3251953125,327.48406982421875,288.4242248535156,13056.0048828125,329.6444091796875,288.82349182330006,12668.3818359375,311.9579162597656,284.8307654516488,12664.9169921875,311.8304748535156,285.98215051313076,28496005406.0,12259847936.0,74649400.0
2020-06-23,13041.349609375,330.6392517089844,289.7520751953125,13066.6318359375,331.80352783203125,292.0270187909269,12929.42578125,324.6962890625,289.3435136651866,13022.05859375,327.4892578125,291.0891805053778,23031642516.0,8971535205.0,68471200.0
2020-06-24,12707.974609375,321.7001953125,282.3608703613281,13117.0908203125,336.6065979003906,288.3221338064177,12620.234375,316.6541442871094,280.51307733506786,13044.7236328125,330.69854736328125,287.6999970150494,25872351423.0,12027685347.0,132813500.0
2020-06-25,12634.4716796875,317.6675720214844,285.3879699707031,12741.8955078125,321.7844543457031,285.65725563286617,12410.43359375,314.271240234375,279.7517017632359,12708.6787109375,321.605224609375,281.78521514723536,25386798592.0,9560153155.0,89468000.0
2020-06-26,12541.28515625,314.3466491699219,278.60955810546875,12700.009765625,318.9786071777344,284.49655078149493,12478.419921875,314.15838623046875,278.0245993097469,12629.265625,317.576171875,284.2829755044831,25103964291.0,9837517872.0,127961000.0
2020-06-27,12380.4267578125,305.1650695800781,,12602.73046875,318.2137451171875,,12315.859375,301.88671875,,12548.0009765625,314.296630859375,,23641682587.0,9469188013.0,
2020-06-28,12506.509765625,308.22784423828125,,12588.6826171875,312.8824768066406,,12284.8017578125,300.3922424316406,,12384.6279296875,305.1030578613281,,19916227978.0,8488409344.0,
2020-06-29,12552.2529296875,311.65325927734375,282.7044677734375,12620.326171875,314.10986328125,282.84374369101283,12371.5107421875,303.77813720703125,277.5696211414801,12501.6494140625,308.2473449707031,279.8724202140657,22480712343.0,9186145030.0,79773300.0
2020-06-30,12404.7802734375,307.2214660644531,286.3258056640625,12590.1630859375,313.98394775390625,288.0343515093833,12430.2470703125,307.6076354980469,282.11023643287865,12545.0517578125,311.343994140625,282.26807303948027,21361266758.0,8272700779.0,113394800.0
2020-07-01,12543.140625,314.1293640136719,288.3313903808594,12656.6767578125,316.19219970703125,289.60351910076605,12356.5546875,305.1306457519531,286.98501896729994,12415.62890625,306.9765625,287.4492908347837,21708531243.0,8785511932.0,72396500.0
2020-07-02,12380.2392578125,311.27947998046875,289.91925048828125,12593.8505859375,316.2837829589844,293.1412987145926,12277.3916015625,306.25579833984375,289.2506977966374,12546.96484375,314.3678894042969,291.78560431906743,22171501619.0,8429814433.0,69344200.0
2020-07-03,12313.7509765625,305.4107360839844,,12485.7685546875,311.6159362792969,,12275.1201171875,304.7696838378906,,12382.18359375,311.1800842285156,,17722659652.0,6922994761.0,
2020-07-04,12374.9775390625,310.4068908691406,,12443.82421875,311.73486328125,,12268.12109375,305.06689453125,,12309.5908203125,305.27716064453125,,16654280664.0,7084621649.0,
2020-07-05,12296.1455078125,308.5094299316406,,12415.216796875,311.46734619140625,,12172.25,304.4677429199219,,12366.3095703125,310.2742004394531,,17485470182.0,7171449319.0,
2020-07-06,12693.783203125,326.9891357421875,294.39471435546875,12693.783203125,327.83197021484375,294.9797013122866,12274.037109375,307.6881103515625,293.0111935659089,12294.6640625,308.537109375,293.76331155698904,24220899641.0,11891499477.0,61713800.0
2020-07-07,12588.0009765625,325.2694396972656,291.3585205078125,12665.7392578125,328.3699035644531,294.8312658250423,12487.857421875,317.8832092285156,290.9778140865629,12658.1572265625,326.26123046875,292.84419650034664,18829262545.0,8763850726.0,82910000.0
2020-07-08,12745.560546875,333.4573974609375,293.58697509765625,12775.4365234375,335.4409484863281,293.698395820971,12579.2919921875,324.2320251464844,290.35566077389734,12589.01171875,325.3843078613281,292.1291545148365,26634359375.0,13373154444.0,54638600.0
2020-07-09,12599.8515625,330.025390625,291.9156188964844,12747.66796875,333.9755554199219,294.4412592915748,12549.810546875,325.6708068847656,288.4799953308486,12745.1015625,333.563232421875,294.19982882375655,24445674056.0,11447053876.0,83354200.0
2020-07-10,12614.8642578125,327.6275329589844,294.896240234375,12626.642578125,330.02490234375,295.1655258873221,12419.740234375,322.59576416015625,290.4113858719339,12593.58984375,329.8244934082031,291.8506175159601,22921808506.0,9899278073.0,57550400.0
2020-07-11,12556.244140625,325.38775634765625,,12634.8828125,328.36505126953125,,12507.0224609375,324.0196533203125,,12613.1025390625,327.7088317871094,,18004640807.0,7668082022.0,
2020-07-12,12613.8037109375,329.2407531738281,,12663.693359375,330.62335205078125,,12496.8515625,323.09405517578125,,12557.2080078125,325.38970947265625,,19651729174.0,8969507085.0,
2020-07-13,12580.0966796875,326.0898742675781,292.3426513671875,12629.2568359375,331.6148681640625,299.6502846589127,12551.052734375,324.2437744140625,291.6833933731592,12614.7626953125,329.3089599609375,297.25465473958565,23843600753.0,10598740360.0,102997500.0
2020-07-14,12571.09375,326.696044921875,296.1312561035156,12638.4658203125,329.4271545410156,296.91122963979,12494.701171875,323.7492980957031,289.70571934718873,12573.4130859375,326.5948181152344,290.9128151763701,24596285149.0,10006401146.0,93657000.0
2020-07-15,12417.10546875,322.0474853515625,298.85186767578125,12616.5751953125,328.397705078125,299.9568372125493,12394.107421875,320.38995361328125,296.4562084826376,12569.3037109375,326.603759765625,299.37185000638834,21402065194.0,8360154940.0,87196500.0
2020-07-16,12394.2138671875,317.09625244140625,297.86749267578125,12451.3564453125,322.9705810546875,298.3224699464604,12300.1904296875,313.4559326171875,296.2889573095349,12415.9482421875,322.08447265625,296.93894912784816,21326918152.0,7915239370.0,54622500.0
2020-07-17,12428.27734375,316.1233215332031,298.7310791015625,12462.384765625,318.15399169921875,299.5203469107838,12349.181640625,315.35968017578125,296.8925523816369,12393.6494140625,317.164794921875,298.8796494933963,18937772921.0,7958116507.0,62774900.0
2020-07-18,12437.9765625,319.7870178222656,,12535.67578125,321.2267150878906,,12358.919921875,315.4971923828125,,12427.994140625,316.2354736328125,,16639032803.0,7329672075.0,
2020-07-19,12469.287109375,323.7348937988281,,12492.2783203125,324.6965026855469,,12354.5859375,316.79388427734375,,12436.572265625,319.75238037109375,,17564049329.0,8485932122.0,
2020-07-20,12395.2001953125,319.41204833984375,301.1453552246094,12528.9296875,325.33258056640625,301.8974734936187,12386.91796875,317.9129638671875,297.70973156508,12471.1923828125,323.744873046875,298.4618498340894,18605321210.0,7575280918.0,56308800.0
2020-07-21,12604.2080078125,329.4164123535156,301.7861022949219,12662.1005859375,330.82879638671875,303.568890952252,12371.1826171875,318.72149658203125,300.7925533884255,12392.8779296875,319.6140441894531,303.12320795637686,24293920504.0,9151364557.0,57292200.0
2020-07-22,12781.58984375,351.82000732421875,303.50384521484375,12788.193359375,352.7668151855469,303.81957507697444,12551.9892578125,326.5997314453125,301.3124952149974,12604.4677734375,329.44403076171875,301.42391594896776,22183773152.0,10335017132.0,57792900.0
2020-07-23,12843.0439453125,368.2096862792969,299.88250732421875,12833.322265625,370.8529052734375,303.8474076129059,12715.5234375,349.8375549316406,298.508280591799,12783.9765625,352.085693359375,303.1417052344792,24324522006.0,13781683813.0,75738000.0
2020-07-24,12796.078125,374.6358947753906,297.9511413574219,12910.1396484375,383.9405517578125,298.98181138159134,12717.91015625,361.1437072753906,296.4376104179371,12848.9990234375,368.2547912597656,298.0161462247771,22209594136.0,12701039155.0,73766600.0
2020-07-25,12982.283203125,407.90582275390625,,13019.099609375,411.5068664550781,,12785.208984375,374.3822326660156,,12799.556640625,374.3822326660156,,22283157610.0,14468592088.0,
2020-07-26,13288.4453125,415.40765380859375,,13447.388671875,424.4465026855469,,12949.728515625,402.82281494140625,,12986.470703125,407.4169921875,,27512854690.0,16104134080.0,
2020-07-27,14662.375,428.9158630371094,300.1239318847656,15132.3525390625,441.63494873046875,300.3003574759023,13270.78515625,415.4268493652344,297.8489882118405,13288.513671875,415.4268493652344,298.6475506249182,47171673941.0,20870221129.0,48293000.0
2020-07-28,14600.2333984375,423.65478515625,298.220458984375,14954.0576171875,434.97625732421875,300.51396356741037,14239.1884765625,412.0995178222656,297.923318133371,14697.84765625,429.33697509765625,299.3904050377224,38486682473.0,16532537808.0,57495000.0
2020-07-29,14809.4013671875,424.506103515625,301.8880615234375,15074.244140625,432.8731994628906,302.4544877998867,14523.107421875,418.8316650390625,299.0652813179003,14600.4072265625,423.51849365234375,299.10243099264267,32842463658.0,14513729149.0,48454200.0
2020-07-30,14902.1494140625,448.7412414550781,300.8110046386719,14991.455078125,454.44000244140625,301.2288606322121,14615.3486328125,422.2488708496094,296.79971745044656,14808.5537109375,424.4448547363281,298.8982069121053,30655706597.0,15863071822.0,61861700.0
2020-07-31,15186.41015625,463.43890380859375,303.1881408691406,15303.056640625,467.53839111328125,303.29029543227045,14749.482421875,442.15667724609375,298.36899581137703,14900.8037109375,448.8044128417969,302.61244819104195,31061548225.0,16134779696.0,84986800.0
2020-08-01,15771.3193359375,516.6087036132812,,15818.50390625,521.5015258789062,,15074.0439453125,460.8005676269531,,15185.208984375,463.76605224609375,,34971254848.0,18836729521.0,
2020-08-02,14809.8310546875,496.63262939453125,,16139.5322265625,551.5167846679688,,14776.91015625,478.9814147949219,,15770.2080078125,517.0783081054688,,36724501598.0,25335615755.0,
2020-08-03,15064.8779296875,517.4559326171875,305.29595947265625,15343.517578125,531.5116577148438,306.06663844812346,14763.2978515625,494.8922119140625,304.3117051970421,14796.640625,497.2518310546875,304.8595427023812,27154669667.0,17192460292.0,53077900.0
2020-08-04,14900.923828125,518.4330444335938,306.47515869140625,15253.8271484375,536.847900390625,306.47515869140625,14884.9931640625,513.9177856445312,304.432351034434,15064.6826171875,517.2700805664062,304.432351034434,28257237015.0,18731654071.0,41917900.0
2020-08-05,15582.9189453125,532.726806640625,308.378662109375,15640.1337890625,539.1613159179688,308.63868157199465,14838.56640625,513.6029663085938,307.5151231922137,14898.171875,518.2140502929688,307.7844088235645,32382554329.0,17079847265.0,42697700.0
2020-08-06,15690.24609375,526.0755004882812,310.4400329589844,15834.939453125,535.068359375,310.5607481856349,15384.3017578125,522.6627197265625,307.4687098320137,15586.6982421875,532.7178955078125,307.79370582601723,31168967107.0,15057366780.0,43679400.0
2020-08-07,15529.1513671875,507.9969177246094,310.6628723144531,15876.8017578125,531.386474609375,310.9507185943197,15280.1005859375,492.79443359375,308.5550599811598,15689.0751953125,526.4283447265625,309.4650430078732,30963757388.0,17068770746.0,57308300.0
2020-08-08,15733.025390625,527.3599853515625,,15794.623046875,527.3599853515625,,15471.1923828125,505.09014892578125,,15533.2744140625,508.04876708984375,,23520550857.0,12504534862.0,
2020-08-09,15633.2314453125,523.6907348632812,,15802.642578125,535.0560913085938,,15458.279296875,516.442138671875,,15710.64453125,529.1239624023438,,23417711747.0,12654504275.0,
2020-08-10,15862.41015625,528.680908203125,311.5914611816406,16110.857421875,534.1812744140625,311.7771529462985,15615.1787109375,523.5850219726562,309.16794703966593,15615.1787109375,523.5850219726562,311.11789475848155,34873621577.0,15605628515.0,44282100.0
2020-08-11,15187.80859375,506.30450439453125,309.0193786621094,15914.4775390625,531.1783447265625,313.42069573344673,14895.8349609375,493.37774658203125,308.28584943097746,15867.1328125,528.6904907226562,312.779998216801,35990897086.0,17026890867.0,69601100.0
2020-08-12,15342.7978515625,517.8626098632812,313.32781982421875,15543.234375,518.2442626953125,314.1077932100277,14994.0361328125,490.51171875,311.44287705762025,15179.91796875,505.87823486328125,311.47073223793814,33194861402.0,16433868404.0,53774400.0
2020-08-13,15581.5751953125,566.90380859375,312.76141357421875,15597.78515625,572.3297119140625,314.07995831387274,14843.8486328125,502.4881286621094,311.83286972111046,15347.39453125,517.6162109375,312.55713279305854,36391228285.0,24435581337.0,41816100.0
2020-08-14,15614.3486328125,580.3175659179688,312.7707824707031,16102.314453125,589.1388549804688,313.30935390227035,15495.498046875,560.1966552734375,311.6379575670009,15566.3984375,566.8185424804688,312.3715153197622,32157711558.0,19986944765.0,47260400.0
2020-08-15,15742.8154296875,574.9536743164062,,15872.1796875,586.097900390625,,15614.119140625,570.3361206054688,,15614.119140625,580.5366821289062,,30986145948.0,16473018079.0,
2020-08-16,15761.5810546875,574.8991088867188,,15834.6298828125,577.7075805664062,,15542.5029296875,549.661376953125,,15744.125,574.9478759765625,,27279229871.0,16127381679.0,
2020-08-17,16203.1376953125,567.9390869140625,313.7642822265625,16317.873046875,584.550537109375,314.1635493148908,15642.396484375,559.9125366210938,312.7800279294726,15765.36328125,575.1471557617188,313.7921374109363,37323494617.0,17489254430.0,35481000.0
2020-08-18,15775.91796875,557.3882446289062,314.4420471191406,16277.6435546875,571.7461547851562,314.8691692799468,15759.1494140625,553.3902587890625,312.55707623498836,16199.82421875,568.1220703125,314.1634670114722,34263017233.0,15759803012.0,38733900.0
2020-08-19,15535.9853515625,537.052490234375,313.1328125,15827.30859375,561.782958984375,315.3427227760281,15451.23828125,524.2901611328125,312.56638608909145,15775.4599609375,557.4794311523438,314.82274055379725,32375127124.0,17358172201.0,68054200.0
2020-08-20,15648.994140625,548.6327514648438,314.10784912109375,15690.3349609375,551.9924926757812,314.5906817781839,15485.7509765625,534.0902099609375,311.2665068752793,15540.234375,537.4424438476562,311.3964882942635,26579591364.0,13231052469.0,42207800.0
2020-08-21,15273.857421875,512.6992797851562,315.2220153808594,15668.349609375,551.3416137695312,315.44485679391227,15237.6123046875,510.4788513183594,313.4299045612122,15648.5400390625,548.2493896484375,313.77348952220746,31308540811.0,15523282540.0,55106600.0
2020-08-22,15391.564453125,521.5385131835938,,15401.5537109375,522.3704833984375,,15084.5458984375,504.3831787109375,,15264.6201171875,512.5737915039062,,26646686618.0,13349368291.0,
2020-08-23,15375.8564453125,515.8980102539062,,15437.3046875,522.4019165039062,,15178.2919921875,505.5611267089844,,15388.7587890625,521.1797485351562,,24361872144.0,10726073305.0,
2020-08-24,15563.072265625,539.464599609375,318.4162902832031,15530.5791015625,541.1830444335938,318.4905613278083,15320.8740234375,513.10498046875,315.1942417800255,15374.3291015625,516.2861938476562,317.67343815259494,27335788162.0,13652171232.0,48588700.0
2020-08-25,14964.7900390625,505.58038330078125,319.53045654296875,15572.5498046875,540.1682739257812,319.61402207633336,14761.583984375,494.0072326660156,317.8126450142829,15561.7421875,539.3687744140625,318.9826191551975,34628883594.0,16363435934.0,38463400.0
2020-08-26,15097.1689453125,507.8655700683594,322.7339782714844,15146.7421875,515.1820678710938,323.003235573334,14877.5751953125,499.14569091796875,319.5769349904524,14965.7900390625,505.5492858886719,320.124772436954,29524045764.0,13098355189.0,50790200.0
2020-08-27,14859.3544921875,502.1173095703125,323.4397277832031,15183.39453125,518.7843017578125,324.89754870341727,14678.8076171875,492.2109375,321.7683598728492,15093.5478515625,508.054443359375,323.6068872437704,30497699492.0,13723427879.0,58034100.0
2020-08-28,15119.2314453125,518.5463256835938,325.5289306640625,15123.3125,520.6985473632812,325.65894042083386,14854.66015625,500.55535888671875,323.2725756307853,14861.845703125,502.1133117675781,324.47040527953897,25944861249.0,11946943408.0,48588900.0
2020-08-29,15072.5556640625,523.8471069335938,,15175.7412109375,531.3067016601562,,15019.4111328125,514.8298950195312,,15117.3388671875,518.30126953125,,22903947365.0,11497694347.0,
2020-08-30,15319.2353515625,560.363037109375,,15334.1103515625,561.1524047851562,,15053.583984375,523.43701171875,,15074.9765625,523.4479370117188,,25847235358.0,14665788634.0,
2020-08-31,15230.271484375,567.2874145507812,324.34967041015625,15371.0361328125,572.0475463867188,326.19746372025384,15159.953125,548.8243408203125,324.117534433032,15321.58984375,560.51123046875,325.3153640093284,29057953268.0,16656602587.0,66099200.0
2020-09-01,15626.501953125,622.7531127929688,327.404541015625,15762.7451171875,636.478515625,327.5066672292479,15123.8232421875,563.150390625,324.28461919373416,15228.310546875,567.0197143554688,325.1853077897396,35653050576.0,24623829062.0,54908700.0
2020-09-02,14891.1826171875,574.0935668945312,332.1401672363281,15619.119140625,627.62451171875,333.11512700499287,14752.2919921875,554.5370483398438,328.175266613426,15619.119140625,622.6956176757812,329.32668032848017,36578664374.0,25690741036.0,69540000.0
2020-09-03,13462.5244140625,506.7806396484375,320.709716796875,14935.11328125,586.8871459960938,330.9144028219021,13377.8955078125,500.7274475097656,318.1097774780861,14882.2548828125,574.3538208007812,330.4408364749893,41953060228.0,25784811965.0,148011100.0
2020-09-04,13731.634765625,507.1613464355469,318.0912780761719,13964.4033203125,526.9581909179688,322.97539952840935,13392.87890625,487.5895690917969,310.94147899344426,13442.904296875,505.4662170410156,321.3968919628231,39143599633.0,21876828640.0,139156300.0
2020-09-05,13284.556640625,437.951904296875,,13822.759765625,514.9091796875,,12993.3916015625,413.8039245605469,,13732.5703125,506.8965148925781,,58674733823.0,39032455633.0,
2020-09-06,13442.8447265625,462.0653381347656,,13528.3798828125,470.02813720703125,,13137.3603515625,416.7660217285156,,13281.486328125,438.0491943359375,,48475568111.0,36147565644.0,
2020-09-07,13579.41015625,461.841796875,,13616.2041015625,468.1639709472656,,12985.994140625,427.1977844238281,,13443.689453125,462.1803894042969,,44135724006.0,28500432854.0,
2020-09-08,13413.7734375,446.973388671875,309.3999938964844,13804.9619140625,465.604248046875,318.1561812656811,13105.3876953125,435.49481201171875,309.0935869877387,13579.07421875,462.5342712402344,312.6498963796267,44261377878.0,23819988444.0,114465300.0
2020-09-09,13471.4013671875,461.8027038574219,315.5099182128906,13616.03515625,472.477294921875,317.98911438825974,13257.2109375,439.72601318359375,312.5571272760751,13417.26171875,447.26837158203125,313.42996074954317,31735098970.0,19134387782.0,91462300.0
2020-09-10,13668.7216796875,485.5172119140625,310.031494140625,13802.3095703125,495.6856994628906,318.05409760860255,13465.861328125,461.80499267578125,309.06580068183547,13471.3779296875,462.2226867675781,317.39483946374094,71760738434.0,41443690951.0,90569500.0
2020-09-11,13705.8056640625,493.755126953125,310.18939208984375,13750.3583984375,496.3404846191406,312.8914584058522,13363.4326171875,468.5810241699219,307.3480498476314,13676.4892578125,485.53912353515625,311.82363852240456,59563778219.0,35969658908.0,84680200.0
2020-09-12,13760.169921875,510.2105407714844,,13940.263671875,510.67877197265625,,13562.7919921875,484.72406005859375,,13717.595703125,493.6230773925781,,48427414393.0,17520021012.0,
2020-09-13,13609.859375,481.9327697753906,,13938.125,512.5517578125,,13472.8037109375,466.9317626953125,,13773.6484375,510.653564453125,,48127166566.0,19782351933.0,
2020-09-14,14073.92578125,497.1196594238281,314.27490234375,14225.96875,506.3573913574219,316.0577187703113,13538.1962890625,471.6792297363281,310.3378860035971,13616.421875,482.1036071777344,313.3742137938295,46716475850.0,23107752743.0,65605700.0
2020-09-15,14244.935546875,481.3498840332031,315.8627624511719,14386.7626953125,502.15380859375,317.5805458417575,14024.701171875,479.4508361816406,314.2842266287377,14069.8642578125,496.96832275390625,316.7448620744899,42891280378.0,21295047643.0,52920900.0
2020-09-16,14466.7021484375,482.1998596191406,314.6092224121094,14595.8642578125,490.7811279296875,318.5462391225636,14125.76953125,470.66534423828125,314.3306422652758,14246.005859375,481.2242431640625,317.1070075431028,40559826885.0,21232442283.0,82096000.0
2020-09-17,14398.1953125,511.57000732421875,311.8421630859375,14573.8994140625,518.7073364257812,313.56926938158966,14248.90625,481.0735778808594,309.19580744688415,14464.5244140625,482.2703552246094,309.7250842420767,50170584633.0,26168380859.0,91523300.0
2020-09-18,14452.4892578125,507.55914306640625,308.2519836425781,14523.759765625,515.0874633789062,312.7641218537304,14286.537109375,497.4354553222656,305.7535318848086,14401.9169921875,511.988525390625,312.652255125821,34784879245.0,18630298022.0,105877900.0
2020-09-19,14650.47265625,509.1248474121094,,14702.958984375,511.1478576660156,,14406.533203125,500.1183776855469,,14438.1845703125,507.1327819824219,,30060928139.0,14591261629.0,
2020-09-20,14436.8994140625,489.73480224609375,,14652.484375,509.1956481933594,,14280.8955078125,484.7609558105469,,14652.484375,509.1956481933594,,32599715870.0,16223879190.0,
2020-09-21,13916.69921875,454.6373291015625,304.8212585449219,14476.201171875,495.60089111328125,304.9704236593785,13812.3896484375,446.82452392578125,299.93622196039695,14432.4833984375,490.1932373046875,303.6372977899889,38422277179.0,23142844374.0,99450800.0
2020-09-22,14013.412109375,458.0996398925781,307.9257507324219,14061.3544921875,461.1285095214844,308.48511293858974,13834.7021484375,449.07659912109375,303.786510237261,13913.193359375,454.5545349121094,306.31295765255607,31410836114.0,16931018327.0,63612100.0
2020-09-23,13717.2255859375,429.8989562988281,300.7846374511719,14011.654296875,458.2933349609375,308.7647876041219,13647.26171875,426.8595886230469,300.2812086542762,14009.4658203125,458.2149658203125,308.4850922945836,31847404116.0,17269180851.0,93112200.0
2020-09-24,14365.6142578125,466.41973876953125,301.5863342285156,14385.822265625,469.4119567871094,304.662783135719,13693.314453125,426.33660888671875,298.1369582837882,13720.7060546875,429.72320556640625,299.46078098618597,62941802921.0,20979947897.0,76681300.0
2020-09-25,14312.2021484375,471.39727783203125,306.4620666503906,14394.6904296875,479.1063537597656,307.2544654760629,14179.3203125,452.8154296875,299.85234177697765,14367.0068359375,466.4942932128906,300.7286406506503,52668088996.0,19249084905.0,71069400.0
2020-09-26,14392.6923828125,475.9150085449219,,14422.513671875,476.4059143066406,,14280.982421875,466.03363037109375,,14316.02734375,471.62164306640625,,62724521291.0,17469743397.0,
2020-09-27,14418.9375,478.3066711425781,,14456.66015625,484.6120300292969,,14221.595703125,468.3456115722656,,14387.5634765625,475.2078857421875,,71920227273.0,18196347144.0,
2020-09-28,14306.53125,474.4411315917969,311.55224609375,14645.3134765625,490.2279968261719,312.27007668390667,14297.5224609375,473.6614685058594,309.65042605252273,14420.736328125,478.95892333984375,310.6479519592277,63803586051.0,19047214368.0,64584600.0
2020-09-29,14515.2265625,481.52447509765625,309.85552978515625,14534.9052734375,482.3038024902344,312.09295010347984,14273.8486328125,470.87493896484375,309.1563341575337,14306.529296875,473.3772277832031,311.34715281415293,62349140380.0,15526269717.0,51304000.0
2020-09-30,14353.619140625,479.059326171875,312.2047424316406,14514.66015625,480.6404724121094,315.374422542394,14300.7421875,473.2668762207031,310.33088966293144,14514.1953125,481.9007568359375,310.52665640806515,58789490541.0,15729979791.0,104081100.0
2020-10-01,14109.9384765625,469.30047607421875,314.20916748046875,14532.4267578125,491.2195129394531,315.7939936667757,13922.7255859375,460.3924560546875,312.3166793180605,14367.9443359375,479.553466796875,314.8151312708314,53178258000.0,19504451461.0,88698700.0
2020-10-02,14077.1513671875,460.8612976074219,311.2259521484375,14176.4169921875,470.955810546875,314.1812314984031,13879.8740234375,448.2987365722656,308.7554666384085,14110.4287109375,468.9599914550781,309.23092876593313,64770828238.0,18921395475.0,89431100.0
2020-10-03,14041.6845703125,461.23822021484375,,14107.7197265625,467.6081237792969,,13990.8388671875,458.7684326171875,,14075.9873046875,460.83428955078125,,59445054464.0,13390586468.0,
2020-10-04,14183.2890625,468.6903381347656,,14214.08984375,470.9339599609375,,14021.802734375,459.38665771484375,,14043.1640625,461.34490966796875,,94716412195.0,14219681564.0,
2020-10-05,14311.072265625,469.3172912597656,316.74493408203125,14311.2958984375,471.880615234375,316.9313691692186,14123.5361328125,464.4140625,313.2489561309269,14192.5234375,468.9001159667969,313.2955577901384,63030882821.0,15658426917.0,45713100.0
2020-10-06,14126.2880859375,454.0058898925781,312.2420959472656,14317.048828125,470.4836120605469,318.99168333486006,14017.8076171875,449.90435791015625,311.7293638988455,14315.0068359375,469.3169250488281,316.8847648697731,56779663874.0,17092095963.0,90128900.0
2020-10-07,14146.5517578125,453.22222900390625,317.6771240234375,14166.8076171875,454.6873779296875,318.48818617516315,14087.669921875,446.19781494140625,315.18797575920894,14124.888671875,454.1754150390625,315.21594243856725,50120305311.0,15818510641.0,56999600.0
2020-10-08,14400.3544921875,462.74298095703125,320.4925842285156,14453.408203125,464.97198486328125,320.55784930598804,13984.8583984375,444.396240234375,318.7026311556404,14147.0849609375,453.5351257324219,319.6255886004015,83527092786.0,17758245701.0,45242500.0
2020-10-09,14513.9677734375,479.56878662109375,323.3546447753906,14572.8115234375,483.155029296875,323.82077514743236,14299.6201171875,459.1720886230469,321.5274216830824,14416.4853515625,463.2004089355469,322.1520204494278,29907084515.0,17110009090.0,59528600.0
2020-10-10,14818.736328125,486.6408386230469,,15009.4921875,496.2165222167969,,14504.66015625,479.27691650390625,,14506.99609375,479.3221740722656,,30011675481.0,17864932013.0,
2020-10-11,14949.650390625,492.6346740722656,,14992.4892578125,494.87799072265625,,14808.5908203125,485.1459655761719,,14818.369140625,486.5895080566406,,26222701212.0,16525918936.0,
2020-10-12,15151.8544921875,508.40875244140625,328.556640625,15344.294921875,518.1019287109375,330.0389317643469,14762.7314453125,481.3922424316406,325.4149265324529,14960.7529296875,492.183837890625,325.90902357890184,34307247487.0,20806042250.0,80388500.0
2020-10-13,15015.10546875,500.933837890625,326.4123840332031,15160.953125,508.59442138671875,328.5938702601133,14871.95703125,493.3782653808594,325.44282511557634,15143.1435546875,507.6373291015625,328.4167384833257,31856353353.0,18695777967.0,73255500.0
2020-10-14,15031.9501953125,499.0928649902344,324.3614501953125,15151.4140625,508.5005187988281,328.09049289957363,14873.189453125,492.15240478515625,323.6249847454643,15019.2431640625,501.95977783203125,326.9904321298977,31700537580.0,18305899978.0,57727900.0
2020-10-15,15206.5654296875,499.29705810546875,323.96063232421875,15293.7138671875,501.6021423339844,324.44539770456635,14920.248046875,490.6668701171875,319.88665712589415,15028.130859375,498.7090759277344,320.42735587896095,32392813814.0,19795294059.0,60357700.0
2020-10-16,14936.7099609375,483.14764404296875,323.76483154296875,15263.462890625,502.66204833984375,326.9904456494241,14834.5224609375,479.2794494628906,323.58769973116574,15216.458984375,499.8614807128906,325.32169100417735,33819608008.0,19354432870.0,89501900.0
2020-10-17,14984.17578125,486.6131896972656,,15021.3251953125,487.8166198730469,,14888.1923828125,480.8521423339844,,14936.7099609375,482.8662414550781,,25237820007.0,14447258938.0,
2020-10-18,15137.2724609375,498.5582580566406,,15137.2724609375,499.134033203125,,14970.29296875,485.6543884277344,,14981.3798828125,486.44378662109375,,24100918697.0,14562202942.0,
2020-10-19,15487.8056640625,501.136962890625,318.84246826171875,15518.4853515625,504.29962158203125,325.6665944744201,15045.162109375,492.86468505859375,317.93817430951015,15152.6669921875,498.8956604003906,325.0326640719311,31472474839.0,16898092375.0,68425600.0
2020-10-20,15634.2314453125,484.3076171875,320.1197204589844,15738.4921875,502.1285705566406,323.38263328347693,15410.2666015625,482.6142578125,319.4298565659154,15493.0,500.8521728515625,320.19428880539374,40561557929.0,18028961595.0,60051900.0
2020-10-21,16869.498046875,515.9239501953125,319.51373291015625,17335.79296875,526.7667236328125,322.25458175533123,15610.8642578125,483.6733703613281,319.2060709344901,15629.9580078125,484.2059631347656,320.07306659256756,57111837386.0,26627360939.0,63575000.0
2020-10-22,17032.642578125,543.5529174804688,321.266357421875,17286.568359375,551.8182373046875,321.85368623549795,16747.369140625,514.7838745117188,317.5746128866816,16840.48828125,515.0013427734375,319.7281329030727,45622748696.0,20719999785.0,55399300.0
2020-10-23,16973.615234375,537.8494873046875,322.3571472167969,17085.765625,549.93603515625,322.55291402412485,16768.583984375,530.0166015625,319.8866617184212,17040.07421875,543.9185180664062,322.49698065060255,38031827814.0,18712360660.0,49143900.0
2020-10-24,17205.314453125,541.3815307617188,,17253.88671875,546.8182983398438,,16913.509765625,535.3359985351562,,16973.66015625,537.8502197265625,,32213632970.0,16015697823.0,
2020-10-25,17133.712890625,534.1052856445312,,17495.5546875,547.552734375,,16953.814453125,533.2083740234375,,17205.31640625,541.381591796875,,32090829345.0,14318717035.0,
2020-10-26,17267.447265625,520.1771850585938,316.39996337890625,17462.484375,540.8577270507812,319.7467757800183,16947.869140625,507.35333251953125,312.88532243444337,17133.75,534.1055908203125,318.95434851811797,38907420539.0,20014914862.0,91473000.0
2020-10-27,18012.412109375,532.946044921875,315.3092041015625,18160.69921875,538.7140502929688,317.0804936797545,17247.685546875,515.2066650390625,315.09477390591474,17267.439453125,520.177001953125,316.7448934956148,44522265515.0,18389983680.0,65994100.0
2020-10-28,17666.005859375,517.3505249023438,304.53228759765625,18250.978515625,539.3917846679688,315.3371858357557,17215.994140625,507.43115234375,304.03819055830706,18012.408203125,532.9461059570312,309.60378814699163,47744602210.0,20335158234.0,127094300.0
2020-10-29,17893.388671875,514.9555053710938,307.6274108886719,18179.5703125,525.0702514648438,310.8157267045001,17343.203125,509.7704772949219,303.06864218928894,17666.0234375,517.3509521484375,304.76536357333373,75232643184.0,17204430113.0,90597700.0
2020-10-30,18045.322265625,509.9544982910156,304.4204406738281,18191.90234375,521.1366577148438,307.3570564176711,17525.66015625,499.9137878417969,300.7473309534802,17893.375,514.9556884765625,306.0425653141652,40737596436.0,18233860689.0,120287300.0
2020-10-31,18357.662109375,514.9769897460938,,18686.984375,523.52880859375,,17926.775390625,507.9234313964844,,18045.3359375,509.9545593261719,,40371241652.0,15022042980.0,
2020-11-01,18364.880859375,529.8837280273438,,18465.615234375,528.9805297851562,,18154.36328125,513.0789794921875,,18357.6640625,514.9769897460938,,32691898003.0,14004023684.0,
2020-11-02,17915.12890625,506.5722961425781,307.8325500488281,18440.32421875,538.5078735351562,309.8462084877659,17608.568359375,506.4810485839844,305.0730373948067,18364.77734375,529.8807983398438,307.8325500488281,40683002817.0,18506220914.0,86068300.0
2020-11-03,18279.595703125,507.88946533203125,313.267578125,18325.234375,510.4018859863281,315.33719812431735,17616.900390625,491.1539306640625,307.9164105336659,17915.078125,506.5713806152344,311.0860913879369,39139702792.0,16495170461.0,93294200.0
2020-11-04,18553.1484375,527.886962890625,320.2688293457031,18650.61328125,534.73095703125,324.37077048590373,18033.033203125,501.5540771484375,316.5863884247595,18279.83984375,507.8908386230469,317.77034919955645,46096830889.0,19855820652.0,126959700.0
2020-11-05,20383.97265625,541.7470703125,326.5150146484375,20521.98828125,545.698486328125,328.33293459503574,18506.03125,521.8217163085938,325.22849018781005,18553.18359375,527.88818359375,325.58275384512393,53454572436.0,20201931490.0,82039700.0
2020-11-06,20332.16796875,593.9547729492188,326.4403991699219,20805.1484375,595.8897094726562,327.69895676274945,19847.302734375,539.7137451171875,324.10041578734894,20383.81640625,541.7462768554688,326.2259689739967,52036229021.0,21863591527.0,74973000.0
2020-11-07,19375.865234375,569.12890625,,20555.810546875,608.2657470703125,,18839.6015625,559.650146484375,,20332.16796875,593.9590454101562,,45749629555.0,24652309995.0,
2020-11-08,20159.365234375,590.6739501953125,,20368.470703125,596.2842407226562,,19258.771484375,565.785888671875,,19375.865234375,569.1363525390625,,34683510584.0,14706308304.0,
2020-11-09,19945.732421875,577.8095092773438,330.5423583984375,20531.96484375,593.9439086914062,339.69716549113775,19289.8828125,564.7439575195312,330.07622803873187,20159.40234375,590.6991577148438,339.3149351821384,44424413694.0,17827882186.0,172304200.0
2020-11-10,19926.416015625,586.0022583007812,330.05755615234375,20108.078125,590.0079345703125,331.1203184594353,19684.666015625,572.32421875,326.7666773188922,19945.77734375,577.8138427734375,329.54479574381185,33328108516.0,15755641320.0,85552000.0
2020-11-11,20504.458984375,604.5824584960938,332.509521484375,20786.22265625,618.5792236328125,333.3392189255385,19922.34375,585.751220703125,331.0085665790682,19926.423828125,586.0023193359375,332.25779282273476,38879893288.0,18381139822.0,58649000.0
2020-11-12,21384.4296875,605.6848754882812,329.2837219238281,21424.140625,611.1459350585938,332.55596536986604,20296.0234375,594.2120971679688,327.4658310262879,20504.404296875,604.5811767578125,331.4931747479509,44901307464.0,16918683226.0,67546200.0
2020-11-13,21423.16015625,623.122802734375,333.8426208496094,21663.5,623.8984985351562,334.5884181601383,21059.314453125,601.9705200195312,330.6822428667456,21384.556640625,605.6851196289062,331.2043066741846,41486025288.0,17318732121.0,62892200.0
2020-11-14,21095.376953125,604.116943359375,,21423.16015625,623.8251953125,,20676.642578125,594.7118530273438,,21423.16015625,623.122802734375,,36079912785.0,13538365253.0,
2020-11-15,20937.958984375,587.316162109375,,21167.548828125,605.2252807617188,,20750.255859375,578.3823852539062,,21095.37890625,604.1170043945312,,31040142543.0,13527637504.0,
2020-11-16,21858.822265625,601.4409790039062,338.00982666015625,22017.8125,607.3046264648438,338.20559347455685,20839.931640625,584.6563110351562,335.2316790566966,20937.9453125,587.3159790039062,336.5275353075786,41225976443.0,14961136759.0,74541100.0
2020-11-17,23126.068359375,629.5599365234375,336.1918029785156,23290.486328125,631.3191528320312,337.40375879251815,21651.43359375,602.27880859375,334.0662500120154,21819.04296875,607.2813720703125,335.5858392966818,51122376522.0,19125661653.0,66111000.0
2020-11-18,23303.57421875,627.5942993164062,332.1458435058594,24084.798828125,644.052490234375,337.0122455337377,22687.294921875,609.935791015625,332.1085451114896,23125.787109375,629.5425415039062,336.4622151307247,64220671760.0,23403303363.0,70591300.0
2020-11-19,23320.166015625,617.300537109375,333.5442810058594,23724.6484375,628.5153198242188,333.9171796504589,22793.986328125,610.6845092773438,330.1601696166916,23303.384765625,627.59033203125,331.51195921000055,48408444478.0,16326689366.0,59940900.0
2020-11-20,24380.234375,667.3907470703125,331.26025390625,24518.1171875,671.9307250976562,333.4883711189808,23236.150390625,617.3018798828125,331.1856855522155,23320.15625,617.3018798828125,333.2832725824547,48433475099.0,24391532710.0,70417300.0
2020-11-21,24407.623046875,719.423583984375,,24793.0546875,720.3934326171875,,24148.552734375,660.1808471679688,,24380.236328125,667.3907470703125,,51912633122.0,27176543463.0,
2020-11-22,24036.96484375,730.2265014648438,,24468.8125,758.3516235351562,,23136.525390625,673.6393432617188,,24407.623046875,719.423583984375,,54015035380.0,28743664732.0,
2020-11-23,24010.26171875,795.5262451171875,333.24591064453125,24416.9140625,798.0516357421875,334.5138000241452,23533.57421875,720.7037353515625,330.8313587818934,24036.984375,730.21533203125,333.0781105421872,55882080993.0,35657308751.0,63230600.0
2020-11-24,24836.837890625,784.9765014648438,338.61572265625,25214.10546875,809.0845947265625,339.1657530390702,23649.466796875,775.75537109375,334.9519450408349,24011.4296875,795.6161499023438,335.8096089274794,66902714077.0,30262793266.0,62415900.0
2020-11-25,24356.40234375,742.0341186523438,338.09368896484375,25244.7109375,786.480224609375,338.5598193425402,24163.8515625,727.8246459960938,336.9936281015618,24832.8671875,784.9821166992188,338.53185265789205,56834304752.0,26120022707.0,45330900.0
2020-11-26,22332.255859375,675.5440063476562,,24538.076171875,748.6534423828125,,21272.287109375,631.619873046875,,24353.4375,741.8108520507812,,79946354734.0,40501301980.0,
2020-11-27,22226.46484375,672.3045043945312,339.03521728515625,22719.75390625,691.2061157226562,339.51065083422134,21455.1640625,645.5372924804688,338.0190282177452,22336.5390625,675.9436645507812,339.19368565139956,50519583951.0,21866215130.0,28514100.0
2020-11-28,23017.66796875,699.2439575195312,,23195.03515625,711.9952392578125,,21969.55859375,660.1336059570312,,22232.353515625,672.439208984375,,42353805074.0,19188836127.0,
2020-11-29,23600.826171875,747.538330078125,,23771.3671875,748.34228515625,,22812.015625,691.13427734375,,23020.552734375,699.2891235351562,,40422929655.0,19498069269.0,
2020-11-30,25498.35546875,798.8181762695312,337.5343017578125,25539.689453125,799.2958984375,338.5224958091231,23601.916015625,741.6102294921875,334.8400831689641,23601.916015625,747.537109375,338.2521322440398,62009987218.0,26344193333.0,83872700.0
2020-12-01,24319.798828125,759.6450805664062,341.22607421875,25747.275390625,824.0287475585938,342.77363049931466,23775.0,741.8198852539062,340.20991340115773,25508.666015625,799.1141357421875,340.8065739456196,64196174178.0,35153272639.0,74231400.0
2020-12-02,24803.392578125,772.93359375,341.9439392089844,24989.98046875,780.4224243164062,342.10240760927593,23745.8359375,748.6929321289062,339.529387204614,24318.17578125,759.5641479492188,340.10738433573124,48296305533.0,21809330274.0,45927000.0
2020-12-03,25023.0390625,793.60302734375,341.8507080078125,25198.3203125,801.6256713867188,343.24909917909525,24462.5234375,760.5223999023438,340.7413154025675,24809.638671875,773.0716552734375,341.84137629589475,41089081929.0,20777499773.0,62882000.0
2020-12-04,23905.966796875,727.8681030273438,344.7967224121094,25098.61328125,796.232666015625,344.7967224121094,23907.166015625,727.914306640625,342.3448715305177,25025.056640625,793.62109375,342.4381033167671,43302799617.0,20886138428.0,50749900.0
2020-12-05,24486.9609375,762.693603515625,,24494.91015625,762.693603515625,,23765.888671875,719.8811645507812,,23904.203125,727.8597412109375,,34827026978.0,17255991688.0,
2020-12-06,24726.681640625,769.3522338867188,,24784.587890625,775.7288818359375,,24159.255859375,747.1177978515625,,24486.896484375,762.6593627929688,,32330175298.0,14431872672.0,
2020-12-07,24572.388671875,757.7785034179688,344.088134765625,24811.228515625,770.782958984375,344.58223185090435,24245.91015625,749.7830810546875,342.81094202350715,24724.13671875,769.209228515625,344.02286968163634,34437289562.0,13726182209.0,48944300.0
2020-12-08,23481.021484375,711.086669921875,345.0949401855469,24658.361328125,760.57421875,345.66360553059275,23413.57421875,708.0639038085938,342.76428854125237,24572.2578125,757.85205078125,342.81089019400326,40617946500.0,18454158963.0,42458900.0
2020-12-09,23800.703125,735.6510009765625,341.9999084472656,23894.646484375,740.1039428710938,345.9153870607997,22947.404296875,681.778564453125,341.1608793479615,23480.6875,711.0420532226562,345.75691864388864,44153972690.0,20339746857.0,74098300.0
2020-12-10,23272.466796875,713.1182861328125,341.8879699707031,23799.9140625,736.9689331054688,342.9414006425205,22837.884765625,699.2181396484375,339.74375333303715,23799.9140625,735.6829223632812,340.62008064967955,32551057406.0,14872702114.0,57735400.0
2020-12-11,23059.6484375,696.9357299804688,341.487060546875,23275.361328125,713.9613647460938,341.89725750389533,22506.591796875,686.9822998046875,338.65300868970854,23271.11328125,713.1192016601562,340.18190134287244,35650952530.0,14172226425.0,57698600.0
2020-12-12,24014.90234375,726.1400756835938,,24162.916015625,732.2347412109375,,23047.3203125,696.231201171875,,23049.96484375,696.6563720703125,,27781091045.0,10899825273.0,
2020-12-13,24409.37109375,751.9078979492188,,24752.935546875,758.341796875,,23926.365234375,721.02978515625,,24018.873046875,726.1943969726562,,32453114181.0,11566074190.0,
2020-12-14,24561.123046875,747.823486328125,339.9582214355469,24629.3515625,753.3845825195312,344.75002707857266,24264.837890625,734.2919921875,339.7810896102844,24412.060546875,752.0599365234375,343.66862960375323,28679630291.0,10369583871.0,69216200.0
2020-12-15,24658.501953125,748.4456787109375,344.5542297363281,24780.1640625,760.6033935546875,344.5542297363281,24357.650390625,741.2405395507812,341.13284888921686,24561.4765625,747.8370361328125,342.5125765211541,33960686567.0,11844271291.0,63865300.0
2020-12-16,27166.025390625,810.9829711914062,345.0949401855469,27343.26171875,811.2166748046875,346.0178691325795,24516.099609375,740.6034545898438,343.8829842603113,24660.71484375,748.4749755859375,344.7686432652782,56611097927.0,20163290439.0,58420500.0
2020-12-17,29036.466796875,818.527099609375,347.02471923828125,30071.216796875,856.9149780273438,347.2298177334712,27062.5546875,800.2407836914062,345.9153267120729,27163.162109375,810.9476928710938,346.7450524040855,90882168158.0,32441584991.0,64119500.0
2020-12-18,29589.865234375,837.4029541015625,345.63909912109375,29604.58203125,845.2760620117188,347.48348251320584,28589.08203125,805.2833251953125,343.61682886083776,29038.548828125,818.5883178710938,347.31496713442135,51649859211.0,20149870567.0,136542300.0
2020-12-19,30525.814453125,843.1398315429688,,30802.076171875,855.2526245117188,,29191.51953125,826.9219360351562,,29583.349609375,837.1629028320312,,49219606506.0,16408724353.0,
2020-12-20,30075.87109375,817.6901245117188,,30972.38671875,843.9401245117188,,29602.333984375,800.0247802734375,,30515.5,842.9954833984375,,48480802951.0,17135300124.0,
2020-12-21,29308.001953125,783.777587890625,344.4033203125,30908.416015625,830.986328125,354.327414921199,28541.3984375,774.5647583007812,338.9450839921058,30072.232421875,817.7213134765625,341.69761659382243,58932888435.0,18532870468.0,96386700.0
2020-12-22,30662.86328125,818.5016479492188,343.82281494140625,30671.7265625,818.8417358398438,344.84330731460943,28883.396484375,759.1531372070312,342.6899789779958,29296.380859375,783.2669067382812,344.7309637244021,56949381724.0,19011507433.0,47949000.0
2020-12-23,29851.392578125,749.728271484375,344.1318054199219,30946.13671875,822.490478515625,346.0510751813986,29302.5390625,720.0960693359375,343.8041175511873,30661.505859375,818.4634399414062,344.79652407596075,65692590665.0,19601896259.0,46201400.0
2020-12-24,30529.53515625,786.6583251953125,345.4706115722656,30595.912109375,789.930419921875,345.4986974709922,29249.96484375,730.5701293945312,344.01945918536467,29849.92578125,750.2691040039062,344.6092630586231,52838689354.0,18415272266.0,26457900.0
2020-12-25,31754.68359375,806.4724731445312,,31813.01953125,813.7561645507812,,30170.296875,778.276123046875,,30526.47265625,786.5906982421875,,54160956231.0,17407518367.0,
2020-12-26,34036.36328125,818.6068115234375,,34398.1796875,837.7713012695312,,31571.736328125,794.8743286132812,,31770.423828125,806.5848999023438,,62225866761.0,19004210642.0,
2020-12-27,33737.04296875,876.6015625,,36420.46875,915.8836059570312,,33309.8515625,808.9498291015625,,34039.37109375,818.6729125976562,,85368828343.0,33507513984.0,
2020-12-28,34786.046875,938.0770874023438,348.43841552734375,35146.53125,958.9556274414062,348.8316180275012,33659.1015625,877.3250732421875,347.40855183615247,33747.9921875,877.3250732421875,348.0358129674166,63005439053.0,31109961795.0,39000400.0
2020-12-29,35085.89453125,938.0026245117188,347.7737121582031,35090.6328125,947.6185913085938,350.1517561492149,33332.53125,887.7833862304688,347.1838797622155,34782.19921875,938.0274047851562,349.97386928148484,58042939241.0,23992054193.0,53680500.0
2020-12-30,36777.83984375,958.4607543945312,348.2699279785156,36903.19921875,962.424560546875,349.309163326104,35082.88671875,921.1317749023438,347.87672541470425,35082.88671875,937.9420166015625,348.59761582943503,65401490499.0,22053954559.0,49455300.0
2020-12-31,36919.1875,939.2237548828125,350.0393981933594,37299.79296875,962.0697021484375,350.76966004136113,35876.4609375,925.4672241210938,347.55838220794396,36778.62890625,958.4705200195312,348.07329981131994,59519070252.0,17728876054.0,78520700.0
2021-01-01,37393.08984375,929.7528076171875,,37681.74609375,953.7339477539062,,36666.96484375,915.690185546875,,36909.375,939.102783203125,,51849388517.0,17378905984.0,
2021-01-02,40898.171875,985.9868774414062,,42206.6328125,1001.598388671875,,37033.21875,914.156982421875,,37396.0234375,929.7974853515625,,86393019962.0,25130100415.0,
2021-01-03,41711.19140625,1241.2164306640625,,44056.8671875,1280.6304931640625,,40802.76171875,982.2018432617188,,40900.89453125,985.9574584960938,,100092071966.0,57512165580.0,
2021-01-04,40865.0625,1329.5791015625,345.27398681640625,42467.90625,1464.714111328125,351.50931305450376,36399.62890625,1156.1417236328125,341.5571340888975,41747.9921875,1243.1900634765625,351.3782264882775,103739501829.0,72785796433.0,110210800.0
2021-01-05,43089.9921875,1394.40625,347.65203857421875,43642.4140625,1443.0714111328125,348.74744580773046,38539.41796875,1258.2830810546875,344.5811897244677,40871.61328125,1331.1968994140625,344.62801860513036,85625353050.0,52652402151.0,66426200.0
2021-01-06,46641.22265625,1528.9114990234375,349.7304992675781,46711.30859375,1531.84521484375,352.941806356625,42464.9609375,1350.01513671875,345.58298594705474,43116.84765625,1395.6724853515625,346.13536105228667,95360542812.0,56616285512.0,107997700.0
2021-01-07,49945.90625,1554.88916015625,354.9266357421875,51054.82421875,1629.6982421875,355.675612190148,46275.97265625,1480.4825439453125,351.94004429848144,46653.26953125,1530.1351318359375,352.1179312049056,107528828302.0,51337537067.0,68766800.0
2021-01-08,51769.02734375,1553.411865234375,356.9488525390625,53271.73046875,1616.024658203125,357.1641682352384,46712.90234375,1364.5155029296875,353.0541127402017,49959.51171875,1555.2567138671875,356.32156271560956,111801657940.0,56257481258.0,71677200.0
2021-01-09,51079.3984375,1625.57177734375,,52579.0,1654.4959716796875,,49463.22265625,1500.1947021484375,,51757.64453125,1552.8323974609375,,78652324066.0,42169819723.0,
2021-01-10,48817.73828125,1606.510498046875,,52558.49609375,1710.39697265625,,45680.50390625,1516.625732421875,,51078.98046875,1625.31005859375,,101794616835.0,51694761120.0,
2021-01-11,45432.59765625,1392.5440673828125,354.5426940917969,48805.125,1605.716796875,356.3121626841168,39024.97265625,1182.0548095703125,353.634545358418,48805.125,1605.716796875,353.7562604316976,157528829551.0,77580714210.0,51034700.0
2021-01-12,43108.24609375,1325.96435546875,354.6175537109375,46613.71875,1466.2581787109375,355.63804595189674,41735.20703125,1292.677001953125,352.3612249946179,45368.3515625,1390.476318359375,354.7299258581977,95019563596.0,47646977497.0,52547700.0
2021-01-13,47383.3046875,1435.7823486328125,355.5726013183594,47769.20703125,1440.815185546875,356.5743507797134,41439.484375,1264.651611328125,353.7563036298087,43098.28125,1326.3536376953125,354.54273738594145,88076935594.0,38232601927.0,45303600.0
2021-01-14,49563.34765625,1541.074951171875,354.3273620605469,50571.69140625,1573.5738525390625,356.8271211787512,46788.234375,1387.2525634765625,353.99033129671585,47394.4140625,1435.136962890625,356.32154646139026,80460231874.0,42257458249.0,49989100.0
2021-01-15,46905.53515625,1492.5997314453125,351.74334716796875,50045.81640625,1581.2584228515625,353.5034441983972,44171.77734375,1391.105712890625,349.87087798649776,49524.62109375,1545.40576171875,352.6982961647385,86308842375.0,45818629658.0,107160000.0
2021-01-16,46081.14453125,1571.192626953125,,48228.9453125,1643.1787109375,,45387.4921875,1474.4990234375,,46900.80078125,1492.1009521484375,,73502044976.0,41165953446.0,
2021-01-17,45711.0078125,1571.1207275390625,,46767.015625,1611.7479248046875,,43282.6875,1491.978515625,,46062.6875,1571.0853271484375,,66871649765.0,37367042905.0,
2021-01-18,46701.33203125,1602.962158203125,,47679.4921875,1606.05712890625,,44586.64453125,1516.4930419921875,,45712.234375,1571.30078125,,63124697454.0,32915835879.0,
2021-01-19,45888.9453125,1752.2315673828125,354.5052185058594,48073.70703125,1823.7147216796875,355.04825056313285,45888.9453125,1597.716552734375,352.7263785156569,46716.83203125,1603.159912109375,354.2149880713764,72827553846.0,60043895843.0,51233300.0
2021-01-20,44892.29296875,1745.6365966796875,359.4111633300781,46274.6875,1788.1627197265625,360.25376887068234,42417.20703125,1579.5877685546875,356.4152007728003,45863.890625,1749.6268310546875,356.80840335832795,84403577912.0,59082289466.0,61836100.0
2021-01-21,38992.07421875,1418.6986083984375,359.7388000488281,44877.08203125,1746.15478515625,360.4035472353348,38235.890625,1388.5035400390625,358.81193686949877,44894.375,1746.15478515625,359.972858716062,95682504823.0,58100939249.0,47840100.0
2021-01-22,42028.71484375,1574.543701171875,358.465576171875,43016.28125,1618.203369140625,359.6358696437213,36645.4453125,1324.64697265625,357.49188400324584,38981.859375,1415.3062744140625,357.8757436906056,98313810634.0,55924514296.0,52860500.0
2021-01-23,40834.1328125,1567.5126953125,,42481.03515625,1619.9254150390625,,40102.6015625,1529.1875,,42003.23828125,1572.959228515625,,61573714469.0,34704429108.0,
2021-01-24,41094.109375,1771.0762939453125,,41950.078125,1775.1717529296875,,39630.6953125,1560.2332763671875,,40829.9765625,1567.7928466796875,,61908127615.0,46348741228.0,
2021-01-25,41229.37890625,1687.083251953125,359.8791809082031,44272.91796875,1866.442626953125,360.23492600593084,40894.73046875,1663.1424560546875,354.3272887979342,41089.5546875,1769.84228515625,359.20509094830516,76298845055.0,55495525362.0,70402000.0
2021-01-26,41341.234375,1722.5274658203125,359.3175354003906,41623.234375,1753.2906494140625,361.2461766604668,39430.96484375,1592.462890625,359.0834767176473,41219.46875,1686.225830078125,360.8342310931091,76482809027.0,52768920230.0,42665300.0
2021-01-27,39009.80859375,1606.3916015625,350.5355224609375,41333.84765625,1736.2637939453125,356.0686711513586,37628.26171875,1557.52587890625,348.2885656323843,41333.84765625,1724.1461181640625,355.9750419977509,80213709506.0,50497536446.0,123351100.0
2021-01-28,42939.41015625,1709.6834716796875,353.5503234863281,43411.43359375,1739.6016845703125,357.57612137191495,38501.8515625,1572.4490966796875,351.9212842090672,39020.6953125,1603.94677734375,352.36128710070847,98177022573.0,44442066116.0,94198100.0
2021-01-29,43844.33203125,1766.3802490234375,346.472412109375,49034.34765625,1822.031005859375,352.65156737557913,41269.4375,1662.9578857421875,344.7871723613458,44033.328125,1756.6368408203125,351.6778752037146,150628000568.0,68497314636.0,126765100.0
2021-01-30,43794.734375,1758.6068115234375,,44506.56640625,1791.776123046875,,42086.03125,1697.3951416015625,,43818.203125,1766.0086669921875,,83248000113.0,39126451043.0,
2021-01-31,42390.84765625,1683.35986328125,,43818.7734375,1762.185791015625,,41242.8984375,1646.7694091796875,,43796.46875,1759.51171875,,67532936483.0,32257934429.0,
2021-02-01,43093.59375,1759.1485595703125,352.2395935058594,44329.984375,1764.6129150390625,353.27880031449973,41421.046875,1629.96728515625,346.76261476483063,42391.12890625,1683.1922607421875,349.88963525233873,78896444828.0,37534251599.0,75817600.0
2021-02-02,45408.60546875,1937.5465087890625,357.22027587890625,45982.5078125,1972.2509765625,358.78380012595835,43037.96484375,1748.210693359375,352.32378754013087,43088.484375,1759.74560546875,355.4414359743466,80674213180.0,58102519171.0,64450700.0
2021-02-03,47908.06640625,2123.472900390625,357.50115966796875,47901.06640625,2123.472900390625,359.2331992563624,45314.421875,1927.5885009765625,356.2185229380869,45409.28515625,1937.0040283203125,358.0535346100254,78201777016.0,53536633142.0,52427100.0
2021-02-04,47359.33984375,2045.35498046875,361.564453125,49334.30859375,2159.893798828125,361.6112534277355,46619.609375,2003.8814697265625,357.61354185359323,47911.921875,2123.80615234375,358.54040499201744,88287928121.0,56940985989.0,47142600.0
2021-02-05,48683.76953125,2193.522705078125,362.9874572753906,48924.76171875,2244.497802734375,363.6990046133721,46981.02734375,2045.3941650390625,361.5175908763199,47366.37109375,2045.3941650390625,363.44623159300903,74789005140.0,51190843038.0,48669800.0
2021-02-06,50115.40625,2141.4443359375,,52132.65234375,2218.619384765625,,48676.21484375,2104.714599609375,,48676.21484375,2192.43359375,,91033773381.0,50890646140.0,
2021-02-07,49642.26953125,2059.816162109375,,50536.265625,2157.002197265625,,47761.2578125,1915.429931640625,,50095.21484375,2141.136474609375,,83581307123.0,50900441431.0,
2021-02-08,58850.13671875,2225.03271484375,365.60906982421875,58859.6484375,2259.210205078125,365.65587013671484,48601.0,2006.2757568359375,363.5867991782123,49621.0703125,2059.06884765625,364.4481192151514,129260109653.0,61163331202.0,38365200.0
2021-02-09,59023.47265625,2245.1181640625,365.3656311035156,61124.00390625,2310.53955078125,365.96483509055435,57497.1796875,2179.2490234375,364.3545100899111,58835.5234375,2225.4267578125,364.7664271164769,116583632350.0,56102366683.0,35551100.0
2021-02-10,57035.0,2214.75830078125,365.2064208984375,59886.609375,2318.343017578125,367.26614867663744,55743.765625,2142.473876953125,362.7909479327446,59009.0703125,2245.1240234375,367.11634769534874,110850820799.0,53223074191.0,59154400.0
2021-02-11,60845.80859375,2265.458984375,365.7961730957031,61538.18359375,2287.2861328125,366.71369319048114,56164.9453125,2171.8203125,363.3526147677427,57010.2734375,2214.08642578125,366.29237623729716,103365545777.0,45748019412.0,42913300.0
2021-02-12,60319.28515625,2340.825439453125,367.60321044921875,61926.87109375,2363.4580078125,367.84661204525264,59115.98828125,2219.350341796875,364.91619282989626,60804.79296875,2265.06689453125,364.991107606842,97205763558.0,48129920560.0,50593300.0
2021-02-13,59816.94140625,2303.6474609375,,61013.4296875,2376.65576171875,,58911.23828125,2248.411865234375,,60301.953125,2341.402099609375,,89207541748.0,44901249055.0,
2021-02-14,61818.5859375,2290.516357421875,,62841.87890625,2346.87841796875,,59828.359375,2272.922607421875,,59828.359375,2303.980712890625,,90409225214.0,39893878874.0,
2021-02-15,60583.375,2248.94384765625,,62015.5234375,2317.916015625,,58749.4140625,2134.558837890625,,61792.25390625,2289.99951171875,,97385529641.0,49224309912.0,
2021-02-16,62545.23828125,2264.178466796875,367.2848205566406,63618.46875,2301.183349609375,369.03560325119344,59591.55078125,2194.763427734375,366.5639302035512,60582.6171875,2247.875732421875,368.8389734144862,97949128144.0,43564867143.0,50972400.0
2021-02-17,66229.1328125,2347.538330078125,367.3691101074219,66718.6484375,2354.207763671875,367.6218831648104,62404.3125,2204.322509765625,364.5042059322884,62554.65234375,2264.537841796875,365.5247267940273,102641931022.0,45663302222.0,52290600.0
2021-02-18,65537.265625,2456.958740234375,365.80560302734375,66615.984375,2471.2373046875,366.5545793175443,64744.515625,2347.21826171875,363.01561348886065,66218.9296875,2347.21826171875,364.7476533030153,66012729214.0,35832469046.0,59712800.0
2021-02-19,70533.6171875,2473.825927734375,365.1595764160156,70822.71875,2485.73193359375,367.35973341937574,64735.265625,2409.072021484375,364.7101735265169,65532.4296875,2458.747802734375,367.06950298187,80134491885.0,33152557028.0,83241000.0
2021-02-20,70772.3515625,2421.588134765625,,72546.8671875,2568.91796875,,68915.2265625,2309.34375,,70532.609375,2473.49560546875,,85968905096.0,43770853730.0,
2021-02-21,72505.5625,2439.033447265625,,73588.1015625,2490.666748046875,,70233.78125,2384.7939453125,,70733.3046875,2420.502197265625,,65395680020.0,29771600140.0,
2021-02-22,68363.2890625,2247.3515625,362.3509521484375,72516.4609375,2440.10791015625,364.77579684279107,61916.44921875,1998.604248046875,362.0794360573979,72496.484375,2438.97900390625,362.3790380494679,116091449639.0,53484713050.0,67414200.0
2021-02-23,61493.78125,1977.6529541015625,362.79095458984375,68360.2734375,2246.614990234375,364.1485063646974,57144.0,1739.4560546875,355.9564525513784,68360.2734375,2246.614990234375,360.1320514093147,133634816482.0,65530990247.0,107284100.0
2021-02-24,62195.5390625,2035.309814453125,366.7886657714844,64520.53125,2151.247314453125,367.2193543140166,59430.2265625,1902.002685546875,360.7031400947551,61507.20703125,1979.2557373046875,361.69554661169246,79701250480.0,39201508437.0,72433900.0
2021-02-25,59404.515625,1861.4630126953125,357.9505920410156,64832.51953125,2084.4462890625,366.89165036320054,59404.515625,1847.6590576171875,356.4994397180611,62200.23046875,2033.8309326171875,365.5153842430116,68754963834.0,30881364886.0,146670500.0
2021-02-26,59028.46875,1841.985107421875,356.1061706542969,61433.89453125,1980.0633544921875,360.99331629817215,56119.03515625,1777.3865966796875,354.11201500173956,59513.76953125,1865.18359375,359.8417660521564,447069632247.0,40043771384.0,152701600.0
2021-02-27,58830.69140625,1859.5823974609375,,61460.671875,1942.3216552734375,,57659.609375,1826.228759765625,,59034.8515625,1843.126220703125,,58477231516.0,26419424309.0,
2021-02-28,57312.1953125,1797.9813232421875,,59503.18359375,1870.304931640625,,55077.28125,1656.42431640625,,58837.78125,1859.4388427734375,,67858612442.0,35091201844.0,
2021-03-01,62739.59765625,1977.970458984375,364.7383117675781,62941.78125,1982.031494140625,365.9928914426976,57279.0234375,1798.310302734375,356.3028563200126,57339.7890625,1799.380859375,361.00274435596754,68124800841.0,30380271824.0,105348800.0
2021-03-02,61132.8984375,1886.0977783203125,361.8921813964844,63379.46875,2019.9622802734375,365.19708885839384,59599.26171875,1845.7271728515625,361.3866066410272,62715.41015625,1977.156005859375,364.9630301753362,60061230632.0,28461472152.0,79595300.0
2021-03-03,64055.453125,1997.338623046875,357.0986328125,66355.609375,2083.976318359375,362.16363712651844,60996.53515625,1872.447265625,356.99563214374973,61179.43359375,1884.635009765625,361.189973661977,67455516449.0,28739490895.0,119940200.0
2021-03-04,61573.375,1955.077880859375,352.6795959472656,65472.5703125,2053.604736328125,359.51409730594685,60374.1796875,1914.3414306640625,348.166938181186,64035.25390625,1995.780517578125,356.91136618185686,66369604078.0,29043927758.0,183433000.0
2021-03-05,61913.1015625,1940.221435546875,359.1676330566406,62554.80078125,1958.7005615234375,360.22558257554283,59059.33203125,1840.8939208984375,348.8784254098044,61530.09375,1954.6055908203125,356.1997572254868,61531736668.0,26658578405.0,152039600.0
2021-03-06,61894.21875,2093.926513671875,,62191.3828125,2112.104248046875,,59800.1484375,1922.3363037109375,,61877.57421875,1939.079833984375,,43483998357.0,28783347861.0,
2021-03-07,64684.29296875,2176.68798828125,,64908.73046875,2186.939697265625,,61902.1875,2070.84326171875,,61902.1875,2094.75,,54491238686.0,30076710410.0,
2021-03-08,66138.40625,2322.5654296875,357.37945556640625,66221.765625,2323.077880859375,362.9594055155438,62743.52734375,2117.362548828125,357.09859662848083,64643.14453125,2178.04638671875,360.1319874445202,61519046789.0,34977823028.0,123149200.0
2021-03-09,69333.046875,2362.41845703125,362.4819641113281,69333.046875,2362.41845703125,365.04723778272904,65842.578125,2275.161865234375,360.74055289108605,66171.8828125,2323.097412109375,361.24612757717085,64385893801.0,29670145560.0,113633600.0
2021-03-10,70691.1875,2270.817626953125,364.7383117675781,72341.109375,2370.50537109375,366.442265825077,67549.1328125,2237.701904296875,363.41824594772226,69332.9140625,2362.975341796875,364.84131244461764,72315613285.0,31748339686.0,109899400.0
2021-03-11,72463.921875,2289.2998046875,368.4364318847656,72790.1328125,2310.579833984375,370.4212448317139,68631.515625,2185.010498046875,366.7605638102097,70633.9296875,2269.388427734375,367.21933823136976,71169242207.0,30102623284.0,86245000.0
2021-03-12,71526.078125,2210.830810546875,368.9325866699219,72659.03125,2304.5498046875,369.0730161389304,69372.546875,2165.963623046875,366.254969555454,72484.1015625,2289.74072265625,367.0694890473151,69477382762.0,27990369774.0,64653600.0
2021-03-13,76406.875,2401.237548828125,,76956.7890625,2417.406494140625,,70137.5390625,2162.845703125,,71540.15625,2210.910400390625,,75691679676.0,31208326589.0,
2021-03-14,73947.6171875,2312.567626953125,,76849.5625,2408.8408203125,,73947.6171875,2301.325927734375,,76379.484375,2400.21240234375,,54743072229.0,24121928962.0,
2021-03-15,69760.4453125,2235.668212890625,371.1327819824219,75532.453125,2357.009033203125,371.3949265422265,69073.7265625,2178.198486328125,367.03206963349646,73904.1171875,2311.971923828125,369.18539790534726,82877425555.0,32747922639.0,73427200.0
2021-03-16,70684.328125,2248.478271484375,370.6646728515625,70708.828125,2269.829833984375,372.4622274237906,66827.3046875,2146.325439453125,369.88758207279375,69677.578125,2236.555908203125,371.75070850094045,74348765639.0,29650648481.0,73722500.0
2021-03-17,72931.796875,2258.967529296875,371.9286193847656,73139.734375,2282.7646484375,372.73376754122484,67991.5234375,2180.854736328125,368.2211092684256,70710.3671875,2248.583251953125,369.3726882764486,74650589489.0,30367656066.0,97959300.0
2021-03-18,72297.90625,2227.775634765625,366.5171203613281,74799.640625,2291.119384765625,371.4229803734034,67510.171875,2124.03955078125,365.8336588383068,72959.28125,2258.60693359375,369.3258240760176,69657744262.0,29069454468.0,115349100.0
2021-03-19,73079.59375,2276.5869140625,365.83905029296875,74398.5546875,2302.765625,367.8021864072802,70790.1796875,2182.646240234375,363.65046239302455,72287.3046875,2227.41748046875,366.2147650487588,61452845363.0,26614894127.0,113624500.0
2021-03-20,73038.2421875,2270.337646484375,,75189.609375,2348.086181640625,,72912.5625,2269.202880859375,,73061.5703125,2276.4599609375,,63078420887.0,28403946644.0,
2021-03-21,72043.421875,2239.596923828125,,73607.203125,2283.762451171875,,70178.1171875,2210.5634765625,,73033.578125,2270.302490234375,,65054919294.0,28777338117.0,
2021-03-22,68277.8515625,2117.778564453125,368.76019287109375,73010.1171875,2261.7041015625,370.1503687335983,67985.2265625,2096.407470703125,366.2992287259354,72036.5,2239.77880859375,366.3555844952755,70772492024.0,29549504658.0,73778600.0
2021-03-23,68917.9765625,2113.470947265625,365.8577575683594,70318.2734375,2166.75390625,369.57738168580414,67118.0703125,2085.604736328125,365.0687481292161,68255.9609375,2117.199951171875,368.1214765299791,71053388158.0,27696441546.0,90686600.0
2021-03-24,66392.34375,2004.584228515625,363.9979553222656,72027.7734375,2188.90185546875,368.91051044021407,66078.15625,1976.271240234375,363.9510017329088,68882.1484375,2112.655517578125,367.2667334999967,88776672481.0,39286262787.0,97588600.0
2021-03-25,65160.4296875,2010.5594482421875,366.04559326171875,67127.578125,2041.7335205078125,366.8439761405142,64011.23046875,1961.471435546875,360.59763052907954,66332.5625,2004.2191162109375,362.5513925660226,85697104132.0,37366974996.0,116128600.0
2021-03-26,69541.9375,2147.70947265625,371.9444885253906,69541.9375,2147.8115234375,372.34838114983086,65003.76953125,2009.06201171875,366.5998625618085,65133.7734375,2010.3714599609375,367.2010004061758,71452584699.0,28439316497.0,114409100.0
2021-03-27,70596.59375,2164.9287109375,,71346.6640625,2185.524658203125,,68413.8671875,2111.7353515625,,69542.2578125,2147.954345703125,,59614926392.0,22831497762.0,
2021-03-28,70416.6953125,2128.652587890625,,71385.8828125,2179.753173828125,,69229.8984375,2103.370361328125,,70598.3984375,2164.816650390625,,60015851041.0,20891233467.0,
2021-03-29,72713.5625,2291.17431640625,371.7565612792969,73440.7421875,2312.935302734375,372.6676844268979,69597.1015625,2122.577392578125,368.9668360677922,70413.1171875,2128.535888671875,370.46032126877253,72556664754.0,28703275959.0,108107600.0
2021-03-30,74365.9140625,2330.063720703125,370.77032470703125,75013.953125,2351.34912109375,371.4466226295594,72061.3828125,2258.284423828125,369.16409922528067,72713.484375,2290.899169921875,370.47914366616993,68681497760.0,28415633066.0,76262200.0
2021-03-31,74029.625,2410.360595703125,372.2731628417969,75561.9921875,2446.7763671875,373.8418081671427,72744.5234375,2259.4697265625,371.3150861152096,74381.796875,2330.145263671875,371.34326399936833,82324821486.0,37979135882.0,112734200.0
2021-04-01,74156.375,2481.185791015625,376.2934265136719,74954.75,2496.363525390625,376.3498109556371,73688.15625,2399.52587890625,374.01093155895825,74039.34375,2411.359619140625,374.2175789621749,77385550185.0,38792758904.0,99682900.0
2021-04-02,74675.7734375,2695.106201171875,,75536.78125,2707.10009765625,,73795.5859375,2457.808837890625,,74160.2265625,2480.754150390625,,73850284730.0,43839607610.0,
2021-04-03,72436.890625,2550.7412109375,,75588.6640625,2697.290283203125,,72436.890625,2550.7412109375,,74692.2421875,2694.691650390625,,74998990688.0,40254484980.0,
2021-04-04,73827.421875,2629.91259765625,,74084.0390625,2653.76953125,,71889.609375,2523.943115234375,,72438.0859375,2549.796630859375,,63764617037.0,32675973341.0,
2021-04-05,73942.9453125,2639.1630859375,381.6943664550781,74959.828125,2679.65283203125,382.2391771244886,72600.28125,2557.455078125,378.8952676312016,73830.3359375,2630.085693359375,378.9703991036064,76006802351.0,36170731100.0,91684800.0
2021-04-06,73156.5234375,2663.1201171875,381.4689025878906,74478.25,2694.12109375,382.5209150802429,72337.8125,2582.3076171875,380.7926047477798,74085.7421875,2641.173828125,381.1307680004305,83044849885.0,36737525842.0,62021000.0
2021-04-07,70708.5390625,2486.612548828125,381.9104919433594,73900.9296875,2682.62841796875,382.2580288195601,70230.6640625,2457.190673828125,380.83970342385453,73149.171875,2662.302490234375,381.2999518636663,95430332736.0,45562482860.0,55836300.0
2021-04-08,73273.84375,2623.92724609375,383.7232666015625,73292.4140625,2627.624267578125,383.7796223731057,70487.046875,2471.223876953125,382.22978132527777,70772.84375,2484.159912109375,383.169082404591,66652885189.0,31801300111.0,57863100.0
2021-04-09,72978.65625,2596.26953125,386.51300048828125,74058.0546875,2647.9365234375,386.6820964718389,72805.5390625,2577.633056640625,383.47907628083203,73277.1171875,2624.1767578125,383.60119001027016,58457110099.0,24824235032.0,61104600.0
2021-04-10,74918.53125,2676.250244140625,,76777.2109375,2752.74853515625,,72720.1796875,2584.59033203125,,72989.6484375,2595.02001953125,,72970474029.0,31306763795.0,
2021-04-11,75463.9140625,2704.51513671875,,76168.1328125,2715.25830078125,,74287.7421875,2656.10693359375,,74984.9296875,2676.519287109375,,58009982597.0,24683985450.0,
2021-04-12,75243.421875,2687.643798828125,386.6539001464844,76935.6484375,2762.91259765625,386.92627681357055,74704.84375,2650.40185546875,385.3013043336946,75427.5390625,2704.14501953125,385.9118442865749,65111759443.0,27296546027.0,56704900.0
2021-04-13,79598.40625,2881.9169921875,387.7997741699219,79895.7265625,2907.244873046875,388.42911841539274,75245.15625,2687.762939453125,386.16539969942454,75239.109375,2687.65771484375,386.5505165264754,87720760870.0,36922429092.0,56551000.0
2021-04-14,78995.984375,3048.081787109375,386.4754638671875,81445.671875,3066.298583984375,388.8330902261772,77085.6875,2866.17724609375,385.93065315580645,79623.8515625,2882.11767578125,387.7716753560826,96948328929.0,44552426353.0,61659900.0
2021-04-15,79437.875,3160.646728515625,390.6271057128906,80052.2890625,3191.75048828125,390.8995110315357,77726.0546875,3014.318603515625,388.5794363945601,78952.796875,3049.245361328125,388.62638997889565,76477329164.0,40557807477.0,60229800.0
2021-04-16,77018.3203125,3042.000244140625,391.93280029296875,79831.46875,3198.417724609375,392.54334029694746,75262.203125,2901.91455078125,390.49567070474995,79368.234375,3157.4921875,391.9233981087674,105437908391.0,45276927709.0,82037300.0
2021-04-17,75906.359375,2933.11181640625,,78268.40625,3123.854248046875,,75503.0,2919.087158203125,,76964.703125,3039.541748046875,,82729666943.0,40464758560.0,
2021-04-18,70374.90625,2800.5869140625,,76373.71875,2958.836181640625,,66081.828125,2516.41845703125,,75928.953125,2935.059814453125,,122017577989.0,63464857536.0,
2021-04-19,69788.234375,2712.90234375,390.00714111328125,71803.609375,2848.641845703125,391.4442704264012,68107.265625,2613.984375,388.67334981100794,70344.109375,2801.708251953125,390.9934243141692,81836928952.0,42657053376.0,78498500.0
2021-04-20,71226.609375,2938.978515625,387.1517333984375,71974.484375,2959.123046875,389.89447646157157,66704.5546875,2571.113037109375,385.6676216600676,69735.0390625,2707.58056640625,388.786108082157,85574959838.0,49735480832.0,81851800.0
2021-04-21,67403.6875,2956.864501953125,390.8150634765625,71556.7578125,3080.09033203125,391.0217108905084,67143.5,2821.43896484375,386.39093411415627,71224.2109375,2940.175537109375,386.5318522285907,68679741888.0,48639044090.0,66793000.0
2021-04-22,64718.73046875,3005.156982421875,387.24566650390625,69271.9296875,3297.0107421875,391.4819237726124,63263.15234375,2896.478759765625,386.17487812172334,67342.4453125,2948.2607421875,390.6459606729042,93521251652.0,66986328707.0,97582800.0
2021-04-23,63743.16015625,2948.7509765625,391.44427490234375,65129.359375,3047.879638671875,392.86262853206887,59550.5234375,2642.181884765625,387.7340532904559,64690.64453125,3002.307373046875,387.8091847549569,108125662632.0,69133038616.0,73209200.0
2021-04-24,62442.2109375,2759.1689453125,,63835.37109375,2953.9345703125,,60888.25390625,2699.36962890625,,63805.01171875,2953.258544921875,,61149258326.0,39740537169.0,
2021-04-25,61204.20703125,2892.658935546875,,63010.046875,2936.899658203125,,58860.4609375,2711.548828125,,62444.66015625,2762.6474609375,,57598292650.0,39734762060.0,
2021-04-26,66968.875,3141.908447265625,392.26153564453125,67335.6328125,3144.208740234375,392.83452424631287,60979.96484375,2881.3291015625,391.51010619798046,61296.05078125,2896.928466796875,392.1018705031073,72252684229.0,43646528717.0,52182400.0
2021-04-27,68279.8671875,3303.830322265625,392.1769714355469,68736.4296875,3318.189208984375,392.75936217623746,66142.1875,3082.64306640625,391.03102298643597,66979.4765625,3141.349853515625,392.5620883130966,61350657215.0,40044956384.0,51303100.0
2021-04-28,67453.25,3378.9921875,392.06427001953125,69248.1328125,3396.67431640625,393.5765596833663,66871.9453125,3181.884033203125,391.594619473589,68284.234375,3306.088623046875,392.4493869070272,59057216931.0,42162696770.0,51238900.0
2021-04-29,65747.1953125,3384.493896484375,394.5627746582031,67812.4375,3437.5048828125,395.1827167562843,64361.21484375,3289.269775390625,391.1625096341873,67494.3203125,3381.78466796875,394.80700209037826,56581305089.0,39994701717.0,78544300.0
2021-04-30,70985.9375,3408.798583984375,391.97027587890625,71170.984375,3432.898193359375,393.13502855193957,65230.609375,3349.216064453125,391.0685549910661,65763.8359375,3385.546142578125,392.2802612456324,64404555636.0,36601811747.0,85527000.0
2021-05-01,71081.6640625,3621.061767578125,,71844.1171875,3627.881591796875,,70128.0859375,3387.53515625,,70942.2890625,3408.34521484375,,52654108146.0,35309964258.0,
2021-05-02,69543.9296875,3625.175048828125,,71173.2890625,3668.10986328125,,69009.0703125,3516.130126953125,,71078.96875,3620.653076171875,,46882502767.0,34423788566.0,
2021-05-03,70239.09375,4213.2021484375,392.8157043457031,72541.890625,4236.81884765625,394.35614313737005,69502.984375,3624.093994140625,392.31787594370684,69530.65625,3624.093994140625,393.9710262731552,63501149073.0,60383569665.0,68128300.0
2021-05-04,65618.921875,4003.10302734375,390.3923034667969,70256.1484375,4336.3115234375,391.3128288285941,65438.75,3916.46435546875,386.682081464695,70256.1484375,4213.25830078125,390.8150004114941,84358587217.0,76776356260.0,101591200.0
2021-05-05,70452.6484375,4322.0498046875,390.51446533203125,71020.46875,4346.1748046875,392.2803561357189,65146.375,3951.77734375,389.95087889135687,65518.80078125,3987.016357421875,392.045530840871,84951132897.0,59300502983.0,60162200.0
2021-05-06,68554.359375,4243.4375,393.6329040527344,71449.9453125,4387.93603515625,393.7643912958881,67467.359375,4149.1123046875,388.5700575548466,70473.875,4324.68505859375,390.5895491108578,84510975862.0,53850585295.0,74321400.0
2021-05-07,69605.4375,4228.927734375,396.4977111816406,71208.8203125,4342.65869140625,397.1552333106505,67312.859375,4099.75537109375,393.7173884046305,68575.5625,4242.4951171875,394.4030884154443,83048793408.0,48065762799.0,67733800.0
2021-05-08,71361.9140625,4736.09716796875,,72163.875,4793.76220703125,,69142.8359375,4191.35546875,,69601.0234375,4225.6015625,,79346169978.0,60931016686.0,
2021-05-09,70558.8125,4760.49462890625,,71855.9609375,4831.49658203125,,68544.296875,4543.5556640625,,71451.2421875,4746.794921875,,79857686747.0,61272484827.0,
2021-05-10,67558.8515625,4780.04638671875,392.57147216796875,72176.1484375,5072.87744140625,397.0801056159915,65386.50390625,4455.4638671875,392.44935844844775,70581.296875,4755.125,396.85468254314804,86809139049.0,75821706529.0,81852400.0
2021-05-11,68598.640625,5043.10693359375,389.0678405761719,68826.4140625,5054.587890625,390.0634972953382,66036.875,4576.29248046875,385.1697473456406,67543.6640625,4775.18212890625,388.0252302753278,74168138997.0,63729576281.0,116888000.0
2021-05-12,59573.73828125,4588.7021484375,380.80206298828125,70265.671875,5267.3681640625,387.5462380172157,59573.73828125,4588.7021484375,379.47764499537993,68610.6875,5050.28662109375,386.268802278505,91166108967.0,83660963763.0,134811000.0
2021-05-13,60508.33203125,4521.6142578125,385.37652587890625,62232.23046875,4883.4951171875,387.32088639739317,56946.828125,4329.26513671875,382.3143945501897,60282.67578125,4640.90576171875,382.3613768130498,117716897197.0,95416506960.0,106394000.0
2021-05-14,60396.84765625,4939.044921875,391.2940368652344,62257.45703125,5052.89111328125,392.1488043000285,59485.6171875,4508.1708984375,388.10041888080025,60467.9140625,4527.66796875,388.12859676699367,67488634041.0,58330852816.0,82201600.0
2021-05-15,56618.63671875,4405.1474609375,,61316.02734375,4999.74169921875,,56502.34375,4405.1474609375,,60366.52734375,4935.2841796875,,71633971113.0,51366219846.0,
2021-05-16,56274.546875,4345.7255859375,,60202.5234375,4696.68359375,,53249.2890625,4058.739501953125,,56565.90625,4409.6376953125,,77584389208.0,57368904564.0,
2021-05-17,52521.4765625,3959.720458984375,390.29833984375,56482.109375,4346.3984375,391.11555578967017,50946.0546875,3776.813720703125,388.26944625097997,56225.8984375,4338.259765625,390.1762547929354,90360004244.0,65217371332.0,65129200.0
2021-05-18,51803.83203125,4080.70458984375,386.9356994628906,55130.0703125,4286.9814453125,390.8056154288192,51116.578125,3915.893798828125,386.7760056623648,52461.8203125,3953.054931640625,390.56138796867197,67834106868.0,48794224232.0,59810200.0
2021-05-19,44890.25,2985.22216796875,385.9212341308594,52562.55859375,4149.77734375,386.0997036321242,37107.18359375,2361.367919921875,380.726900222138,51846.78125,4083.827880859375,382.2204141885532,153293854657.0,102492135293.0,106467100.0
2021-05-20,49185.734375,3357.978515625,390.0729064941406,51355.625,3619.97265625,391.3409685393417,42472.234375,2629.106689453125,386.6820437446114,44588.44921875,2959.696533203125,386.80412879220756,106471819814.0,81541564241.0,78022200.0
2021-05-21,45018.1796875,2933.200927734375,389.7535400390625,50866.05078125,3546.78076171875,392.81567032112343,40567.328125,2550.323974609375,389.2932917445896,48961.6640625,3343.562744140625,391.5663840001396,99017429680.0,64892935422.0,76578700.0
2021-05-22,45298.08203125,2770.388671875,,46860.15234375,2997.59619140625,,42699.96875,2616.427490234375,,45098.23828125,2939.709228515625,,69241172028.0,50792874070.0,
2021-05-23,41969.44921875,2546.34521484375,,46206.28125,2877.4365234375,,37684.21484375,2096.72509765625,,45291.82421875,2773.600341796875,,94715474455.0,67601090649.0,
2021-05-24,46641.8671875,3185.6064453125,393.7268371582031,47976.8046875,3220.082275390625,394.8070276420391,41701.25390625,2523.544189453125,391.7636727212955,41884.69140625,2534.70458984375,392.00790016927687,81170319626.0,64706642611.0,51376700.0
2021-05-25,46337.9296875,3265.94580078125,392.8532409667969,47933.484375,3313.209228515625,395.17331558281194,44018.06640625,2883.22314453125,392.2708789333763,46750.078125,3192.16455078125,394.8163766164725,67827939568.0,59799414148.0,57451400.0
2021-05-26,47666.296875,3504.170654296875,393.6329040527344,49231.51171875,3515.003662109375,394.14010598871914,45707.91796875,3197.9697265625,392.4024219512265,46326.34375,3266.45703125,393.4450323737221,62286773247.0,51554851168.0,43088600.0
2021-05-27,46397.83984375,3303.25634765625,393.8395690917969,48785.3203125,3504.23583984375,395.1827627948583,45166.66015625,3204.415771484375,393.55776156064326,47693.82421875,3504.23583984375,394.66615865220234,52160608507.0,40285815754.0,56707700.0
2021-05-28,43110.21484375,2922.39990234375,394.5440673828125,46916.25390625,3334.517578125,395.6806137604748,42005.6015625,2821.822021484375,394.30924209274696,46482.4765625,3310.475341796875,395.41761058220925,66662511811.0,48304930994.0,58520200.0
2021-05-29,41808.76953125,2753.1630859375,,44971.26953125,3100.309814453125,,40695.0234375,2667.38232421875,,43093.97265625,2915.34814453125,,54629339440.0,40791392676.0,
2021-05-30,43094.71875,2887.18994140625,,43964.18359375,2985.871337890625,,40485.84375,2643.6416015625,,41798.3046875,2751.682861328125,,38224509993.0,31255721691.0,
2021-05-31,45027.71484375,3274.536376953125,,45177.90234375,3275.22607421875,,41356.90625,2751.5634765625,,43071.12109375,2883.437255859375,,47050362385.0,37398469928.0,
2021-06-01,44283.1796875,3178.97802734375,394.1965637207031,45686.22265625,3302.876953125,397.0614210345684,43153.859375,3046.125244140625,393.7550909916119,44980.6015625,3265.62939453125,396.92053158170927,41814009930.0,33030748582.0,54216600.0
2021-06-02,45242.921875,3258.34765625,394.8163757324219,46057.140625,3375.439697265625,395.6617695624663,43384.359375,3082.453125,393.83952333379665,44301.28515625,3180.10986328125,394.8539557985818,39819440632.0,33380588189.0,49097100.0
2021-06-03,47481.2265625,3457.515380859375,393.3511047363281,47584.80859375,3485.702880859375,394.4970532057338,44855.33984375,3212.065185546875,391.01225420938147,45272.09765625,3261.05810546875,392.4869637913171,42942436856.0,36375818591.0,58138800.0
2021-06-04,44581.35546875,3248.280517578125,396.9486389160156,47522.0625,3459.984619140625,397.24922213882013,43285.984375,3105.63720703125,393.4168577110476,47522.0625,3459.984619140625,395.2109261990949,50546597827.0,41293961511.0,55938800.0
2021-06-05,42959.2109375,3178.657470703125,,45817.87109375,3404.5078125,,42171.9140625,3091.24169921875,,44564.13671875,3252.41845703125,,43451629682.0,36850654486.0,
2021-06-06,43305.79296875,3278.623779296875,,44027.94921875,3315.037109375,,42643.2734375,3161.23974609375,,42943.078125,3177.65673828125,,34914569746.0,30565196732.0,
2021-06-07,40562.109375,3130.641357421875,396.5635070800781,44470.60546875,3440.46875,397.11769125205126,40468.7890625,3123.331787109375,395.6242060431354,43273.0546875,3276.154052734375,396.93922176181667,40711045846.0,36983875891.0,51555000.0
2021-06-08,40547.44140625,3049.52685546875,396.6480407714844,41086.06640625,3165.44775390625,397.5215838562783,37632.76171875,2800.64208984375,394.8070187651546,40596.93359375,3135.8857421875,397.42764801953655,60449397725.0,50767820653.0,47134300.0
2021-06-09,45243.80078125,3159.928466796875,396.0562744140625,45478.40234375,3179.72705078125,397.5685639814991,39317.71875,2920.7734375,395.8308513392417,40480.0234375,3040.75732421875,397.4934038464304,65388461242.0,43706051073.0,48436300.0
2021-06-10,44397.484375,2989.684814453125,397.8973083496094,46418.7265625,3174.092041015625,398.8554137767314,43360.49609375,2945.810546875,395.96235045882463,45297.5859375,3163.412353515625,397.2867683935218,52711966022.0,34781967931.0,51020100.0
2021-06-11,45383.32421875,2861.2177734375,398.5548095703125,45490.046875,3016.94384765625,398.6675211051696,43597.4921875,2828.519287109375,397.1552602371839,44390.74609375,2991.30615234375,398.4515002184242,47043013282.0,30186216710.0,45570800.0
2021-06-12,43217.28515625,2883.96826171875,,45473.9140625,2974.82568359375,,42215.2421875,2754.232666015625,,45390.3046875,2862.413330078125,,46100312983.0,31270280133.0,
2021-06-13,47541.51171875,3050.10888671875,,47823.97265625,3097.905029296875,,42380.46484375,2811.22216796875,,43221.26171875,2884.21826171875,,49452095785.0,32943992038.0,
2021-06-14,48838.46484375,3081.834716796875,399.4472351074219,49712.90234375,3164.6005859375,399.5505444795121,47115.29296875,3001.91162109375,397.4183410876738,47443.15234375,3050.569580078125,398.6675990635514,52396978406.0,32743867012.0,42358500.0
2021-06-15,49245.140625,3182.0791015625,398.7144470214844,50341.6171875,3203.364501953125,399.6349435362239,48205.359375,3065.3427734375,397.83150190293037,49091.88671875,3142.3955078125,399.5973921400384,56574556820.0,35350184048.0,51508500.0
2021-06-16,47084.94140625,2907.16650390625,396.48834228515625,49326.94921875,3111.08056640625,399.08082228951355,46860.12890625,2890.436279296875,394.4312994104029,48955.58984375,3101.553955078125,398.85539921615816,48146515908.0,29593863385.0,80386100.0
2021-06-17,46979.71484375,2928.402587890625,396.35687255859375,48683.6875,3021.497802734375,397.3431272132893,46277.30859375,2855.1142578125,393.86773046301494,47078.015625,2906.72802734375,396.0750937044504,45798435940.0,27002062183.0,90949700.0
2021-06-18,44603.7890625,2781.54296875,391.00982666015625,47151.6796875,2935.49853515625,393.75210964966317,43808.50390625,2667.459228515625,390.80250323301783,47036.47265625,2931.593994140625,393.0547621033666,45119337864.0,28358202725.0,118676300.0
2021-06-19,44390.1953125,2715.194091796875,,45439.5390625,2839.725341796875,,43539.171875,2703.21142578125,,44687.65234375,2785.81298828125,,38895505150.0,23389010908.0,
2021-06-20,44447.0546875,2796.892333984375,,44957.33984375,2836.810791015625,,41668.40234375,2554.9912109375,,44324.47265625,2706.268798828125,,45649472200.0,28058923571.0,
2021-06-21,39183.91015625,2336.0,396.6075134277344,44471.4765625,2812.908447265625,396.7959997339808,38711.0703125,2309.5888671875,391.961616444382,44375.8984375,2795.589111328125,392.7814772345062,65324516695.0,41742611296.0,72822000.0
2021-06-22,40018.953125,2308.322265625,398.7279052734375,41028.0234375,2465.719970703125,399.56663205540957,35776.57421875,2114.380126953125,395.8725128032119,39116.72265625,2333.79833984375,396.5981592907554,72593255695.0,43763572395.0,57700300.0
2021-06-23,41497.1328125,2448.42626953125,398.247314453125,42663.59765625,2517.721435546875,399.61373969091704,39115.765625,2249.95068359375,398.1625042322118,40031.33203125,2312.8466796875,398.8033117406512,56994499411.0,34957650596.0,49445400.0
2021-06-24,42714.13671875,2450.352783203125,400.6032409667969,43395.11328125,2503.44775390625,401.02729206202724,39851.3671875,2322.564453125,400.1508910395755,41447.62890625,2422.857177734375,400.40535045568936,40817562173.0,24982004840.0,45110300.0
2021-06-25,38885.36328125,2228.589111328125,402.0261535644531,43729.16015625,2486.384033203125,402.47850343231465,38532.74609375,2206.726806640625,401.027239437026,42710.03515625,2451.288818359375,401.35707608490594,49446999766.0,27991479659.0,58129500.0
2021-06-26,39559.51171875,2248.28125,,40114.20703125,2274.01904296875,,37120.4765625,2114.690185546875,,38832.3671875,2225.7216796875,,47424525637.0,25365190565.0,
2021-06-27,42588.74609375,2432.308837890625,,42601.4609375,2433.88720703125,,39418.75390625,2226.166015625,,39683.94921875,2250.441650390625,,43648245614.0,24441734142.0,
2021-06-28,42473.03125,2565.153564453125,402.8366394042969,43290.8125,2640.35498046875,403.0062598324487,41816.78515625,2417.63671875,401.3477010477857,42624.9765625,2435.37158203125,402.55393869071054,41804733422.0,31470986874.0,53159600.0
2021-06-29,44467.078125,2678.8125,403.0533142089844,45298.84375,2779.555419921875,403.8637419298764,42290.6171875,2560.967529296875,402.5161542029226,42523.87890625,2569.829833984375,403.2229346028035,46988335090.0,30764550499.0,35970500.0
2021-06-30,43429.96484375,2819.09716796875,403.392578125,44716.6484375,2830.392578125,404.07108849814654,42284.1796875,2591.119384765625,402.56328447349097,44517.42578125,2683.087158203125,402.5915545407483,42213109932.0,32011551219.0,64827900.0
2021-07-01,41767.7109375,2629.576904296875,405.62603759765625,43423.94921875,2818.9111328125,405.78625383305746,40918.17578125,2577.85986328125,404.0899633622855,43423.94921875,2818.9111328125,404.15593644503736,47076165442.0,36156215373.0,53441000.0
2021-07-02,41748.453125,2648.04345703125,408.72650146484375,42217.625,2656.9990234375,409.084608229241,40749.8515625,2511.076171875,405.7108927994755,41739.6953125,2624.95751953125,406.79464603667,47699573763.0,39161010287.0,57697700.0
2021-07-03,42698.65234375,2741.738037109375,,42995.1171875,2755.84375,,41139.59765625,2608.076904296875,,41695.953125,2649.022216796875,,30031893064.0,21471364031.0,
2021-07-04,43513.71484375,2862.941162109375,,44283.78125,2938.018310546875,,42363.5625,2698.29052734375,,42694.9765625,2742.275146484375,,30734413328.0,23166570096.0,
2021-07-05,41646.58203125,2713.3125,,43509.4765625,2863.186279296875,,40958.75390625,2667.44091796875,,43509.4765625,2863.186279296875,,32977577849.0,24810475171.0,
2021-07-06,42652.53125,2896.24365234375,407.98193359375,43246.3125,2895.91455078125,408.99971353065246,41919.69140625,2712.494140625,405.23021785702485,41618.82421875,2712.494140625,408.7829571761898,33017071631.0,26028501472.0,68710400.0
2021-07-07,42260.41796875,2889.935546875,409.4237976074219,43530.48046875,2990.93359375,409.70652706116164,42240.3984375,2864.145751953125,406.6438115789658,42640.6796875,2894.4111328125,408.66990991539325,30952013238.0,27959070477.0,63549500.0
2021-07-08,41199.03125,2656.63037109375,406.0879211425781,42355.31640625,2902.982177734375,406.8512419781166,40364.61328125,2618.558349609375,402.8838257116004,42303.2109375,2893.414794921875,404.0712264597623,37481077338.0,29057316052.0,97595200.0
2021-07-09,42067.4375,2671.927734375,410.4227600097656,42362.56640625,2727.29931640625,410.72432662563244,40515.53125,2571.25390625,405.8899428637395,41179.35546875,2651.05126953125,407.60507063763464,34148847165.0,28664266679.0,76238600.0
2021-07-10,41713.26953125,2627.45166015625,,42570.109375,2725.412353515625,,41209.8984375,2590.7666015625,,42083.90625,2672.310302734375,,28586429062.0,21878647267.0,
2021-07-11,42627.765625,2663.803466796875,,43046.890625,2704.25830078125,,41497.015625,2593.106201171875,,41699.03125,2626.794921875,,25034624043.0,18307661642.0,
2021-07-12,41301.609375,2537.104736328125,411.8928527832031,43145.06640625,2703.849853515625,412.1473121921227,40728.48828125,2505.3857421875,409.9044572663973,42644.984375,2664.851806640625,410.33794129336883,30296829865.0,22133420797.0,52889600.0
2021-07-13,40950.1328125,2429.411865234375,410.48870849609375,41591.390625,2546.734619140625,412.6090501060507,40389.87890625,2406.284912109375,410.2248449127692,41263.765625,2533.837646484375,411.10124587606435,23943519138.0,20813935838.0,52911300.0
2021-07-14,41080.9453125,2496.135009765625,411.1012268066406,41310.05078125,2518.096435546875,412.6844369921227,39603.1015625,2337.285888671875,409.8478820337302,40977.453125,2430.76904296875,412.19438410369895,26755187110.0,21706533253.0,64130400.0
2021-07-15,40016.70703125,2406.456787109375,409.6971130371094,41548.46484375,2553.2568359375,410.4321636364202,39308.640625,2370.691162109375,407.78409489025074,41087.859375,2496.611572265625,409.7536531786738,26820555093.0,19753661737.0,55126400.0
2021-07-16,39641.5703125,2372.300537109375,406.4836120605469,40536.97265625,2464.20849609375,410.93161864795053,39159.01171875,2333.82763671875,406.0878310715976,40093.2890625,2413.284912109375,410.8845114498762,29899378577.0,18778446859.0,75874700.0
2021-07-17,39782.27734375,2395.5673828125,,40290.546875,2419.2509765625,,39392.34375,2341.022705078125,,39611.0,2367.883056640625,,23838050372.0,16860445088.0,
2021-07-18,40120.73828125,2391.779296875,,40874.734375,2508.4951171875,,39381.30859375,2375.900634765625,,39783.3046875,2397.294677734375,,23706399756.0,17402373083.0,
2021-07-19,39292.890625,2317.062255859375,400.4808044433594,40322.22265625,2431.03076171875,406.5496971909492,39042.91015625,2305.443115234375,397.653681564382,40124.77734375,2388.626708984375,401.6305022311694,26054458843.0,18051183527.0,147987000.0
2021-07-20,37782.69140625,2265.782470703125,406.2197265625,39514.53125,2341.0849609375,407.5013701332604,37394.26171875,2194.044189453125,400.3487262987755,39318.96875,2319.338623046875,401.1497499356293,29341887073.0,22015791726.0,99608200.0
2021-07-21,40368.6015625,2502.98876953125,409.50860595703125,41131.19140625,2543.900146484375,409.6499850627454,37450.59765625,2231.120361328125,406.1726227380265,37768.66796875,2264.2177734375,407.4259674911037,35455996385.0,26719086285.0,64724400.0
2021-07-22,40599.640625,2544.555908203125,410.3662109375,40989.09375,2571.999267578125,410.61123740243363,39864.63671875,2454.254150390625,408.6982191605414,40404.02734375,2507.83154296875,409.68770044604696,24570071608.0,21982108785.0,47878500.0
2021-07-23,42184.9765625,2669.1337890625,414.5880432128906,42184.9765625,2674.993408203125,414.92728406769214,40306.64453125,2515.8486328125,411.61957069748223,40590.66015625,2544.433837890625,412.3074853504877,28329767667.0,20350852047.0,63766600.0
2021-07-24,43078.0,2750.085693359375,,43326.65625,2760.67626953125,,41988.140625,2647.209228515625,,42200.2734375,2668.109375,,27215096441.0,20171284133.0,
2021-07-25,44429.31640625,2754.193115234375,,44447.83984375,2756.642333984375,,42562.1953125,2649.1015625,,43075.29296875,2747.481201171875,,26213391196.0,18307651894.0,
2021-07-26,46833.140625,2801.35205078125,415.6058044433594,50819.72265625,3047.7236328125,415.6152373869866,44361.01953125,2737.20361328125,413.94724562650384,44471.8515625,2754.11279296875,413.9943528266913,63997971306.0,37145779943.0,43719200.0
2021-07-27,49619.83984375,2893.98095703125,413.7117004394531,49619.83984375,2909.720947265625,414.588101529941,45714.32421875,2703.43359375,410.865711993083,46756.00390625,2797.376220703125,414.559831454731,44193380601.0,29045763931.0,67397100.0
2021-07-28,50075.875,2875.332275390625,413.5419921875,51287.43359375,2942.560791015625,414.9272831929667,48831.234375,2831.52587890625,412.1095939830681,49741.02734375,2898.7001953125,414.3430158827244,48456378239.0,23777585360.0,52472400.0
2021-07-29,49807.8828125,2964.136474609375,415.2571105957031,50599.265625,2981.78515625,416.34083497848155,49295.734375,2847.860107421875,414.4655198615265,50075.3046875,2878.42041015625,414.47495280469855,33821330939.0,20309089156.0,47435300.0
2021-07-30,52664.984375,3076.140625,413.2404479980469,52664.984375,3079.561279296875,414.70111625120774,47751.71875,2888.104736328125,412.5430716548514,49831.61328125,2966.114013671875,412.67501782428445,41239610620.0,25204108786.0,68951200.0
2021-07-31,51937.421875,3164.45458984375,,52659.87109375,3183.109130859375,,51294.3984375,3024.219482421875,,52616.046875,3069.4248046875,,32194468163.0,22460913937.0,
2021-08-01,49842.8984375,3194.258056640625,,53079.6796875,3365.162841796875,,49310.71484375,3145.39208984375,,51731.109375,3157.28369140625,,33276612506.0,28301098650.0,
2021-08-02,49008.234375,3263.078125,412.3734436035156,50401.87109375,3332.304931640625,415.5209693765124,48454.3203125,3133.106201171875,412.0153368747902,49758.5703125,3189.17431640625,414.9649721562708,31997869895.0,27706722718.0,58783300.0
2021-08-03,47815.2265625,3136.069580078125,415.7283020019531,49665.75390625,3286.451416015625,415.85081522859116,47406.3125,3065.243408203125,410.9693246034538,48978.8046875,3262.15234375,413.1744764060181,32822405011.0,28444706215.0,58053900.0
2021-08-04,49861.85546875,3417.940185546875,413.683349609375,50126.15234375,3467.673828125,415.70001501829813,47130.234375,3087.712646484375,413.4477561089558,47890.859375,3143.833740234375,414.43723730712765,31828991897.0,31410170503.0,46732200.0
2021-08-05,51094.5859375,3534.68994140625,416.3031921386719,51667.08203125,3549.4306640625,416.3880023567007,46832.91796875,3178.268798828125,414.53152422702374,49858.1015625,3419.257080078125,414.85192797034676,43987868371.0,38828217927.0,38969700.0
2021-08-06,53738.98828125,3628.4208984375,416.9910888671875,54325.6640625,3696.451416015625,417.4151686980422,49952.203125,3411.565673828125,416.3408484646631,51089.9765625,3534.908203125,416.62357793822423,47978058871.0,33296018096.0,46930000.0
2021-08-07,55936.2421875,3963.66064453125,,56104.546875,3979.9697265625,,53504.19921875,3601.216796875,,53759.44140625,3629.382080078125,,50255544949.0,41531135463.0,
2021-08-08,55066.5859375,3789.112060546875,,56848.37109375,3998.015625,,54385.4453125,3704.70849609375,,55959.640625,3968.6748046875,,45642686942.0,35749101262.0,
2021-08-09,58308.6171875,3983.861083984375,416.6518249511719,58388.57421875,4004.343505859375,417.28319943179935,53877.2109375,3645.53564453125,415.8790713621011,55058.80078125,3788.046875,416.9627957200079,48711551737.0,40221797137.0,41222600.0
2021-08-10,57070.86328125,3933.287353515625,417.1701965332031,58675.06640625,4057.90673828125,417.88641011533616,56030.01171875,3833.10986328125,416.41630869020463,58202.28515625,3977.81689453125,417.1042234382219,41998442325.0,34560771398.0,43339300.0
2021-08-11,57027.97265625,3957.7998046875,418.2067565917969,58466.5078125,4091.5791015625,418.30099974900475,56798.4375,3911.137451171875,417.1135992379283,57089.234375,3934.713623046875,418.2444596064748,42926680272.0,33432356295.0,44034300.0
2021-08-12,55625.55078125,3810.446044921875,419.4600830078125,57810.77734375,4047.8369140625,419.60146211690204,54912.6015625,3736.416015625,417.15128393197523,57007.015625,3957.713134765625,418.05595493169636,42222984983.0,31806194317.0,38909400.0
2021-08-13,59816.92578125,4157.9970703125,420.223388671875,59865.3046875,4159.8955078125,420.24222579693884,55452.125,3803.893310546875,419.4223650926339,55639.828125,3817.44091796875,419.91238917501965,39730321632.0,29873676282.0,39470300.0
2021-08-14,58928.640625,4085.7880859375,,60182.03515625,4165.66259765625,,57778.37890625,4022.071533203125,,59838.6640625,4158.6865234375,,39052270904.0,24850307918.0,
2021-08-15,58896.96875,4144.33740234375,,59254.16015625,4155.43408203125,,57030.09375,3901.043212890625,,58928.29296875,4086.829833984375,,38794302355.0,27749317949.0,
2021-08-16,57838.5390625,3968.48046875,421.212890625,60140.65625,4176.34228515625,421.3448080249147,57451.51953125,3947.901123046875,417.3491516319457,58863.11328125,4142.98291015625,418.9134958587519,41208302018.0,29017080185.0,73740000.0
2021-08-17,56438.2578125,3806.942626953125,418.45172119140625,59449.078125,4149.05078125,419.31868908802227,56214.64453125,3784.233642578125,415.4455461023969,57753.01171875,3959.517578125,418.6401787189895,42240105998.0,32211102241.0,92673900.0
2021-08-18,56733.08984375,3824.430419921875,413.871826171875,58085.24609375,3950.0947265625,419.00777622060184,56030.48046875,3737.1669921875,413.6268284762824,56427.390625,3803.302978515625,417.433998911538,40768383874.0,27275796458.0,89351900.0
2021-08-19,59946.08203125,4083.9130859375,414.51263427734375,60256.44140625,4085.1533203125,415.7189006654439,55829.9921875,3760.07470703125,410.9881645464059,56657.98828125,3823.2109375,411.1295149015822,47739048165.0,25080998392.0,92812200.0
2021-08-20,63257.7578125,4214.1796875,417.81097412109375,63261.57421875,4243.876953125,418.1408108133749,59821.6953125,4075.384033203125,414.3713143506773,59953.1953125,4083.220458984375,414.86136729657244,44497674760.0,26777453181.0,72008700.0
2021-08-21,62701.73046875,4136.162109375,,63742.19140625,4240.35546875,,61948.07421875,4115.369140625,,63242.2421875,4214.17529296875,,52034291731.0,23223930717.0,
2021-08-22,63260.4453125,4158.36962890625,,63429.28515625,4195.97119140625,,61797.14453125,4028.367431640625,,62655.078125,4136.34619140625,,32541066729.0,20500312786.0,
2021-08-23,62695.84375,4200.1982421875,421.4862060546875,64201.84375,4289.828125,422.400309988542,62110.29296875,4147.85986328125,417.8863304587678,63222.0,4157.3974609375,419.50721489532515,43409717891.0,25954820772.0,54973000.0
2021-08-24,60098.5,3996.549560546875,422.1553039550781,62975.9375,4239.39013671875,422.6924640652562,60075.9921875,3978.466796875,421.6370097316265,62716.34375,4207.2822265625,422.1553039550781,44546762856.0,25360365630.0,38744700.0
2021-08-25,61639.23046875,4060.01025390625,423.0411376953125,61949.12890625,4093.01953125,423.5594319185599,59433.27734375,3890.69287109375,421.9668174753797,60125.12890625,3998.833984375,422.3437901020763,41100154892.0,23797608614.0,40529700.0
2021-08-26,59549.91015625,3933.0078125,420.5439453125,62158.95703125,4093.42822265625,422.99409537456944,58513.515625,3858.6728515625,420.4497021349635,61691.92578125,4064.834716796875,422.75850181021815,41440098785.0,22080465054.0,57829600.0
2021-08-27,61922.34375,4128.18505859375,424.303955078125,61990.6484375,4142.3720703125,424.68089898103545,58907.0546875,3890.991943359375,421.2977792811288,59489.44921875,3928.035400390625,421.3543194286165,43560226494.0,23337760545.0,77235100.0
2021-08-28,61725.1015625,4095.1181640625,,62206.1328125,4146.16552734375,,61216.22265625,4061.0390625,,61939.90625,4133.86962890625,,36058945793.0,17304436750.0,
2021-08-29,61591.5078125,4070.3798828125,,62661.296875,4144.1328125,,60492.49609375,3987.119873046875,,61736.265625,4098.10693359375,,32655910331.0,16771649674.0,
2021-08-30,59328.4765625,4065.397216796875,426.16973876953125,61745.58203125,4219.28564453125,426.96132935659875,59191.5234375,3978.85009765625,424.7373121042939,61597.83984375,4070.61962890625,424.98233850944615,40153757397.0,24342807520.0,48357400.0
2021-08-31,59509.3125,4332.275390625,425.5384216308594,60815.06640625,4375.333984375,426.41482259090867,58957.19921875,4028.794189453125,424.9353171964827,59289.83984375,4069.663818359375,426.07558173887935,43818639659.0,34419292290.0,59300200.0
2021-09-01,61654.96484375,4840.3388671875,425.7645568847656,61931.29296875,4842.9130859375,426.99906451009645,58818.4609375,4279.02880859375,425.5289633874281,59424.890625,4328.52783203125,426.48077031954267,49401945272.0,37955627843.0,48721400.0
2021-09-02,61923.3125,4759.00048828125,427.0744934082031,63409.6015625,4808.74169921875,427.8849212781439,61386.7734375,4693.30908203125,425.86825578758834,61605.51171875,4827.96923828125,427.1970066348159,49596258535.0,30614597301.0,42501000.0
2021-09-03,62659.28125,4935.81689453125,426.97088623046875,63784.07421875,5032.5234375,427.48920929142287,60749.359375,4661.31591796875,425.52905486715883,61873.7578125,4754.60205078125,425.9342976265166,54117900281.0,32826536168.0,47170500.0
2021-09-04,62563.88671875,4870.146484375,,63316.6796875,4972.3896484375,,62068.0234375,4807.64208984375,,62639.1796875,4932.4296875,,46939020831.0,26064154717.0,
2021-09-05,64857.9453125,4952.85693359375,,64975.015625,4982.9560546875,,62055.26953125,4808.3388671875,,62555.40625,4868.27099609375,,38000711512.0,23023326506.0,
2021-09-06,65973.9296875,4924.05859375,,66044.7109375,4972.9423828125,,64056.234375,4854.365234375,,64877.484375,4952.08935546875,,48739593019.0,23407941080.0,
2021-09-07,59200.3984375,4333.2412109375,425.4441833496094,66213.34375,4941.36767578125,426.71639407724444,54680.30078125,3868.370849609375,424.76567287880226,66007.6953125,4921.7373046875,426.6221509198319,82468880129.0,49488044192.0,51671500.0
2021-09-08,58510.20703125,4439.62841796875,424.92584228515625,59797.82421875,4516.720703125,425.6420556917791,56600.1015625,4095.96728515625,422.9939584275475,59221.43359375,4335.74951171875,424.90700515933963,62212365005.0,40290001819.0,56181900.0
2021-09-09,58757.890625,4340.95947265625,423.1071472167969,59684.04296875,4523.1298828125,426.49026689222916,57957.41015625,4318.17041015625,422.8621207401383,58108.2421875,4382.7998046875,424.7280318706646,48981549848.0,30547157737.0,57970400.0
2021-09-10,56970.0234375,4076.2841796875,419.7710876464844,59546.37109375,4447.23828125,425.4724389893883,56287.5625,4007.333984375,419.64857442190095,58764.52734375,4338.7109375,425.04838793387586,49698039444.0,28375879022.0,89948200.0
2021-09-11,57373.08203125,4150.88232421875,,58347.67578125,4247.662109375,,56886.70703125,4073.05517578125,,56952.16796875,4073.142333984375,,43789778381.0,23642941462.0,
2021-09-12,58422.55078125,4325.111328125,,58809.3046875,4394.82421875,,56851.4140625,4106.24365234375,,57379.64453125,4150.8994140625,,35363022140.0,21320829723.0,
2021-09-13,56875.6796875,4155.98193359375,420.845458984375,59002.828125,4346.60400390625,423.05063992762393,55175.05859375,3951.7119140625,418.5177935522597,58414.87109375,4321.734375,422.7867763011038,51824601958.0,28741446629.0,83738600.0
2021-09-14,59766.96875,4352.09619140625,418.5743408203125,59942.41796875,4352.09619140625,422.5040249391946,56606.46484375,4141.08447265625,417.6790738700278,56871.85546875,4156.99951171875,422.29670147486434,49054993307.0,24272836616.0,78197100.0
2021-09-15,60791.61328125,4561.9658203125,422.0704650878906,61170.9921875,4561.9658203125,422.56992214968193,59376.5859375,4272.87158203125,417.8863222929337,59773.953125,4354.69482421875,418.99831669330354,38467044773.0,22143745385.0,78792200.0
2021-09-16,60599.1875,4529.14111328125,421.4014587402344,61276.83203125,4641.779296875,422.52285751363877,59715.7578125,4426.47314453125,418.43295717865146,60769.60546875,4559.1787109375,421.54280911007726,40283699689.0,25483228523.0,77786700.0
2021-09-17,60314.30078125,4336.603515625,417.2965087890625,60980.78125,4552.51318359375,421.04972055207907,59734.08984375,4286.1328125,416.93725479469646,60583.51953125,4526.951171875,420.6243109675202,36657137249.0,22614089928.0,118425000.0
2021-09-18,61604.15625,4379.32373046875,,62259.28515625,4518.14111328125,,60084.31640625,4302.60205078125,,60321.96484375,4335.17919921875,,36463075968.0,20410220922.0,
2021-09-19,60334.046875,4250.48974609375,,61667.96484375,4400.1279296875,,59936.90625,4197.865234375,,61592.02734375,4380.9443359375,,34427938603.0,18201763614.0,
2021-09-20,54853.77734375,3788.45849609375,410.3384094238281,60408.0546875,4267.3037109375,412.7207895345976,54588.37890625,3783.089599609375,405.44125147503127,60335.56640625,4250.7744140625,411.13253612741795,56218653573.0,35044515203.0,166445500.0
2021-09-21,52156.71875,3543.146484375,409.9508056640625,55658.57421875,3958.851806640625,413.9970868901232,51001.74609375,3430.7529296875,409.4213878476513,55069.42578125,3811.91015625,412.69243982428605,62419748856.0,38969895172.0,92526100.0
2021-09-22,55717.63671875,3935.5927734375,413.9497985839844,55930.734375,3925.47998046875,416.00131425425957,52087.140625,3514.869384765625,410.06424688851166,52136.5703125,3541.580322265625,412.2386394237889,48768292720.0,30358433100.0,102350100.0
2021-09-23,56849.671875,3995.770263671875,418.9793395996094,56877.69140625,4012.91552734375,420.59598269867746,55147.4921875,3886.4775390625,415.594844733839,55699.4609375,3935.728759765625,415.8311930271532,43362505419.0,23446771994.0,76396000.0
2021-09-24,54203.0390625,3709.29736328125,419.66943359375,57203.53515625,3996.72216796875,420.3879415463402,51983.65625,3488.7314453125,417.1168608103632,56848.66796875,3994.552734375,417.33431159893826,54202525004.0,32384634279.0,62094800.0
2021-09-25,54045.03515625,3701.425537109375,,54398.8671875,3756.371826171875,,52834.65234375,3566.561279296875,,54204.48046875,3708.304931640625,,39986288247.0,23953761801.0,
2021-09-26,54659.10546875,3873.787109375,,55565.515625,3940.83349609375,,51681.47265625,3472.4462890625,,54051.40625,3702.409423828125,,38786660556.0,26783697592.0,
2021-09-27,53329.70703125,3704.84326171875,418.46875,55918.6640625,3992.213134765625,419.80172867296113,53277.27734375,3703.017333984375,417.7691395969734,54691.546875,3878.306396484375,418.6294506451754,39117491332.0,24197837333.0,61371100.0
2021-09-28,52021.05078125,3558.916748046875,410.03594970703125,53924.48828125,3745.101806640625,416.01084179881366,51900.65234375,3541.93359375,409.2985441473634,53285.72265625,3698.30810546875,415.67994840064347,38304628304.0,21418533750.0,130436300.0
2021-09-29,53012.93359375,3639.018798828125,410.7259826660156,54008.9921875,3736.8134765625,413.17454696821795,51765.65234375,3555.402587890625,410.15874112027336,52059.640625,3561.453369140625,411.4255642234724,39031535122.0,20105374049.0,82329200.0
2021-09-30,55546.47265625,3807.473876953125,405.7060546875,55849.5390625,3856.90576171875,412.91938062174535,52850.75390625,3621.979736328125,405.3656981304132,52996.234375,3638.2734375,412.2103357165181,39501604155.0,22402142703.0,140506000.0
2021-10-01,60851.08984375,4182.85009765625,410.527587890625,61254.6015625,4211.09912109375,412.21985001934735,55053.25,3788.044189453125,403.90040030637977,55579.2578125,3806.7763671875,407.445625272323,54191063876.0,28211338681.0,129240100.0
2021-10-02,60338.33203125,4289.30615234375,,61059.91015625,4381.806640625,,60027.23828125,4122.7939453125,,60877.05078125,4184.56298828125,,38716433291.0,24284658770.0,
2021-10-03,60873.0703125,4317.140625,,62193.31640625,4405.029296875,,59637.46484375,4234.2001953125,,60298.546875,4288.13427734375,,33642022411.0,19596306754.0,
2021-10-04,61834.86328125,4255.650390625,405.2333068847656,62210.4921875,4320.521484375,410.262776183551,59180.12109375,4130.40478515625,403.07778294814807,60884.37890625,4317.66845703125,409.3552068978382,42030583220.0,22344288163.0,128570000.0
2021-10-05,64823.35546875,4427.5068359375,409.4497375488281,65227.66015625,4454.3779296875,411.7092119458161,61770.92578125,4247.6181640625,405.9423373960166,61912.99609375,4257.78515625,406.74589841121053,45141712152.0,20929521932.0,90682500.0
2021-10-06,69678.6953125,4506.54541015625,411.1514587402344,69948.1953125,4576.49560546875,411.3594463789701,63828.28125,4240.38525390625,404.1933792827259,64787.9375,4425.05517578125,405.82889090218106,61715797875.0,27507294161.0,113032200.0
2021-10-07,67519.5703125,4502.4453125,414.70611572265625,69649.96875,4581.701171875,417.56119232624303,67170.6640625,4376.27490234375,414.27124300116697,69649.96875,4501.8291015625,414.4508699874333,46189116604.0,23955892621.0,72437500.0
2021-10-08,67312.4765625,4444.9697265625,413.9497985839844,70176.0703125,4600.71533203125,415.86897422613924,67408.6796875,4425.74169921875,413.31640137941633,67514.75,4502.267578125,415.48135960268235,43406086019.0,20233250720.0,74557400.0
2021-10-09,68560.21875,4459.88427734375,,69096.1953125,4525.3916015625,,67022.234375,4421.12353515625,,67265.0,4440.2783203125,,40525313261.0,15849105966.0,
2021-10-10,68382.484375,4277.1875,,70382.0625,4494.21923828125,,67682.1796875,4263.78271484375,,68541.0078125,4459.01611328125,,49350567349.0,20190474262.0,
2021-10-11,71755.390625,4425.48828125,410.952880859375,72148.1328125,4514.9990234375,416.2187267344571,68036.4140625,4225.16650390625,410.8866964258537,68335.71875,4269.5390625,413.28800269717465,53222049292.0,23191473403.0,65233300.0
2021-10-12,69925.84375,4357.896484375,409.94140625,71945.5234375,4426.89111328125,412.2859918380702,67905.4296875,4253.455078125,409.1472794018904,71807.8671875,4426.89111328125,411.87947967495063,51262712150.0,22596425707.0,71181200.0
2021-10-13,71400.6484375,4485.71826171875,411.41619873046875,71779.1171875,4488.31201171875,412.2386861840545,67658.5859375,4255.81689453125,407.97498254461095,69922.3515625,4358.12158203125,410.97186278011543,51850625194.0,20165043592.0,72974000.0
2021-10-14,70937.625,4685.34033203125,418.33642578125,72715.3828125,4722.1123046875,418.4876921318008,70459.9453125,4461.484375,414.63047232052025,71365.4921875,4484.17236328125,415.10316884682675,45313469831.0,24062089434.0,70236800.0
2021-10-15,76176.9375,4777.15234375,421.5223693847656,77643.5625,4819.498046875,421.89108650075127,70329.6875,4619.5986328125,419.83957101042336,70967.7890625,4690.4638671875,420.46353384824977,64039533968.0,25930950909.0,66260200.0
2021-10-16,75309.015625,4737.26318359375,,77018.5859375,4900.603515625,,74460.5234375,4706.9677734375,,76196.1953125,4780.90185546875,,42360222530.0,20503125551.0,
2021-10-17,76170.078125,4760.63427734375,,76267.53125,4841.78955078125,,73198.875,4529.08349609375,,75303.4140625,4736.6162109375,,35926364467.0,19685609572.0,
2021-10-18,76744.5546875,4638.322265625,422.7703857421875,77597.71875,4812.0517578125,423.1107134443068,74393.6171875,4570.20654296875,419.06443171837196,76164.1171875,4761.408203125,419.726218496196,47085956678.0,21511863473.0,62213200.0
2021-10-19,79398.328125,4790.99658203125,426.03192138671875,79650.75,4799.75146484375,426.0980769708137,76157.1953125,4622.12451171875,423.79131571013966,76765.6953125,4636.345703125,424.4058442497044,50003822404.0,19767120387.0,46996800.0
2021-10-20,81340.7890625,5122.55126953125,427.7053527832031,82455.0234375,5136.46826171875,428.007885539752,78519.234375,4731.9638671875,426.3818080371913,79426.2421875,4791.095703125,426.49525060811925,50275242981.0,25068403068.0,49571600.0
2021-10-21,76962.0078125,5015.72021484375,428.82086181640625,82195.0625,5386.09814453125,429.0477469328398,76828.3671875,4980.84326171875,426.6653666569625,81352.375,5129.603515625,427.10023941382957,56794268282.0,34912599136.0,41305400.0
2021-10-22,75045.078125,4909.0703125,428.37652587890625,78611.65625,5141.06640625,429.8419025254368,74431.125,4838.466796875,426.4195551964199,76996.296875,5017.4072265625,428.3859890424601,47523166840.0,24028536303.0,58845100.0
2021-10-23,75912.2890625,5158.19921875,,76345.3828125,5158.19921875,,73974.59375,4877.47802734375,,75048.0,4910.5224609375,,33239864933.0,18277149757.0,
2021-10-24,75385.3359375,5057.66796875,,76051.0,5175.59130859375,,73748.1015625,4905.28515625,,75881.0390625,5158.4375,,33796347551.0,18531304463.0,
2021-10-25,78049.546875,5222.1494140625,430.673828125,79014.1640625,5251.62451171875,431.0047214901793,75072.71875,5036.9033203125,427.6864112280733,75339.671875,5053.36572265625,429.4731892382675,38461436004.0,19804293652.0,45214500.0
2021-10-26,74803.234375,5119.29052734375,431.0613708496094,78277.9765625,5312.92138671875,433.4532139114781,74345.84375,5089.5048828125,430.68321943154353,78040.796875,5221.48193359375,432.2336777520485,43222258308.0,21261959990.0,56075100.0
2021-10-27,72345.34375,4861.9052734375,429.1517639160156,76110.8828125,5326.435546875,432.1959309782803,72190.0859375,4861.9052734375,429.0761163082587,74788.6171875,5120.6181640625,431.5247099277596,54005768685.0,32434738989.0,72438000.0
2021-10-28,74853.671875,5293.80078125,433.2925720214844,76675.4921875,5298.35400390625,433.3681907749106,71882.6328125,4832.5693359375,430.5792984437599,72330.921875,4855.17333984375,430.58873275599586,55881545596.0,32052039026.0,51437900.0
2021-10-29,77081.15625,5468.50244140625,434.17181396484375,78010.1640625,5524.63525390625,434.46488353988855,74490.9140625,5275.580078125,430.68331085429384,74857.046875,5295.490234375,430.97638042933863,45654250876.0,28449788363.0,70162400.0
2021-10-30,76661.078125,5358.1396484375,,77207.7265625,5483.4931640625,,75458.9921875,5267.521484375,,77095.2734375,5467.87939453125,,39833716984.0,18104062083.0,
2021-10-31,75934.8203125,5310.17138671875,,77301.8984375,5443.361328125,,74413.46875,5176.50537109375,,76613.5859375,5354.5400390625,,39926147860.0,21668986716.0,
2021-11-01,75488.6875,5351.4228515625,434.9187316894531,77247.453125,5419.544921875,435.5426947150668,73930.515625,5153.22021484375,433.17921152006664,75936.671875,5310.3486328125,435.1645143229762,44733803353.0,22255535253.0,48433600.0
2021-11-02,78451.1953125,5688.80908203125,436.67706298828125,79776.0625,5709.22607421875,436.98905886494975,75079.9921875,5307.0439453125,434.95644063829457,75437.7578125,5348.79248046875,435.08880951957394,46835987242.0,25801709765.0,48908400.0
2021-11-03,77946.2734375,5702.92724609375,439.3431091308594,78891.84375,5781.19482421875,439.7496212641547,75952.09375,5557.0078125,435.66551590112994,78485.8515625,5694.87158203125,436.10985183902073,44716312529.0,26267347127.0,52509800.0
2021-11-04,76526.7734375,5650.3525390625,441.4134826660156,78160.8359375,5703.212890625,441.49856458035435,75810.9140625,5519.54248046875,439.598315273468,77911.3125,5699.81396484375,439.94810609389634,40616677225.0,22932596008.0,52847100.0
2021-11-05,76126.40625,5587.20361328125,442.9450378417969,77962.6328125,5697.96484375,444.94926664220156,75750.3828125,5537.037109375,441.4229687654718,76536.546875,5650.47607421875,443.6540826825688,38115839427.0,18788229554.0,66390600.0
2021-11-06,76626.8203125,5631.21337890625,,76705.53125,5642.93994140625,,74928.453125,5398.810546875,,76055.6640625,5582.7255859375,,36235063839.0,17970087554.0,
2021-11-07,78850.96875,5753.2373046875,,78850.96875,5777.94775390625,,76508.515625,5618.01611328125,,76660.9921875,5634.20361328125,,30788270851.0,16860908954.0,
2021-11-08,84072.0546875,5987.58447265625,443.3232116699219,84209.4765625,6001.26220703125,444.55224009988586,78872.234375,5752.1103515625,442.6330931214879,78872.234375,5752.1103515625,444.05118287452416,51171771933.0,24003276407.0,50405200.0
2021-11-09,83291.3203125,5888.89599609375,441.8578796386719,85357.9609375,6017.9228515625,443.928293060414,82605.90625,5871.1328125,440.4397898347998,84050.78125,5985.07568359375,443.69194475976866,52679660070.0,25910981310.0,51149100.0
2021-11-10,81162.859375,5789.42724609375,438.3031005859375,85339.515625,6043.90478515625,441.85778751890786,79000.6640625,5605.69384765625,436.80939233176025,83268.328125,5886.7744140625,440.1560627983752,60852670668.0,28406788228.0,69429700.0
2021-11-11,81766.484375,5955.1513671875,438.44500732421875,82160.9296875,6015.017578125,439.88202349667364,80218.1640625,5720.82763671875,438.4261098460434,81142.453125,5788.52734375,439.8063758817488,45170667390.0,22576375899.0,34848500.0
2021-11-12,80523.40625,5857.7900390625,441.7538757324219,82453.7890625,6057.0390625,442.31165426530237,78280.171875,5664.904296875,438.766429720723,81658.234375,5947.50048828125,439.7212860970853,45290872016.0,22988853488.0,53466700.0
2021-11-13,80916.9921875,5838.14111328125,,81476.9609375,5901.71875,,79453.78125,5751.1865234375,,80526.140625,5857.29248046875,,38248814023.0,18145817400.0,
2021-11-14,82136.203125,5804.33642578125,,82171.7578125,5886.31591796875,,79885.640625,5669.29638671875,,80899.2265625,5834.591796875,,31518754671.0,15272478378.0,
2021-11-15,79543.4375,5703.7705078125,441.905029296875,83065.7890625,5968.76953125,443.20967621240163,79546.390625,5692.5693359375,440.7705750428851,82204.515625,5805.2548828125,443.0489755640274,38244659286.0,20369423210.0,46980500.0
2021-11-16,75600.125,5298.39013671875,443.6540832519531,79747.84375,6124.169921875,444.79800085155625,73947.171875,5192.8310546875,441.5647725301074,79747.84375,5720.00830078125,441.64039128539906,58865763213.0,34453519458.0,48857500.0
2021-11-17,76131.671875,5407.1962890625,442.5762939453125,76447.25,5423.525390625,443.5689450572857,73526.953125,5160.76806640625,441.95233110166185,75572.953125,5295.3056640625,443.3893180787603,49408889963.0,27976140509.0,47858300.0
2021-11-18,71765.2578125,5042.09619140625,444.0794677734375,76860.75,5481.56884765625,444.34417666147783,71259.5390625,4989.01513671875,440.8745716296693,76121.7421875,5407.458984375,443.6162055810382,52162509641.0,26949717382.0,50625600.0
2021-11-19,73473.609375,5433.83349609375,443.285400390625,73709.421875,5455.7197265625,445.2234447746228,70192.984375,5019.412109375,442.916683219882,71707.2734375,5035.89404296875,443.9660557499497,48926809857.0,26075317644.0,57315600.0
2021-11-20,75468.0,5574.9462890625,,75673.6640625,5605.86474609375,,72652.078125,5321.24072265625,,73467.921875,5433.888671875,,38714583154.0,19529382941.0,
2021-11-21,74322.125,5403.25341796875,,75856.3984375,5590.8251953125,,74104.8828125,5385.18505859375,,75510.1171875,5577.80908203125,,33058648228.0,17836699067.0,
2021-11-22,71500.0625,5193.26123046875,442.0375061035156,74931.8828125,5439.15087890625,447.68150466992637,70738.453125,5123.927734375,441.82951844516293,74292.2265625,5399.173828125,445.17621845643487,44503757792.0,25089762223.0,72762000.0
2021-11-23,72977.1484375,5502.54736328125,442.6235656738281,73337.7734375,5557.126953125,443.4838767945243,70837.4140625,5169.91015625,439.0878049687893,71519.453125,5194.814453125,441.7065332793372,47518691883.0,28057416879.0,73206500.0
2021-11-24,71258.0546875,5368.3466796875,443.8053283691406,73293.7109375,5549.83447265625,443.92823408532615,71010.5390625,5298.97509765625,439.7874077919434,72973.0625,5501.625,440.6098951527455,46385207000.0,27649684758.0,61858800.0
2021-11-25,72534.3125,5413.65869140625,,75110.2734375,5756.94189453125,,72350.1015625,5379.8017578125,,72378.5625,5408.11962890625,,43418272413.0,23689008229.0,
2021-11-26,68511.4453125,5155.2099609375,433.90704345703125,74979.2578125,5765.439453125,438.5678242063692,68511.4453125,5022.30126953125,432.77256027189844,74669.015625,5727.056640625,437.09301337636003,53472602115.0,33612313886.0,112669600.0
2021-11-27,70113.96875,5240.3603515625,,70771.65625,5356.466796875,,68647.1953125,5159.267578125,,68724.59375,5170.67236328125,,39090393102.0,21125224035.0,
2021-11-28,72853.359375,5465.04443359375,,73124.1796875,5471.359375,,68530.0,5103.57080078125,,70111.34375,5246.4189453125,,35781043474.0,20301661424.0,
2021-11-29,73636.0234375,5662.33056640625,439.2296447753906,75166.0078125,5685.57470703125,441.08260719309874,72364.6953125,5459.2900390625,436.5163711652553,72908.6484375,5468.21728515625,438.7285875810218,41235109425.0,24313020948.0,86268800.0
2021-11-30,72827.109375,5916.931640625,430.68328857421875,75445.84375,6066.5458984375,438.6907694757676,71736.0,5576.98828125,430.4374771300162,73666.0234375,5665.72216796875,436.7716225911538,46896954928.0,36571512815.0,148559600.0
2021-12-01,73320.28125,5876.6455078125,425.8995666503906,75267.40625,6097.07373046875,439.2957987886865,72512.921875,5807.1298828125,425.70104218930726,72702.6015625,5906.9677734375,436.431259017202,47221061208.0,35404496395.0,131939200.0
2021-12-02,72396.2578125,5782.82666015625,432.4228210449219,73423.3671875,5926.3369140625,434.00164029992874,71565.390625,5699.51123046875,425.71998707347524,73304.3203125,5875.80322265625,426.1170648909681,41506359999.0,27563263364.0,127637800.0
2021-12-03,68866.2421875,5423.01611328125,428.6601867675781,73394.0390625,5933.72412109375,435.1644675867298,67411.9140625,5265.0791015625,424.40591747348236,72436.4453125,5786.74072265625,434.09619753225604,51123466987.0,33251651970.0,137331600.0
2021-12-04,63216.015625,5293.0927734375,,69259.96875,5451.30859375,,55087.87890625,4529.76611328125,,69032.8046875,5432.08203125,,78872001553.0,49440126889.0,
2021-12-05,63280.54296875,5381.37255859375,,63945.10546875,5456.7021484375,,61490.18359375,5191.11376953125,,63217.0625,5293.146484375,,47680319465.0,32728049980.0,
2021-12-06,64560.9296875,5563.25732421875,433.7369384765625,64971.6015625,5581.6328125,435.627724807556,60463.08203125,5032.3955078125,428.792521834615,63337.75390625,5382.24072265625,431.22218919420794,48127571738.0,36030633036.0,98977500.0
2021-12-07,64117.0,5456.96923828125,442.7087097167969,65680.5703125,5619.3662109375,443.275951385461,63454.234375,5392.876953125,433.6045689306223,64559.91796875,5563.0654296875,439.0500427880223,42588811396.0,28285051492.0,95484700.0
2021-12-08,63901.59765625,5616.9326171875,443.8809509277344,64628.8828125,5624.23193359375,444.33474999497895,61613.484375,5350.134765625,441.3378412207383,64075.98046875,5452.685546875,443.10575052479743,36034167562.0,23665784339.0,72238800.0
2021-12-09,60575.10546875,5234.88916015625,440.884033203125,64265.52734375,5670.55322265625,443.98492110232394,60211.41015625,5185.84228515625,440.6855087505865,63832.37109375,5608.92041015625,442.5857290699506,37616111073.0,28330825224.0,61272600.0
2021-12-10,60119.703125,4973.7763671875,445.0343322753906,63476.859375,5364.8388671875,445.1855986313529,59840.2421875,4960.12353515625,441.0353379844853,60537.015625,5226.9765625,443.6068083336289,39405944648.0,35650113743.0,77159800.0
2021-12-11,62816.5078125,5197.6904296875,,62938.296875,5211.93798828125,,59736.71875,4894.31591796875,,60146.84765625,4975.26708984375,,32801211308.0,24345889106.0,
2021-12-12,63729.58984375,5259.39697265625,,64550.1796875,5312.5869140625,,62006.328125,5081.38330078125,,62806.765625,5198.14697265625,,27908666948.0,17882537363.0,
2021-12-13,59863.00390625,4846.97021484375,441.0920715332031,63866.73046875,5273.2822265625,444.8641808206626,58729.890625,4709.935546875,440.8084362887176,63750.4609375,5261.82177734375,444.5143899851278,41200270771.0,30739836841.0,87724700.0
2021-12-14,59978.8046875,4819.4453125,438.057373046875,62304.57421875,4974.23095703125,440.3074134469163,59466.71484375,4739.77490234375,435.11721408540126,59827.57421875,4845.171875,437.8021272729205,44571243100.0,30671950875.0,97264100.0
2021-12-15,62770.1875,5158.52587890625,444.9020080566406,63515.90234375,5246.1875,445.1477906490949,60269.609375,4731.33642578125,435.58041689056216,62252.6484375,4969.751953125,438.1140923790866,46909841526.0,33904835441.0,116899300.0
2021-12-16,60918.65625,5064.22265625,440.9786071777344,63128.8125,5249.7216796875,447.0480145048565,60730.734375,5054.78076171875,439.41868553794336,62774.9921875,5161.12744140625,446.76440812549816,34849978513.0,25337960742.0,116568600.0
2021-12-17,59578.58984375,5002.67578125,436.2853698730469,61357.453125,5103.28759765625,440.90560525161436,58559.6953125,4764.1923828125,434.56819879707973,60903.70703125,5059.80419921875,437.87920342104877,42428722367.0,29844059117.0,135511600.0
2021-12-18,60412.43359375,5107.6083984375,,61012.12890625,5150.12353515625,,58800.10546875,4867.44140625,,59600.65234375,5003.71337890625,,33654270389.0,25185480866.0,
2021-12-19,60249.05859375,5059.8935546875,,62012.58203125,5182.140625,,59966.48828125,5021.90478515625,,60419.0,5107.6240234375,,32447119621.0,20855408682.0,
2021-12-20,60646.34375,5088.990234375,431.64605712890625,61339.48046875,5130.51416015625,432.04450093490436,58957.02734375,4862.75048828125,428.00299756889024,60249.125,5061.31640625,431.17169996298026,40053647956.0,27929352213.0,107134800.0
2021-12-21,63238.33984375,5195.18115234375,439.31170654296875,63738.6953125,5247.447265625,439.45400791856366,60419.33984375,5065.2470703125,432.90788406899264,60653.84765625,5094.96630859375,435.0899157013606,34962862626.0,21178110454.0,69806300.0
2021-12-22,62498.3828125,5117.8779296875,443.7043151855469,63970.01171875,5258.67431640625,443.81815630042934,62527.29296875,5094.6044921875,438.85636872535207,63238.9609375,5193.15966796875,439.055619628867,31421056736.0,17892533424.0,58890200.0
2021-12-23,65142.59765625,5269.4541015625,446.4650573730469,65753.234375,5314.62109375,447.9735099803831,61656.453125,4997.9072265625,444.60558502690833,62495.59765625,5117.70068359375,444.7099297265655,36203474046.0,23098380211.0,56439700.0
2021-12-24,65088.49609375,5184.2919921875,,66433.359375,5300.54443359375,,64722.3515625,5160.0634765625,,65170.19140625,5273.72509765625,,31208228870.0,16353502052.0,
2021-12-25,64586.0234375,5242.3056640625,,65542.3828125,5300.3017578125,,64338.65234375,5158.6064453125,,65130.40234375,5186.59619140625,,24372744932.0,13953060770.0,
2021-12-26,65118.4921875,5212.76904296875,,65588.1875,5257.345703125,,63552.8046875,5139.52294921875,,64584.53125,5243.4208984375,,26868359629.0,14350612076.0,
2021-12-27,64760.640625,5163.34912109375,452.7834777832031,66481.1328125,5280.6630859375,452.8309019257752,64716.734375,5158.90966796875,447.8027268094746,65109.640625,5209.46044921875,447.8501509520467,31106776059.0,14609848575.0,56808600.0
2021-12-28,60992.25390625,4871.41455078125,452.41351318359375,64811.078125,5163.3369140625,454.2540217689277,60787.38671875,4836.5517578125,451.6450566966984,64811.078125,5163.3369140625,453.2199263600497,42846042533.0,22171869318.0,47274600.0
2021-12-29,59372.22265625,4638.50439453125,452.99224853515625,61687.4375,4906.70751953125,454.01684754349543,59077.66796875,4619.66796875,451.5122561050711,61037.1328125,4866.984375,452.517891244681,38413188046.0,20098803263.0,54503000.0
2021-12-30,60136.87109375,4733.9619140625,451.7398986816406,61058.20703125,4801.82666015625,454.4342443807081,58888.109375,4596.46923828125,451.27503784257567,59430.89453125,4643.21923828125,453.4191129196159,34016656312.0,16475682052.0,55329000.0
2021-12-31,58533.6640625,4655.0322265625,450.6014099121094,61696.94921875,4845.94384765625,452.403961588004,57915.734375,4596.94921875,450.3263035656478,60125.71484375,4733.423828125,451.24655774606043,46737202622.0,17895516443.0,65237400.0
2022-01-01,60278.515625,4765.08544921875,,60456.11328125,4765.36474609375,,58510.9609375,4654.59423828125,,58540.359375,4655.5556640625,,31073720227.0,12357594823.0,
2022-01-02,59937.44140625,4848.09912109375,,60437.34765625,4842.11865234375,,59144.23046875,4711.56640625,,60271.07421875,4764.58154296875,,35385736693.0,12509607009.0,
2022-01-03,59242.6953125,4796.45556640625,453.2103271484375,60264.03125,4888.744140625,453.34316105553387,58466.3828125,4717.07080078125,449.54830362943744,59935.31640625,4848.06201171875,451.8726364314428,42172444412.0,15405226757.0,72668200.0
2022-01-04,58314.0625,4820.44775390625,453.05865478515625,60131.88671875,4927.568359375,455.3640533135244,58179.56640625,4744.67626953125,451.1896858273687,59243.62890625,4796.431640625,454.6430209381934,53990593140.0,17826656266.0,71178700.0
2022-01-05,55596.8359375,4530.52099609375,444.35894775390625,59644.0,4883.02734375,453.4666136792623,54599.96484375,4409.953125,444.26407050367374,58316.328125,4820.7177734375,452.6886607608163,47024342749.0,23047423854.0,104538900.0
2022-01-06,54947.09765625,4351.89013671875,443.94146728515625,55868.91015625,4529.65576171875,446.6737696888694,54520.19140625,4264.1123046875,441.5601846155021,55592.3828125,4529.65576171875,443.89404314094736,38457111075.0,30927818376.0,86858900.0
2022-01-07,52537.5390625,4036.85986328125,442.186279296875,54937.73046875,4351.98046875,445.136796056588,52026.43359375,3948.303955078125,440.82012828151994,54937.73046875,4351.1640625,443.950903088569,106441435423.0,30965565850.0,85111600.0
2022-01-08,52763.80859375,3909.14990234375,,53389.62890625,4096.6845703125,,51421.55078125,3819.26953125,,52542.046875,4037.22900390625,,35484013031.0,20276345076.0,
2022-01-09,53009.12109375,3993.87353515625,,53977.578125,4055.9169921875,,52263.421875,3888.843994140625,,52764.796875,3908.80078125,,26932796644.0,15600710795.0,
2022-01-10,52972.27734375,3905.15966796875,441.6361389160156,53353.78125,4017.024169921875,441.85432474255884,50416.8828125,3734.317138671875,433.18308842835216,53007.390625,3993.64453125,438.97025322912015,40664344318.0,24744657285.0,119362000.0
2022-01-11,53752.30078125,4072.83203125,445.6585998535156,54105.8203125,4089.7705078125,445.7534770862342,52427.8046875,3876.674560546875,438.3534872211781,52970.05078125,3905.024169921875,441.37042108781833,33114390234.0,19132654051.0,74303100.0
2022-01-12,54950.484375,4216.4052734375,446.8635559082031,55181.34765625,4252.46044921875,448.9317758115386,53422.78515625,4043.604248046875,444.890242211113,53760.2578125,4073.257568359375,447.4043301974801,41885676841.0,20833938393.0,67605400.0
2022-01-13,53275.625,4063.118408203125,440.7063293457031,55154.4453125,4231.3603515625,448.6281009203371,53041.52734375,4058.574951171875,439.6722340529678,54947.53515625,4216.2138671875,447.9734856231748,59654408626.0,19131067845.0,91173100.0
2022-01-14,54076.76171875,4153.02587890625,440.8866271972656,54428.3125,4182.27978515625,441.2376469486595,52469.83203125,4004.1357421875,436.31381611390606,53284.7578125,4063.569091796875,437.5376659911058,29582332271.0,17017306807.0,95890900.0
2022-01-15,54174.24609375,4178.78369140625,,54860.91015625,4221.45166015625,,53536.41015625,4113.7158203125,,54079.5234375,4152.82861328125,,23050346996.0,12070116643.0,
2022-01-16,54073.08203125,4202.69970703125,,54499.7265625,4236.3369140625,,53564.0,4129.89208984375,,54167.52734375,4178.603515625,,22452667900.0,11922267471.0,
2022-01-17,52881.88671875,4020.604248046875,,54184.73828125,4211.1337890625,,52171.80078125,3951.9384765625,,54078.40234375,4202.73095703125,,27148899737.0,15450458869.0,
2022-01-18,52960.85546875,3954.383056640625,433.07867431640625,53209.26171875,4046.3857421875,436.37071480072626,51825.33203125,3888.526611328125,431.95919815118293,52881.2890625,4020.582763671875,436.1619964519161,28016916006.0,16277522662.0,109709100.0
2022-01-19,52226.37109375,3873.19091796875,428.581787109375,53071.41796875,3961.189208984375,436.038669386356,51558.13671875,3819.348388671875,428.3066517901506,52958.86328125,3954.164306640625,434.63459041749303,28889852862.0,16498799534.0,109357600.0
2022-01-20,50857.03515625,3751.880126953125,423.83819580078125,54097.01171875,4068.939453125,435.2132732011315,50847.5390625,3751.615234375,421.7035882114097,52225.99609375,3872.497314453125,430.47919718993734,25480803550.0,13309106802.0,122379700.0
2022-01-21,45863.3046875,3217.8779296875,415.5179748535156,51403.38671875,3792.085205078125,425.08100399182297,45025.61328125,3140.990966796875,415.4895145774554,50881.01953125,3754.176513671875,422.70921781191396,54109085975.0,33709735177.0,202271200.0
2022-01-22,44068.05859375,3025.7177734375,,46154.5234375,3289.98095703125,,43211.35546875,2931.451171875,,45881.26171875,3221.9208984375,,49960696839.0,34431072581.0,
2022-01-23,45570.26953125,3184.470458984375,,45804.6171875,3198.01806640625,,43759.48828125,2995.172119140625,,44089.578125,3027.910888671875,,32683313066.0,20703750457.0,
2022-01-24,46280.05078125,3081.208251953125,417.2825622558594,47085.0390625,3187.195556640625,417.79487616805744,41809.1953125,2745.8017578125,399.1811032003576,45568.921875,3185.54052734375,409.87310468129533,52848551997.0,35631813715.0,251783900.0
2022-01-25,46625.41796875,3098.68994140625,412.18798828125,47226.40234375,3149.855224609375,417.16873938580625,45241.15625,2983.041015625,405.24339122116197,46280.65234375,3081.26025390625,410.85029736744434,33344843233.0,20414267251.0,167997300.0
2022-01-26,46642.44140625,3123.699462890625,411.1539001464844,48915.0859375,3408.9443359375,421.2672003261667,46079.1875,3062.66064453125,406.86569201949834,46621.01953125,3098.240966796875,418.1174611954088,39646447370.0,26869953204.0,186391100.0
2022-01-27,47340.6640625,3088.635986328125,409.1236572265625,47353.5234375,3183.4912109375,418.9428587043433,45412.90234375,2967.99658203125,407.4254790114483,46629.48046875,3122.634033203125,415.7836519614338,31920682146.0,20556720489.0,149878300.0
2022-01-28,48242.28125,3252.076171875,419.284423828125,48452.84375,3254.2294921875,419.3318479765455,46327.4765625,3029.340087890625,405.8790820647147,47328.18359375,3086.90966796875,410.48982106609395,28394094035.0,18725545758.0,164457400.0
2022-01-29,48694.0625,3315.90576171875,,49253.40234375,3354.879150390625,,47759.8359375,3226.409912109375,,48237.66015625,3251.435791015625,,21953189066.0,14264266164.0,
2022-01-30,48383.35546875,3322.05712890625,,48841.2421875,3358.59814453125,,47811.51171875,3257.180908203125,,48711.60546875,3317.7958984375,,18685358181.0,12123681738.0,
2022-01-31,48941.953125,3418.891357421875,426.83612060546875,49058.13671875,3428.079833984375,427.1871403186954,46821.53125,3170.468017578125,417.25409889395814,48386.7734375,3321.7978515625,418.6107536054704,26369953307.0,17522841882.0,152251400.0
2022-02-01,49166.76171875,3543.308349609375,429.7203063964844,49635.9296875,3556.05419921875,430.36542540103034,48315.015625,3411.267578125,424.01852216350414,48940.22265625,3418.407958984375,427.56670564098005,25746918456.0,16744787666.0,123155400.0
2022-02-02,46882.73046875,3403.771728515625,433.8945617675781,49255.88671875,3548.385009765625,434.6250614750109,46671.5625,3332.683349609375,429.815072239759,49167.3203125,3543.107421875,432.13943423540405,24302437829.0,17605043746.0,117361000.0
2022-02-03,47108.80078125,3396.945068359375,423.6959228515625,47108.80078125,3440.0546875,429.7392298888471,46213.59375,3284.686279296875,422.85155300680765,46872.35546875,3402.97509765625,427.8228369251189,23572448624.0,16172870694.0,118024400.0
2022-02-04,52980.2265625,3808.862060546875,425.688232421875,53014.578125,3808.862060546875,429.5589750673006,47044.328125,3393.15576171875,421.0679682188153,47102.03515625,3399.34765625,423.45874742706604,37547775358.0,24239184749.0,118454400.0
2022-02-05,52863.59375,3845.575927734375,,53381.49609375,3895.93994140625,,52349.42578125,3784.514892578125,,52980.99609375,3809.958740234375,,25069760217.0,16713424115.0,
2022-02-06,54060.4140625,3897.169189453125,,54190.16015625,3903.114013671875,,52613.2421875,3782.79150390625,,52863.53515625,3845.97314453125,,20575298377.0,12065727348.0,
2022-02-07,55530.38671875,3980.416748046875,424.322021484375,56226.74609375,4031.75439453125,427.8607077474876,53245.72265625,3826.7021484375,422.9843306755765,54053.2109375,3897.10009765625,426.4566289330493,36279264093.0,19249391238.0,84472900.0
2022-02-08,56058.44140625,3967.69580078125,427.8133239746094,57491.73046875,4086.49267578125,428.7430746184262,54383.33203125,3859.933837890625,422.3866758127271,55548.5859375,3981.097900390625,423.81924398935524,42031841981.0,21773704162.0,81012000.0
2022-02-09,56206.7421875,4106.54638671875,434.0748596191406,56684.12109375,4136.2978515625,434.3974190890988,54862.9375,3887.171630859375,431.6746129861687,56030.81640625,3965.8837890625,431.8738349332814,29467997724.0,17685585478.0,92589900.0
2022-02-10,55476.03125,3918.88134765625,426.2763977050781,57769.0546875,4144.88525390625,434.2360971482521,55148.390625,3907.860595703125,424.26512763702846,56218.15234375,4107.3779296875,428.1927905344999,40929845318.0,23722879449.0,140103700.0
2022-02-11,53994.2109375,3727.174072265625,417.8708190917969,55667.79296875,3974.989990234375,428.44898095162984,53620.65234375,3677.931640625,416.42878334172724,55483.6953125,3918.793212890625,426.3618262306715,34319281054.0,20427229810.0,153214600.0
2022-02-12,53786.08203125,3714.415283203125,,54738.546875,3794.266845703125,,53287.11328125,3654.338134765625,,53999.765625,3727.177734375,,23111804859.0,14329158293.0,
2022-02-13,53694.5234375,3669.083251953125,,54357.22265625,3753.138671875,,53412.359375,3622.78857421875,,53776.01953125,3713.685546875,,18758038133.0,11522051771.0,
2022-02-14,54210.5078125,3734.136962890625,416.5046081542969,54501.90234375,3773.13427734375,418.95230765301676,53095.93359375,3616.965576171875,413.01334592070134,53643.4765625,3664.9150390625,417.3584743227841,26512476452.0,15484720712.0,123006300.0
2022-02-15,56723.4609375,4046.501708984375,423.2215576171875,56824.203125,4052.517578125,423.3923192839922,54089.21484375,3714.303955078125,420.4512984505421,54209.9296875,3734.455322265625,420.97310881351615,28914083678.0,17715273967.0,88482700.0
2022-02-16,55817.01171875,3971.308837890625,423.6959228515625,56727.37109375,4048.715576171875,425.08103798470324,55174.57421875,3878.97900390625,419.2749095843763,56727.37109375,4047.226806640625,421.1628422697683,25129984191.0,15683468031.0,84863600.0
2022-02-17,51520.1640625,3662.104248046875,414.6451416015625,56040.359375,4005.75244140625,423.6674254251265,51139.88671875,3636.200439453125,414.03797939947293,55785.5390625,3970.0751953125,420.4892261780721,33357146235.0,20156894679.0,102259100.0
2022-02-18,51065.515625,3553.61328125,411.9603576660156,51903.7734375,3724.2578125,416.1631564615833,50535.23046875,3520.711181640625,409.67395196972615,51538.109375,3665.7373046875,414.90134981033555,29735411327.0,20089157440.0,132642900.0
2022-02-19,51181.828125,3525.515380859375,,51560.34375,3605.4306640625,,50659.9609375,3453.667236328125,,51059.1953125,3552.523193359375,,17523040038.0,12468436759.0,
2022-02-20,49025.296875,3353.256591796875,,51178.9375,3525.586181640625,,48556.10546875,3297.353271484375,,51176.65625,3525.586181640625,,23396303076.0,14850493304.0,
2022-02-21,47300.640625,3283.6748046875,,50136.078125,3505.32470703125,,47118.8046875,3276.694580078125,,49014.875,3352.00244140625,,37355937889.0,23789067857.0,
2022-02-22,48882.18359375,3369.759765625,407.5393371582031,48971.1484375,3372.582275390625,413.16520778053655,46572.8671875,3200.728759765625,404.0195851508486,47292.33984375,3282.50390625,409.7403619760291,32548711248.0,20888098680.0,124391800.0
2022-02-23,47495.1328125,3298.680419921875,400.31011962890625,49640.87890625,3478.31689453125,411.04007897172494,47375.73046875,3295.01611328125,399.7408851031858,48881.23046875,3369.9482421875,410.4708444460045,27823593840.0,17042052480.0,132578000.0
2022-02-24,49097.75,3327.6953125,406.33441162109375,49850.890625,3439.964111328125,406.77084113993465,44077.54296875,2954.8681640625,389.5801389116673,47472.203125,3295.88720703125,389.94062610412374,59409997153.0,37544274418.0,213942900.0
2022-02-25,49855.390625,3514.719970703125,415.2998046875,50587.7109375,3587.742919921875,415.3851855248468,48842.80859375,3305.466552734375,405.91700365528385,49099.203125,3328.168212890625,407.57725415946004,33749012947.0,21878709707.0,121804500.0
2022-02-26,49716.72265625,3535.79443359375,,50861.19921875,3622.643798828125,,49204.8515625,3489.894775390625,,49853.9453125,3515.297119140625,,22207549618.0,14906248928.0,
2022-02-27,48103.921875,3344.462158203125,,50573.35546875,3599.3798828125,,47591.73828125,3296.671630859375,,49708.5234375,3535.02197265625,,29913803536.0,20602598793.0,
2022-02-28,54715.02734375,3697.898193359375,414.2371826171875,55454.390625,3711.933837890625,415.72667120798485,47888.0625,3305.947265625,408.6113130445834,48099.09375,3343.658935546875,409.8730904864747,45210325366.0,24405363506.0,145615000.0
2022-03-01,56438.26171875,3782.28515625,407.92828369140625,56810.515625,3837.81103515625,414.7495434726037,54450.5625,3637.6826171875,405.205448672507,54716.63671875,3698.6259765625,412.7287768929972,41327379553.0,23867548807.0,137785900.0
2022-03-02,55550.08203125,3730.964599609375,415.4326171875,57164.90234375,3850.373291015625,417.1687520289045,55136.703125,3693.780517578125,409.4367344418012,56442.05078125,3782.2685546875,410.1956944807002,36907386430.0,21039920866.0,117726500.0
2022-03-03,53792.65625,3591.68896484375,413.3643798828125,55666.38671875,3749.90283203125,418.4874323079745,53141.61328125,3545.680419921875,411.5523317433492,55551.44921875,3731.012939453125,417.8802700932544,31637850810.0,16588474462.0,105501700.0
2022-03-04,49828.234375,3332.045166015625,410.0059814453125,53840.57421875,3592.585205078125,411.14442153836376,49405.86328125,3294.6044921875,405.93598790291327,53800.70703125,3592.345703125,409.6075085936387,36305633548.0,18456850403.0,113978200.0
2022-03-05,50163.05078125,3392.7431640625,,50374.078125,3410.91259765625,,49369.1796875,3306.370849609375,,49842.04296875,3333.72265625,,21612974181.0,10277376185.0,
2022-03-06,48853.5078125,3248.896240234375,,50468.08984375,3403.95458984375,,48667.1171875,3248.896240234375,,50167.65234375,3392.88623046875,,25107343260.0,11282566499.0,
2022-03-07,48719.3359375,3197.142333984375,397.9192810058594,50333.43359375,3364.375244140625,410.129230921241,47731.66015625,3145.703857421875,397.8528640480721,48865.35546875,3249.22705078125,409.4176951084335,36539006591.0,18680417187.0,137896600.0
2022-03-08,49936.87109375,3321.729248046875,394.90240478515625,50568.546875,3368.495849609375,405.3003074447001,48621.515625,3188.34326171875,393.8303527836148,48716.6015625,3197.078369140625,398.09956797048136,33229031961.0,17948276604.0,164772700.0
2022-03-09,53734.07421875,3493.858154296875,405.4900817871094,54452.671875,3543.735595703125,407.4823880957403,49874.234375,3316.25,401.1354855574779,49944.0234375,3322.267578125,403.33651022134575,41320543364.0,18140916864.0,116990800.0
2022-03-10,50308.6328125,3326.97265625,403.6590576171875,53832.0,3493.00439453125,404.5603190245784,49644.421875,3280.64697265625,398.8775284099526,53722.73828125,3493.00439453125,400.8508418393446,39644919717.0,16956628312.0,93972700.0
2022-03-11,49445.0078125,3262.216796875,398.5264587402344,51156.24609375,3400.7763671875,406.78025652000923,49037.01171875,3241.199462890625,398.01414486553523,50311.83203125,3327.2568359375,406.16359796012125,33602606561.0,15781653788.0,95636300.0
2022-03-12,49583.98046875,3281.578369140625,,50099.63671875,3321.960693359375,,49416.41015625,3261.660888671875,,49444.359375,3262.34130859375,,18628973308.0,8326441326.0,
2022-03-13,48205.4453125,3208.135498046875,,49973.140625,3306.80810546875,,48061.76953125,3189.69189453125,,49559.3984375,3279.96435546875,,22034281129.0,10993741579.0,
2022-03-14,50860.078125,3321.7490234375,395.6139221191406,50940.625,3321.235107421875,402.77670457172576,47997.9453125,3191.26513671875,394.46598575157685,48201.18359375,3207.5517578125,399.30443519388706,31185483206.0,14417388281.0,95729200.0
2022-03-15,50240.7421875,3346.271728515625,404.31365966796875,50799.0390625,3398.54345703125,404.94928215145023,49211.34375,3234.4423828125,396.9611225027557,50856.8671875,3321.71435546875,398.2418638792377,30566830528.0,16425303813.0,106219100.0
2022-03-16,52203.33203125,3517.1787109375,413.2790222167969,52915.015625,3528.38037109375,413.33594277285255,49805.00390625,3333.802734375,403.01392397187186,50236.63671875,3346.116943359375,407.8429064461944,50265864031.0,22730655445.0,144954800.0
2022-03-17,51732.16015625,3555.887451171875,418.4494934082031,52341.1171875,3568.273681640625,418.4494934082031,51542.22265625,3488.505615234375,410.9736188383795,52199.421875,3517.0625,411.3530988315118,27803804657.0,16024762739.0,102676900.0
2022-03-18,52690.35546875,3712.60498046875,423.03265380859375,53133.515625,3744.422119140625,423.35621530561934,50859.8125,3500.613525390625,416.08553492720876,51723.8984375,3555.357177734375,416.8278299009524,43388382609.0,19954823097.0,106345500.0
2022-03-19,53181.53125,3713.77197265625,,53340.2265625,3756.28857421875,,52440.37109375,3669.080810546875,,52682.15234375,3711.82177734375,,24787645767.0,14592189645.0,
2022-03-20,51998.86328125,3606.0234375,,53245.19921875,3727.269775390625,,51686.703125,3562.322509765625,,53182.4765625,3714.137939453125,,25374195345.0,15990938080.0,
2022-03-21,51712.84375,3648.245361328125,422.9090270996094,52208.59765625,3715.948974609375,424.8789450738188,51251.6953125,3577.861572265625,419.3783406952006,51996.73046875,3605.57470703125,422.861426581251,30988359730.0,19142888320.0,88349800.0
2022-03-22,53301.359375,3741.18017578125,427.8576354980469,54283.9609375,3827.133544921875,428.7997714092016,51562.40234375,3642.161865234375,424.30792644314903,51707.9453125,3647.990478515625,424.30792644314903,40272414224.0,21178372429.0,74650400.0
2022-03-23,53871.96875,3806.907958984375,422.3475036621094,53872.65625,3814.66796875,426.81079991668514,52716.45703125,3692.519775390625,422.26185758348765,53308.3671875,3741.197509765625,425.3071870213028,31704202506.0,20106419853.0,79426100.0
2022-03-24,55043.39453125,3891.59814453125,428.7140808105469,55361.3828125,3911.28466796875,428.7236067213597,53687.38671875,3784.6630859375,423.2610777184149,53864.05078125,3806.900146484375,424.38403158271177,38868868562.0,22626040874.0,64736900.0
2022-03-25,55327.2578125,3875.727783203125,430.8077697753906,56350.390625,3989.3369140625,431.08375982107265,54836.52734375,3854.1982421875,426.7536813341778,55047.921875,3892.082763671875,429.3517284263147,38143108981.0,21246405054.0,77101300.0
2022-03-26,55570.41015625,3925.044921875,,55864.07421875,3929.59814453125,,55099.63671875,3857.206787109375,,55328.6640625,3875.39599609375,,21166881924.0,11084430399.0,
2022-03-27,58466.90234375,4110.34423828125,,58470.88671875,4110.34423828125,,55704.37109375,3923.608642578125,,55576.06640625,3925.814697265625,,35165798397.0,16772989981.0,
2022-03-28,59012.4140625,4178.0439453125,433.8721618652344,60266.9921875,4291.30615234375,433.8721618652344,58277.546875,4094.6328125,428.3049341784775,58468.59765625,4111.2744140625,430.2082578975455,45531734637.0,25820371702.0,68529800.0
2022-03-29,59327.60546875,4252.158203125,439.2395324707031,60092.1640625,4342.37939453125,439.73441523925027,58977.8984375,4176.0234375,435.08077466994746,58977.8984375,4176.0234375,437.7834909448163,39243309719.0,24414779346.0,86581500.0
2022-03-30,58753.265625,4226.0478515625,436.52728271484375,59448.84765625,4286.55029296875,438.9064372335808,58410.09375,4184.921875,434.4050664288614,59316.56640625,4251.5810546875,438.0879929770802,36620567407.0,19103725166.0,79666900.0
2022-03-31,56932.453125,4102.7099609375,429.80853271484375,59486.4375,4297.5791015625,436.58435982271715,56736.12890625,4091.02099609375,429.3517246131938,58752.6171875,4226.21240234375,435.75641873543657,41665949368.0,22110406706.0,121699900.0
2022-04-01,57957.578125,4319.80517578125,431.02667236328125,58293.51953125,4344.32763671875,431.54054882132033,55525.4609375,4031.427734375,427.42939194494187,56951.81640625,4103.876953125,431.3978053607539,47790316188.0,26276577386.0,89048800.0
2022-04-02,57440.76953125,4314.1787109375,,58892.57421875,4409.63427734375,,57332.52734375,4310.34814453125,,57962.40234375,4320.1015625,,36737630178.0,29518188417.0,
2022-04-03,58194.2421875,4413.1943359375,,59244.28125,4476.13525390625,,57146.67578125,4284.375,,57428.46875,4313.86767578125,,31837632462.0,19209275447.0,
2022-04-04,58215.68359375,4396.81884765625,434.7190856933594,58431.30859375,4414.5869140625,434.8237835903003,56524.1875,4275.9443359375,430.39856216040056,58183.84765625,4412.607421875,431.2265032549893,40581052107.0,22737987980.0,59601000.0
2022-04-05,56876.83984375,4259.63671875,429.22796630859375,58597.4453125,4413.61083984375,435.6992541147236,56862.875,4258.08203125,428.0764638078297,58217.96875,4396.8173828125,433.2154310706281,37006412725.0,20826923470.0,74214500.0
2022-04-06,54286.0703125,3984.996337890625,424.9360656738281,56862.30859375,4259.486328125,427.2295743624278,54270.0078125,3984.38427734375,422.0335084647764,56862.30859375,4259.486328125,425.28820497622104,49494886696.0,32205419402.0,106898000.0
2022-04-07,54759.90625,4069.842529296875,427.0773010253906,55060.1328125,4096.7734375,428.90450465469644,53880.05078125,3963.24560546875,422.0906019557519,54287.0234375,3985.63134765625,424.05102314919384,32855519322.0,21078176160.0,78097200.0
2022-04-08,53156.86328125,4012.53271484375,425.935302734375,55255.2421875,4158.2490234375,428.8473856826453,53025.65625,3996.27734375,424.3840892664084,54761.5234375,4069.839599609375,426.31596166728593,34211322691.0,22069739402.0,79272700.0
2022-04-09,53778.42578125,4100.32666015625,,53784.3125,4100.38525390625,,53025.6171875,4006.744384765625,,53149.84375,4012.40966796875,,20176302551.0,12454794223.0,
2022-04-10,53102.8203125,4040.952392578125,,54515.78125,4151.97412109375,,52829.9453125,4040.952392578125,,53777.11328125,4099.541015625,,22211660673.0,13118611297.0,
2022-04-11,49957.34375,3768.17529296875,418.6550598144531,53410.56640625,4046.8564453125,423.4894888409876,49739.7890625,3742.83544921875,418.1506802366311,53094.4765625,4038.071533203125,422.6424959229476,42914114874.0,27672160762.0,89770500.0
2022-04-12,50703.26171875,3829.07470703125,417.1038513183594,51136.2421875,3877.92578125,424.2032400930323,49807.4453125,3740.297607421875,415.54311205270096,49972.2734375,3768.640869140625,421.6622903518392,39159744785.0,25569111398.0,84363600.0
2022-04-13,51737.11328125,3919.04150390625,421.8811950683594,52047.70703125,3924.887939453125,422.6425129001169,50180.90625,3810.084228515625,416.6756038010192,50698.69921875,3828.444580078125,416.85642186848395,34801350317.0,20219511003.0,74070400.0
2022-04-14,50364.7578125,3808.56494140625,416.6280212402344,52017.171875,3939.998291015625,423.23255635554136,50046.80859375,3767.69970703125,416.52332334176606,51728.9296875,3918.384765625,422.1095733763251,30698964473.0,19953215389.0,97869500.0
2022-04-15,51150.08203125,3835.508056640625,,51237.38671875,3839.8876953125,,50277.65625,3785.7490234375,,50369.66015625,3808.8486328125,,27441922161.0,14198014582.0,
2022-04-16,50987.40234375,3862.4921875,,51251.26171875,3878.35498046875,,50550.91796875,3804.61181640625,,51148.63671875,3835.768798828125,,21231652969.0,11057451783.0,
2022-04-17,50108.89453125,3776.627197265625,,51171.859375,3879.47607421875,,49986.828125,3771.0615234375,,50978.94140625,3861.95166015625,,24081912228.0,13200759114.0,
2022-04-18,51446.5,3852.994140625,416.7994079589844,51716.33203125,3860.460693359375,418.49336515995896,48904.0546875,3656.227294921875,414.5534705333845,50114.25390625,3776.728759765625,415.69547655215314,42473045905.0,23475516774.0,66002500.0
2022-04-19,52309.859375,3912.400390625,423.527587890625,52607.28125,3945.056396484375,424.25083113076556,51102.42578125,3824.72265625,416.5233417373733,51448.96875,3852.9482421875,416.6946338961634,31892035016.0,17842195855.0,77821000.0
2022-04-20,51666.296875,3843.338134765625,423.2135009765625,52823.05078125,3955.59912109375,425.93526876250127,51233.07421875,3808.580810546875,422.04297557728086,52308.58984375,3912.18408203125,425.31669441555556,34739668831.0,19414784176.0,65224400.0
2022-04-21,51030.03125,3761.686279296875,416.88494873046875,53553.6640625,3962.130126953125,428.2573183922075,50415.3203125,3727.822998046875,415.971361571718,51662.72265625,3843.4423828125,426.85837444173967,44539643990.0,26169658724.0,85417300.0
2022-04-22,50515.3125,3768.706298828125,405.446044921875,51413.984375,3821.540771484375,416.90403331316503,50005.91015625,3742.43310546875,404.87504197210455,51028.140625,3761.00390625,415.79060515140816,35606673564.0,21333198728.0,132471800.0
2022-04-23,50192.96484375,3734.739501953125,,50763.87109375,3782.036865234375,,50021.9609375,3720.281982421875,,50513.28125,3768.6640625,,20513603641.0,11588881369.0,
2022-04-24,50218.67578125,3718.733154296875,,50652.5390625,3767.985107421875,,49874.0703125,3714.63916015625,,50182.34375,3733.764892578125,,22856966079.0,12337741722.0,
2022-04-25,51537.33203125,3833.479736328125,407.79656982421875,51572.7265625,3841.7939453125,407.96786196233523,48817.09765625,3571.04052734375,398.59398828326226,50222.89453125,3719.060791015625,403.19053061959636,45152118538.0,28448229946.0,119647700.0
2022-04-26,48816.69140625,3596.5625,395.98651123046875,51859.48046875,3854.729736328125,405.446032573075,48568.96875,3569.6025390625,395.9579625359706,51524.73828125,3832.91015625,405.2461626691722,44272320412.0,24399783073.0,103996300.0
2022-04-27,50291.109375,3702.42919921875,397.0999450683594,50555.80078125,3736.55029296875,402.47685796296395,48695.453125,3591.253662109375,394.94920895293353,48820.328125,3597.0078125,397.0713963734507,39705021212.0,22324415072.0,122030000.0
2022-04-28,50923.546875,3760.247802734375,407.13043212890625,51519.1015625,3806.370849609375,408.8719894857778,50063.98828125,3679.223388671875,397.4139732876912,50291.5,3702.32666015625,401.8772694508292,43407862696.0,23613761007.0,105449100.0
2022-04-29,49658.98828125,3621.356689453125,392.08465576171875,50916.77734375,3765.102783203125,405.28420008438667,49170.13671875,3578.15625,391.3328348190379,50916.87109375,3760.037353515625,403.1144123743921,39720935643.0,24142844171.0,145491100.0
2022-04-30,48507.9296875,3511.498046875,,49866.5625,3648.65673828125,,48486.15234375,3507.921875,,49653.890625,3621.268798828125,,30734069608.0,17390297406.0,
2022-05-01,49454.25,3635.24462890625,,49610.72265625,3645.72802734375,,48341.8984375,3508.786865234375,,48505.859375,3511.250244140625,,34713614281.0,19711113909.0,
2022-05-02,49593.0234375,3677.916015625,394.44476318359375,50288.70703125,3700.95166015625,395.8151583942883,49260.12109375,3596.876220703125,385.44202233286774,49458.2265625,3635.061767578125,392.15125493572873,42376379198.0,23953528829.0,158312500.0
2022-05-03,48447.49609375,3572.20751953125,396.2528991699219,49652.6015625,3675.921875,398.6796248627086,48249.90234375,3545.82275390625,393.37886227868256,49591.45703125,3677.58349609375,394.94912730127277,35070360536.0,16717193045.0,100028200.0
2022-05-04,50569.69140625,3745.9345703125,408.3200378417969,50965.765625,3773.25,408.8910407697949,48403.1015625,3566.6279296875,393.7120223923879,48444.36328125,3571.764892578125,396.9191182335441,46819524651.0,23167155043.0,144247900.0
2022-05-05,46918.7734375,3526.704345703125,393.8071594238281,50635.0859375,3758.111083984375,404.45625708071094,46073.04296875,3476.312255859375,389.6484020860431,50566.34765625,3745.40185546875,404.027997662131,55296921135.0,29046457466.0,172929100.0
2022-05-06,46523.42578125,3478.814453125,391.4565734863281,47001.32421875,3536.26123046875,394.7493152847315,45712.83984375,3408.0751953125,386.1177645628525,46916.26171875,3526.34326171875,391.22818394080616,48788421202.0,27143476517.0,151770800.0
2022-05-07,45827.69921875,3402.800537109375,,46638.3125,3480.974365234375,,45103.36328125,3355.5947265625,,46525.46484375,3478.830322265625,,31465625876.0,17257730398.0,
2022-05-08,44005.18359375,3252.603515625,,45828.96875,3406.33447265625,,43630.34765625,3217.55322265625,,45828.96875,3402.837890625,,47498511883.0,26876907197.0,
2022-05-09,39419.00390625,2921.502685546875,378.9231872558594,44286.2734375,3271.781005859375,386.7648711026346,39419.00390625,2911.052490234375,377.3338992897729,44006.15234375,3253.958251953125,385.5181964825986,82431074228.0,47273168903.0,155586100.0
2022-05-10,40430.3828125,3054.1640625,379.7986755371094,42375.33203125,3180.944580078125,386.4507817221646,38989.5390625,2873.30126953125,375.73509041387433,39388.6875,2917.885498046875,384.93764305975515,77948317661.0,49786618940.0,132497200.0
2022-05-11,37604.0078125,2692.792236328125,373.7651672363281,41524.0078125,3165.416015625,384.5094369547044,36591.81640625,2622.38232421875,373.01334629193383,40421.625,3053.177978515625,378.82801491865814,91473274467.0,59445468423.0,142361000.0
2022-05-12,37837.3671875,2555.296875,373.3749694824219,39000.09375,2818.77587890625,376.6677110229419,34336.5078125,2278.159423828125,366.5325191403808,37604.5,2693.306640625,370.54853290829357,87259561191.0,55312597679.0,125090800.0
2022-05-13,37796.140625,2600.039794921875,382.3016052246094,40008.19140625,2768.20068359375,383.69102341437963,37484.3203125,2528.45068359375,376.486936132649,37815.4296875,2553.239990234375,377.5337699916877,55295682057.0,32030508081.0,104174400.0
2022-05-14,38852.15625,2654.0634765625,,38970.3046875,2663.300048828125,,37047.27734375,2525.378173828125,,37799.41796875,2599.8623046875,,36888465126.0,19950639341.0,
2022-05-15,40401.28125,2769.173828125,,40405.2578125,2770.52490234375,,38111.8984375,2591.9658203125,,38848.6953125,2653.946533203125,,33342226949.0,19159841992.0,
2022-05-16,38374.328125,2599.235107421875,380.7503967285156,40401.578125,2769.341796875,384.44284945655585,37687.8359375,2562.365234375,378.38076794932533,40400.328125,2769.341796875,380.64572786244787,41909379835.0,27575867918.0,78622400.0
2022-05-17,38964.72265625,2677.072265625,388.58258056640625,39393.00390625,2711.8798828125,388.8204960331947,38014.9296875,2591.688720703125,383.1200217001012,38373.671875,2599.436279296875,386.8790976923247,37268656499.0,23704648405.0,83029700.0
2022-05-18,37015.69140625,2470.25341796875,372.91815185546875,39190.578125,2690.62060546875,384.28099524353314,37015.69140625,2470.25341796875,371.6714773116322,38962.95703125,2677.136962890625,383.9955083412848,40321548793.0,22865177385.0,117674500.0
2022-05-19,38860.82421875,2587.36376953125,370.6341857910156,38953.16015625,2596.45654296875,375.0879849586097,36916.328125,2452.203369140625,368.39777481712775,37015.8046875,2469.6005859375,369.8347933871943,43295162045.0,24015975694.0,98510700.0
2022-05-20,37492.58203125,2518.250732421875,370.79595947265625,39276.7734375,2628.973876953125,377.8382503705659,37021.66796875,2478.814208984375,362.1453579494886,38856.703125,2586.932861328125,374.2409702417,39480977289.0,20405311559.0,131432200.0
2022-05-21,37789.80078125,2535.20263671875,,37990.92578125,2549.1689453125,,37270.01171875,2496.358642578125,,37491.44921875,2517.86865234375,,22180204133.0,10973778096.0,
2022-05-22,38863.671875,2618.579833984375,,38985.4140625,2623.11767578125,,37588.1640625,2524.315185546875,,37790.1171875,2535.39794921875,,27723534177.0,14022428223.0,
2022-05-23,37211.10546875,2521.98681640625,377.73358154296875,39122.1484375,2660.041259765625,378.5044252104534,37062.05859375,2512.607666015625,371.50970578104597,38845.3125,2617.522216796875,373.8412595625746,40260412018.0,21016147900.0,76414900.0
2022-05-24,38029.58203125,2537.798095703125,374.85009765625,38161.58203125,2551.09716796875,376.0491718307928,36976.2578125,2467.1162109375,368.25505900539866,37213.9375,2522.25390625,373.5843711400361,34132342196.0,16744110163.0,91448800.0
2022-05-25,37900.1875,2493.35107421875,378.161865234375,38641.47265625,2582.99169921875,380.1413381489888,37830.09375,2504.755126953125,372.9467768759817,38026.4375,2537.406005859375,373.3464585898072,35288287525.0,17133908937.0,91472900.0
2022-05-26,37389.02734375,2304.50830078125,385.718017578125,38290.65234375,2512.946533203125,387.3644028438583,36267.1171875,2255.876220703125,379.18963198103114,37903.28515625,2493.614501953125,379.3989987255613,46979384509.0,29968583316.0,82168300.0
2022-05-27,36430.01953125,2195.050537109375,395.1870422363281,37475.8125,2309.2412109375,395.30123699221343,36047.03125,2190.3955078125,387.99248219145227,37368.48046875,2302.7587890625,388.1923230142516,46552431415.0,32412815678.0,84768700.0
2022-05-28,36933.83984375,2280.939208984375,,37058.12109375,2291.189208984375,,36337.11328125,2194.685546875,,36703.01953125,2242.8466796875,,24499540717.0,16412971585.0,
2022-05-29,37473.3671875,2306.017822265625,,37537.39453125,2314.484130859375,,36701.75,2247.24365234375,,36929.23046875,2280.644287109375,,23026551253.0,13543876532.0,
2022-05-30,40151.26953125,2526.59228515625,,40449.83203125,2537.89501953125,,37270.625,2295.051513671875,,37470.0703125,2305.833251953125,,49708185832.0,24780453295.0,
2022-05-31,40174.98828125,2454.461669921875,392.9697570800781,40744.21875,2537.750244140625,396.32912255945234,39567.00390625,2444.276611328125,390.2099432684184,40148.07421875,2526.55029296875,393.5597828348392,42381230632.0,23204918239.0,95937000.0
2022-06-01,37751.23046875,2310.205322265625,389.7911682128906,40419.09375,2479.51953125,396.1197136185281,37350.95703125,2248.6005859375,387.2597442421527,40175.296875,2454.111083984375,395.10145752548357,52113280421.0,26651923432.0,86585800.0
2022-06-02,38297.38671875,2305.5126953125,397.21417236328125,38478.93359375,2320.08935546875,397.26174384107304,37557.55078125,2260.916748046875,387.3644659398402,37745.92578125,2308.7392578125,389.6294258971195,36557804842.0,21450620462.0,79609600.0
2022-06-03,37414.76171875,2235.835693359375,390.69525146484375,38520.3671875,2313.83349609375,394.0260678327138,36970.83203125,2199.07763671875,389.7150409525671,38297.7890625,2305.4931640625,392.46532850855317,32969934304.0,18739884741.0,71874300.0
2022-06-04,37576.64453125,2269.253173828125,,37699.640625,2280.19921875,,37157.32421875,2206.1787109375,,37416.9609375,2236.014892578125,,20894214408.0,10930487084.0,
2022-06-05,37640.765625,2272.04541015625,,37935.40625,2299.7978515625,,37251.08984375,2238.423828125,,37579.41796875,2269.51708984375,,21728716049.0,11139166544.0,
2022-06-06,39471.8359375,2339.4326171875,391.88482666015625,39797.64453125,2404.2919921875,396.4718145330548,37617.890625,2271.342041015625,390.70474626152964,37645.32421875,2272.587890625,394.73028619146925,40197417091.0,20784202023.0,57508900.0
2022-06-07,39057.59765625,2274.154541015625,395.6438903808594,39465.16796875,2333.27294921875,396.10069852661735,36930.2890625,2178.91748046875,387.90687485142246,39473.1796875,2339.488037109375,388.3732089093051,51111920040.0,30112408916.0,59272400.0
2022-06-08,37932.0078125,2251.70458984375,391.3423767089844,39186.19140625,2293.361083984375,395.7200269110218,37580.2265625,2221.443603515625,390.542984261338,39052.5859375,2274.219970703125,393.9213721220069,37966788265.0,22649810244.0,64350000.0
2022-06-09,38250.96875,2273.59814453125,382.0351257324219,38448.72265625,2295.284912109375,391.83723092273254,38139.6640625,2234.52587890625,382.0351257324219,37933.16796875,2251.6298828125,389.5532483489374,27555136675.0,15260099703.0,86289800.0
2022-06-10,37180.06640625,2128.5517578125,370.9577941894531,38403.1953125,2282.021728515625,376.64874276355926,36991.53125,2126.49560546875,370.91022271178053,38248.8515625,2273.42529296875,375.7922528685387,38181895040.0,23656034584.0,132893900.0
2022-06-11,36255.80859375,1955.486572265625,,37586.734375,2146.796630859375,,36096.5234375,1926.56396484375,,37181.16796875,2128.7763671875,,34831394091.0,27008384736.0,
2022-06-12,34250.03515625,1849.5447998046875,,36437.17578125,1968.323486328125,,34250.03515625,1835.9844970703125,,36272.046875,1956.1593017578125,,43721064410.0,30029898882.0,
2022-06-13,28991.302734375,1552.978271484375,356.8731689453125,34292.86328125,1854.087646484375,363.35398336996633,28539.150390625,1523.7086181640625,355.25533229579526,34217.94921875,1847.77734375,361.4887344054878,87931019276.0,58224996372.0,170004900.0
2022-06-14,28748.29296875,1568.5848388671875,355.7978515625,29655.796875,1619.79052734375,359.67112270143366,27026.4921875,1411.5042724609375,352.6764015022039,28992.076171875,1552.94287109375,358.633814652386,65911288929.0,43145271040.0,104011800.0
2022-06-15,29060.38671875,1587.6361083984375,360.8702087402344,29183.642578125,1593.9510498046875,365.3430023023354,26121.23046875,1328.107177734375,354.13242613778704,28735.265625,1568.200439453125,359.119125264377,70693992391.0,48329182992.0,125666800.0
2022-06-16,26405.244140625,1383.287841796875,348.9267883300781,29414.875,1602.8333740234375,353.00942552742333,26251.978515625,1371.6934814453125,346.48101056776454,29064.84765625,1588.147216796875,352.60021792926864,40400087818.0,24495644566.0,134473300.0
2022-06-17,26668.302734375,1415.4141845703125,349.678955078125,27534.837890625,1441.81884765625,353.04329335184826,26360.0390625,1375.76513671875,346.15218096164995,26410.513671875,1383.620849609375,349.3444579970193,35345541168.0,19008402473.0,111113900.0
2022-06-18,24774.376953125,1294.4156494140625,,27012.9453125,1426.6793212890625,,23069.11328125,1167.36572265625,,26670.833984375,1415.22998046875,,54725903315.0,28210606466.0,
2022-06-19,26724.59765625,1466.24658203125,,26927.501953125,1487.1712646484375,,23536.169921875,1228.6024169921875,,24765.59765625,1294.1080322265625,,45938111198.0,28339793401.0,
2022-06-20,26743.37109375,1463.962890625,,27167.345703125,1506.873291015625,,25645.33984375,1387.3170166015625,,26724.724609375,1466.246337890625,,40010094692.0,25627074137.0,
2022-06-21,26784.6015625,1454.713134765625,358.481689453125,27933.203125,1530.820068359375,359.87710948987325,26429.44140625,1443.1224365234375,355.36586097952295,26736.564453125,1463.79345703125,355.4423391329134,37466596738.0,20216668629.0,76811900.0
2022-06-22,25910.384765625,1363.021240234375,357.8317565917969,26975.734375,1456.5716552734375,361.9702395655686,25698.697265625,1359.3385009765625,353.80793250775906,26796.00390625,1455.4222412109375,354.2284748308788,37043219273.0,19459132981.0,90059400.0
2022-06-23,27390.576171875,1485.260498046875,361.33941650390625,27440.263671875,1488.4774169921875,362.07535096592636,25856.748046875,1361.1580810546875,356.39808809001744,25909.837890625,1362.9012451171875,359.9822356344284,34018364416.0,19040578590.0,79292100.0
2022-06-24,27369.197265625,1581.494873046875,372.82781982421875,27686.21484375,1596.670166015625,372.8373868853944,26970.45703125,1472.6673583984375,364.50304737583076,27388.978515625,1485.0240478515625,364.5317193914882,32172456593.0,21890494988.0,98050300.0
2022-06-25,27718.126953125,1602.8963623046875,,27742.072265625,1606.6956787109375,,27024.921875,1526.9892578125,,27371.71484375,1581.340087890625,,23683580344.0,16090164777.0,
2022-06-26,27120.458984375,1547.5115966796875,,28080.85546875,1639.8726806640625,,27094.48828125,1546.963134765625,,27710.59375,1602.30419921875,,23250975800.0,15601890260.0,
2022-06-27,26691.599609375,1536.55712890625,371.4036865234375,27644.10546875,1591.018310546875,374.05116623470775,26567.517578125,1520.070556640625,370.3045538214665,27121.67578125,1547.3587646484375,373.75487904985994,26987945039.0,16080529507.0,66009600.0
2022-06-28,26109.26953125,1473.5302734375,363.8149108886719,27141.681640625,1579.3255615234375,375.7716379636104,26045.201171875,1469.0352783203125,363.7002228194044,26686.53515625,1536.0078125,372.97123065680324,27526566984.0,18053460932.0,86548900.0
2022-06-29,25902.666015625,1415.9144287109375,363.5185546875,26204.005859375,1483.2413330078125,365.3631888432888,25638.64453125,1406.7012939453125,361.68348759162546,26109.95703125,1473.45947265625,364.3692063196341,30346104326.0,19824184294.0,65676000.0
2022-06-30,25468.66015625,1373.9219970703125,360.5653076171875,25968.21875,1423.000244140625,363.8244965354226,24114.994140625,1301.680908203125,356.082730617821,25908.193359375,1416.441650390625,359.59996770508957,33813529014.0,21048147693.0,112508300.0
2022-07-01,24829.54296875,1365.563232421875,364.3788146972656,26560.541015625,1416.8958740234375,364.8184911882553,24639.740234375,1343.6844482421875,357.26786269750886,25514.673828125,1375.2325439453125,359.9058049719619,39645528045.0,22548920969.0,74839700.0
2022-07-02,24794.609375,1374.2550048828125,,24961.46484375,1382.681884765625,,24517.345703125,1332.3118896484375,,24836.58984375,1366.0191650390625,,23323294567.0,12802522070.0,
2022-07-03,24871.07421875,1383.9267578125,,25224.69140625,1395.468505859375,,24439.86328125,1345.8955078125,,24794.400390625,1374.1966552734375,,21125343649.0,11029026393.0,
2022-07-04,26015.298828125,1480.1422119140625,,26044.544921875,1482.21875,,24579.13671875,1348.905517578125,,24871.3828125,1383.9619140625,,27768458893.0,17579341882.0,
2022-07-05,26314.90625,1478.7108154296875,365.06689453125,26895.298828125,1497.747314453125,365.0860286507047,25183.05859375,1418.5098876953125,356.4075970991379,26007.701171875,1479.43603515625,359.2558099507076,34819868463.0,21108525937.0,81438000.0
2022-07-06,26791.193359375,1547.5992431640625,366.2998352050781,26840.939453125,1555.5963134765625,368.80395465625594,25852.23828125,1454.2215576171875,362.8112711795549,26320.779296875,1479.077392578125,365.21024048138855,32072570187.0,20044309250.0,70426200.0
2022-07-07,28059.83984375,1604.923583984375,371.7860412597656,28252.349609375,1617.8199462890625,372.5888868881297,26414.56640625,1517.011962890625,366.31901983701664,26790.630859375,1547.5821533203125,368.0872052988535,33477114514.0,18454638423.0,64525900.0
2022-07-08,28112.763671875,1581.51220703125,371.480224609375,28917.462890625,1636.547119140625,373.36309817992276,27598.849609375,1558.797607421875,368.60333916624654,28059.279296875,1604.9066162109375,370.1421193637249,64553619483.0,21107330079.0,72397800.0
2022-07-09,27933.060546875,1574.3609619140625,,28301.66796875,1589.61279296875,,27743.861328125,1564.5281982421875,,28094.279296875,1581.25439453125,,38345660029.0,11411866941.0,
2022-07-10,27011.33984375,1512.915283203125,,27931.603515625,1574.265380859375,,26790.1171875,1495.666748046875,,27931.603515625,1574.265380859375,,37147960266.0,14223453837.0,
2022-07-11,25956.73046875,1426.1331787109375,367.2364807128906,27006.037109375,1514.4404296875,369.75970496303694,25899.91015625,1423.3941650390625,366.5387562826393,27006.037109375,1512.5753173828125,368.7848275067312,31389286170.0,15680418488.0,58366900.0
2022-07-12,25184.78125,1353.071044921875,363.98687744140625,26106.447265625,1426.16259765625,369.081161887606,25158.6875,1352.673095703125,362.22825930431964,25956.625,1426.16259765625,366.68216325527555,33638356508.0,16399741688.0,62219200.0
2022-07-13,26275.634765625,1447.659912109375,362.0753479003906,26276.984375,1447.659912109375,365.0287111197037,24759.314453125,1328.1715087890625,358.08979219875533,25187.462890625,1353.064453125,358.5103345071684,42955060322.0,23793309683.0,84224600.0
2022-07-14,26963.44140625,1561.875244140625,361.1960144042969,27251.1015625,1576.814453125,362.28557996371694,25924.4921875,1415.664794921875,354.6298615338803,26274.845703125,1447.567138671875,357.08617486423617,40843472778.0,21875787474.0,89704800.0
2022-07-15,27155.154296875,1607.087890625,368.0968322753906,27524.169921875,1661.4075927734375,368.21152035984323,26770.142578125,1552.220947265625,363.7098380378285,26967.68359375,1562.0699462890625,365.63092178815964,33761700142.0,22691644014.0,79060400.0
2022-07-16,27616.490234375,1762.823974609375,,28038.861328125,1795.820068359375,,26723.833984375,1558.185546875,,27152.25390625,1606.6480712890625,,31673067903.0,23933084620.0,
2022-07-17,27029.66796875,1741.2906494140625,,28151.25,1796.4364013671875,,27028.15234375,1733.02734375,,27622.6484375,1763.5780029296875,,29824370310.0,20916408628.0,
2022-07-18,29187.548828125,2049.2548828125,365.057373046875,29236.80859375,2049.2548828125,371.88157455781794,27033.005859375,1741.51220703125,363.82441816909915,27033.005859375,1741.51220703125,371.2029841475732,51888868003.0,35619037989.0,63203600.0
2022-07-19,30111.416015625,1986.4171142578125,374.9209289550781,30464.751953125,2086.94140625,375.49439838177176,28086.90625,1948.1993408203125,368.34523758830653,29164.392578125,2048.8212890625,369.0046938859575,62780029361.0,35729727069.0,78506000.0
2022-07-20,29938.6171875,1959.0750732421875,377.3103332519531,31167.560546875,2076.810302734375,378.73445423915484,29606.787109375,1933.616943359375,373.73575311424617,30116.255859375,1986.39013671875,375.112067971432,55326961398.0,29566153524.0,71843800.0
2022-07-21,29836.921875,2030.913330078125,381.1525573730469,30121.890625,2053.65625,381.2003343351553,28960.1171875,1895.4578857421875,374.3092221636945,29940.51171875,1959.2989501953125,376.72732563724503,43318021697.0,25773069248.0,64903900.0
2022-07-22,29339.34765625,1985.758544921875,377.6162414550781,30384.767578125,2111.438720703125,382.4811211127513,29190.05078125,1967.6309814453125,375.37973678443797,29835.79296875,2030.907958984375,381.27686731647964,40585023919.0,24445519294.0,72197300.0
2022-07-23,29017.083984375,2001.119140625,,29678.0546875,2055.80029296875,,28419.619140625,1931.8626708984375,,29329.021484375,1984.534423828125,,31027276460.0,19372914747.0,
2022-07-24,29224.447265625,2067.472412109375,,29676.66796875,2137.639404296875,,28812.18359375,2000.3101806640625,,29017.125,2001.0223388671875,,30460594270.0,22255671812.0,
2022-07-25,27453.310546875,1857.55615234375,378.07501220703125,29268.326171875,2074.49658203125,378.93520179951645,27453.236328125,1857.55615234375,375.81937347807474,29221.8515625,2067.0595703125,378.2470442919547,45719181210.0,26455193522.0,53631500.0
2022-07-26,27348.626953125,1856.4920654296875,373.60198974609375,27452.56640625,1857.257568359375,376.6317727497876,26793.1796875,1757.253662109375,372.70356111063364,27452.56640625,1857.257568359375,376.4215015974913,36857559426.0,23484247952.0,52946400.0
2022-07-27,29393.8671875,2097.429443359375,383.3031005859375,29452.271484375,2097.9677734375,385.0617188942185,27118.94921875,1832.345458984375,376.622229425215,27354.310546875,1858.96435546875,376.9185166355963,40710693150.0,29492539773.0,82342100.0
2022-07-28,30536.865234375,2209.80712890625,388.1106262207031,30885.126953125,2272.513671875,388.8083216223466,29127.966796875,2057.33056640625,380.5408936236829,29397.83203125,2097.428466796875,384.1155033459912,51500002952.0,34875253937.0,73966600.0
2022-07-29,30458.623046875,2210.26025390625,393.7687683105469,31100.12109375,2251.815673828125,394.7627800425634,30179.8828125,2135.35302734375,388.7796338655899,30538.564453125,2210.006591796875,389.5538073856809,45918633231.0,29748356297.0,87003700.0
2022-07-30,30268.708984375,2170.035400390625,,31441.23046875,2223.836181640625,,30171.849609375,2147.18115234375,,30448.625,2209.81884765625,,36016349021.0,19931132609.0,
2022-07-31,29905.228515625,2154.792236328125,,30858.81640625,2233.50830078125,,29823.4375,2143.138916015625,,30263.4140625,2169.927001953125,,30182915211.0,18197631745.0,
2022-08-01,29944.361328125,2100.2177734375,392.602783203125,30062.099609375,2178.174072265625,395.12603739986497,29424.515625,2071.617919921875,390.3376063302482,29905.0,2154.7001953125,391.05443593143053,33200220565.0,20795921885.0,69997500.0
2022-08-02,29613.046875,2104.45849609375,390.01263427734375,30055.078125,2146.9541015625,394.7341540955972,29214.388671875,2017.55615234375,388.8274853760052,29936.95703125,2099.51123046875,391.0257510803338,36586646862.0,26324113576.0,63435400.0
2022-08-03,29370.029296875,2081.123046875,396.1200256347656,30268.62109375,2154.22509765625,397.29560744309265,29291.18359375,2054.614013671875,391.86682525448987,29617.154296875,2104.594970703125,392.15354541069905,33794415154.0,21579305397.0,67820600.0
2022-08-04,29126.494140625,2069.79296875,395.8524169921875,29783.693359375,2130.109375,396.73171159771164,28915.890625,2040.29150390625,394.19891961633147,29372.224609375,2081.138671875,396.0435540435376,32330238118.0,18619885434.0,45656600.0
2022-08-05,30115.529296875,2239.987060546875,395.1833190917969,30180.4765625,2239.987060546875,395.83323749405093,29107.93359375,2067.9921875,391.4844836000707,29121.1875,2068.91552734375,391.54182762568917,37346487544.0,23982561377.0,56814900.0
2022-08-06,29691.34375,2187.491455078125,,30163.693359375,2255.59716796875,,29691.34375,2187.491455078125,,30118.2578125,2240.5126953125,,20661567748.0,15204214415.0,
2022-08-07,29999.3359375,2199.673583984375,,30211.607421875,2230.773193359375,,29605.064453125,2163.246337890625,,29694.224609375,2187.646484375,,20564213717.0,13270510778.0,
2022-08-08,30607.380859375,2282.447265625,394.7245788574219,31168.6640625,2326.84521484375,399.1498113586716,29999.74609375,2195.602294921875,393.61587896680385,30004.04296875,2200.1171875,396.884634607063,36734205808.0,21649853169.0,53886100.0
2022-08-09,29849.0078125,2194.47900390625,393.15716552734375,30735.794921875,2297.736083984375,394.49524167643915,29582.728515625,2157.17578125,392.07713754590054,30609.947265625,2283.1611328125,393.98868323542905,30353358004.0,21092226857.0,44931800.0
2022-08-10,30592.634765625,2365.564208984375,401.4150085449219,30957.64453125,2388.520263671875,401.55839779907825,29358.18359375,2146.543212890625,398.2896419924181,29847.1796875,2194.326171875,400.25853162505905,41949162276.0,30036720375.0,68665700.0
2022-08-11,30578.79296875,2401.1474609375,401.4150085449219,31603.25390625,2461.236083984375,406.15566262914354,30512.490234375,2365.673583984375,400.66950692836724,30593.533203125,2365.673583984375,404.2823269421121,47388021315.0,30412169871.0,59489700.0
2022-08-12,31177.650390625,2500.626953125,408.21051025390625,31190.10546875,2501.0185546875,408.31563124627377,30242.501953125,2377.856201171875,402.4089631884545,30578.375,2400.732666015625,403.36473585157864,34835473714.0,21934447301.0,61694500.0
2022-08-13,31204.798828125,2531.405029296875,,31761.822265625,2572.82470703125,,31105.205078125,2489.573974609375,,31176.845703125,2500.739013671875,,29369208302.0,20491795710.0,
2022-08-14,31082.419921875,2475.4169921875,,31908.57421875,2584.369140625,,30926.5234375,2451.775390625,,31211.173828125,2531.974853515625,,29388687126.0,17973536156.0,
2022-08-15,31149.125,2457.43505859375,409.8927001953125,32149.275390625,2567.290283203125,410.4183927247335,30770.87890625,2432.260498046875,405.9262489941598,31081.1171875,2475.364013671875,405.98359302749725,45327405777.0,26261891608.0,54048300.0
2022-08-16,30681.19140625,2412.714111328125,410.69549560546875,31280.16796875,2466.87353515625,412.635712805975,30567.560546875,2393.2392578125,408.0002098881552,31135.140625,2455.634765625,408.8126224272147,35653217191.0,20088503021.0,59289000.0
2022-08-17,30146.4921875,2367.951416015625,407.7803955078125,31359.775390625,2507.6396484375,410.50435339534795,29997.408203125,2356.4248046875,405.76372921580594,30678.654296875,2412.45068359375,407.0731330801501,39958862613.0,26235444678.0,63563400.0
2022-08-18,30055.04296875,2391.441162109375,408.9656066894531,30374.95703125,2429.626708984375,409.65373505263557,30009.201171875,2360.24658203125,406.68129586836983,30153.00390625,2368.876220703125,407.98113277820636,30747578336.0,19420636289.0,49023200.0
2022-08-19,27116.70703125,2095.0205078125,403.4699401855469,30055.78515625,2391.554443359375,406.45194662802834,27105.3984375,2092.87939453125,402.5906163835448,30055.78515625,2391.554443359375,406.1843314131356,52615704738.0,33648344506.0,68016900.0
2022-08-20,27491.431640625,2048.283447265625,,27731.388671875,2145.97607421875,,27089.662109375,1992.81640625,,27110.5859375,2094.583251953125,,35842499301.0,23813777902.0,
2022-08-21,27977.06640625,2103.814208984375,,28152.099609375,2131.89990234375,,27409.78125,2037.9482421875,,27484.0703125,2047.685791015625,,30014448887.0,20591261352.0,
2022-08-22,27924.3125,2117.2744140625,395.0686340332031,27973.61328125,2117.630615234375,398.7770366132457,27246.275390625,1997.3765869140625,394.1606383409212,27973.61328125,2103.61669921875,398.6049753672203,41322912555.0,24215892704.0,77695600.0
2022-08-23,27899.431640625,2154.875,394.11279296875,28038.93359375,2159.88623046875,397.0470215199159,27352.595703125,2048.564208984375,393.5584285893045,27927.1015625,2117.840087890625,394.638456172284,41312817212.0,23744541829.0,49105200.0
2022-08-24,27752.271484375,2149.432861328125,395.3744812011719,28242.412109375,2187.381103515625,396.75076696965255,27514.298828125,2090.150390625,393.1953207466003,27897.318359375,2154.7783203125,393.8834490469075,41459421447.0,21767168969.0,49177800.0
2022-08-25,27950.05859375,2195.0966796875,400.9561767578125,28132.1640625,2219.681396484375,401.00395372114286,27698.0078125,2149.720947265625,395.775876380297,27752.83984375,2149.79248046875,396.87500904768393,40148939386.0,19174484314.0,50942300.0
2022-08-26,26414.0,1965.7718505859375,387.38421630859375,28142.5703125,2192.2529296875,401.3862800097114,26335.076171875,1954.02294921875,387.32687228215406,27943.822265625,2194.92529296875,400.8415117585344,55183551893.0,34827999599.0,103087000.0
2022-08-27,26129.416015625,1944.40625,,26519.28515625,1977.984375,,25932.26953125,1896.021484375,,26417.208984375,1966.259765625,,39264686445.0,23625034588.0,
2022-08-28,25624.169921875,1868.6309814453125,,26251.66015625,1963.1763916015625,,25624.169921875,1868.6309814453125,,26128.5,1944.160888671875,,31828780832.0,16750599771.0,
2022-08-29,26392.5078125,2019.33984375,384.8227233886719,26463.359375,2023.8109130859375,387.89074524202846,25598.33203125,1864.591796875,383.45597558238217,25622.0,1868.4901123046875,384.41174817439423,42437435040.0,23360116126.0,65370800.0
2022-08-30,25917.25,1994.9534912109375,380.5982666015625,26698.515625,2077.657958984375,386.22778221783756,25710.291015625,1941.02392578125,378.48601694671703,26393.310546875,2019.5369873046875,385.9888390253207,45144339398.0,28586601104.0,85652400.0
2022-08-31,26351.82421875,2042.040771484375,377.70220947265625,26698.240234375,2107.146728515625,383.4941891014368,25920.87890625,1995.5394287109375,377.5684164758026,25920.87890625,1995.5394287109375,382.2421293275236,43668621294.0,27064078686.0,76029700.0
2022-09-01,26464.51171875,2085.611572265625,378.887451171875,26568.86328125,2095.21435546875,379.23151536564103,25877.04296875,2003.4912109375,372.78961628303784,26352.791015625,2042.1346435546875,375.51357448849853,39685356568.0,21608888256.0,78740100.0
2022-09-02,26213.3203125,2070.338623046875,374.8923645019531,26688.962890625,2149.582763671875,383.8001752044369,26014.587890625,2040.170166015625,373.0668347066161,26463.109375,2085.402587890625,382.5767870214944,38229617192.0,23245034578.0,99632100.0
2022-09-03,26032.58984375,2043.62890625,,26301.58203125,2073.270751953125,,25857.046875,2023.676025390625,,26213.25,2070.32958984375,,30995671995.0,12492261642.0,
2022-09-04,26268.8984375,2073.522705078125,,26285.9921875,2074.00927734375,,25776.267578125,2026.3363037109375,,26033.09375,2043.659423828125,,33181090394.0,11676591685.0,
2022-09-05,26014.23828125,2123.409912109375,,26315.67578125,2129.257568359375,,25878.8125,2050.983642578125,,26271.626953125,2073.84130859375,,37832937417.0,17148882370.0,
2022-09-06,24782.646484375,2054.620849609375,373.4777526855469,26409.75,2206.611572265625,376.6891349836244,24719.5,2054.620849609375,371.2412480491283,26021.265625,2123.48486328125,375.74292933648877,57101840615.0,30187605924.0,76637400.0
2022-09-07,25329.19921875,2140.15185546875,380.1873474121094,25500.94140625,2165.34375,380.9615211366734,24593.673828125,1978.6485595703125,372.9426015798082,24782.66796875,2053.513427734375,373.1624106819224,46271633584.0,25683774879.0,70964200.0
2022-09-08,25287.521484375,2139.38134765625,382.6722717285156,25412.361328125,2166.056884765625,383.13102394921066,25097.09765625,2104.35791015625,376.6891253954325,25328.6953125,2140.018798828125,377.90297537104567,42117202257.0,23052064768.0,80821700.0
2022-09-09,27907.75,2243.836181640625,388.6171875,27983.7890625,2261.2255859375,389.4869441612766,25249.083984375,2134.933837890625,384.660274502623,25285.3046875,2139.17236328125,384.92788969317974,63264851645.0,26421292996.0,76706900.0
2022-09-10,28298.5234375,2318.389892578125,,28402.599609375,2329.2158203125,,27630.474609375,2232.365234375,,27902.21484375,2243.67431640625,,48181657692.0,17139144055.0,
2022-09-11,28352.91015625,2294.619384765625,,28354.599609375,2326.908203125,,27941.4140625,2254.396240234375,,28295.919921875,2318.0927734375,,44925923362.0,16233868288.0,
2022-09-12,29041.13671875,2224.79638671875,392.79388427734375,29097.806640625,2314.134033203125,393.52028081977227,28148.796875,2202.58642578125,390.3948856095932,28354.072265625,2294.990478515625,390.7007398556543,65184932198.0,22962928091.0,69256300.0
2022-09-13,26725.3046875,2081.472412109375,375.7142333984375,29410.4609375,2264.00830078125,385.2719598691794,26422.87890625,2060.103515625,374.5864286751779,29042.4765625,2225.052490234375,384.0581099399607,67273257080.0,30372799249.0,122947100.0
2022-09-14,26637.658203125,2151.36865234375,377.14788818359375,26949.67578125,2161.037841796875,378.6771302355147,26063.509765625,2060.103515625,373.82178890825554,26577.62890625,2073.66455078125,377.0236330739944,49840772825.0,23552989717.0,85023700.0
2022-09-15,26102.625,1949.8834228515625,372.8660583496094,26749.8828125,2171.4189453125,378.447767676329,25931.818359375,1942.02490234375,371.58532637235686,26639.23828125,2151.80029296875,375.580449443351,48212711066.0,35701794568.0,87633800.0
2022-09-16,26227.443359375,1900.0775146484375,370.021484375,26383.96484375,1960.342529296875,370.683678921136,25779.984375,1881.05126953125,366.7105116443199,26106.330078125,1950.1947021484375,368.65872841605665,39957284504.0,22237758487.0,103084800.0
2022-09-17,26698.32421875,1949.546142578125,,26744.69140625,1953.9483642578125,,26233.345703125,1876.989990234375,,26233.345703125,1900.646240234375,,33104931820.0,14323191973.0,
2022-09-18,25749.294921875,1770.5797119140625,,26697.869140625,1949.4981689453125,,25728.55859375,1767.607177734375,,26697.869140625,1949.4981689453125,,41442274405.0,20900001428.0,
2022-09-19,25884.498046875,1824.43359375,372.8909912109375,26025.767578125,1839.705078125,372.8909912109375,24464.7890625,1712.6663818359375,366.777713980512,25748.0546875,1770.502197265625,366.8545062926547,53210944576.0,24783361982.0,73278500.0
2022-09-20,25247.91796875,1770.0714111328125,368.6107177734375,25935.03125,1828.40966796875,370.5589052145328,25158.9140625,1763.918701171875,365.8372034018401,25886.435546875,1824.5364990234375,369.54162680416874,49172370435.0,19676671411.0,77274900.0
2022-09-21,25000.466796875,1688.4189453125,362.1807556152344,26331.345703125,1852.9007568359375,373.6203492709987,24623.3359375,1655.11572265625,362.1711492548727,25248.578125,1769.840576171875,370.5493012990479,62494824266.0,27825858964.0,106746600.0
2022-09-22,26156.771484375,1788.844482421875,359.1385192871094,26230.173828125,1801.160888671875,363.0540778662741,24886.09375,1676.6610107421875,358.38995532545937,24983.28125,1687.0164794921875,361.4033946062657,55424112372.0,24874064906.0,89472600.0
2022-09-23,26224.427734375,1805.03173828125,353.1211853027344,26258.875,1825.65771484375,355.6835646985582,25245.029296875,1722.4091796875,348.6489853785956,26155.21875,1788.576416015625,355.64516854599304,52857630788.0,25508901104.0,122346900.0
2022-09-24,25734.357421875,1791.080322265625,,26241.49609375,1829.4869384765625,,25632.384765625,1783.805908203125,,26223.548828125,1805.011474609375,,35535926835.0,16440801604.0,
2022-09-25,25533.4375,1757.559326171875,,25999.701171875,1811.7449951171875,,25437.53515625,1735.55908203125,,25733.40625,1791.0059814453125,,31723067580.0,16028118944.0,
2022-09-26,26359.4921875,1831.0859375,349.6278991699219,26190.197265625,1833.41064453125,355.29011674552225,25512.470703125,1747.1153564453125,348.39948576610453,25535.884765625,1757.789306640625,351.6432726901012,60539966822.0,21987712413.0,92581200.0
2022-09-27,26226.16796875,1825.387451171875,348.7353820800781,27878.0625,1914.72900390625,355.4724576428084,25982.865234375,1798.0516357421875,346.32652853041117,26358.353515625,1831.10888671875,353.18836963299145,80379929447.0,24524537745.0,108294100.0
2022-09-28,26478.427734375,1822.877685546875,355.5971984863281,26794.498046875,1839.9317626953125,357.29585483449654,25555.498046875,1748.220458984375,347.9867939608782,26218.03515625,1824.582763671875,349.69505666919423,72335649461.0,25889967199.0,110802200.0
2022-09-29,26766.615234375,1826.53662109375,348.1691589355469,26748.849609375,1840.038818359375,352.315035767772,26002.0625,1776.84765625,345.20369296146373,26479.87109375,1823.0733642578125,352.0271378237581,56120236266.0,18867613395.0,112952300.0
2022-09-30,26875.234375,1836.66748046875,342.7852478027344,27585.3046875,1877.8953857421875,351.16342978557975,26454.470703125,1812.4239501953125,342.65090518565324,26767.13671875,1826.528564453125,347.21905205707867,60820186740.0,19708672184.0,153711200.0
2022-10-01,26709.689453125,1814.076416015625,,26929.677734375,1842.943603515625,,26597.64453125,1806.41162109375,,26874.287109375,1836.9649658203125,,25890150172.0,8613612928.0,
2022-10-02,26249.921875,1758.9354248046875,,26790.203125,1820.556884765625,,26141.36328125,1757.4029541015625,,26709.349609375,1814.2271728515625,,28623273675.0,10445810456.0,
2022-10-03,26740.169921875,1803.39111328125,351.8351745605469,26776.96875,1810.9033203125,353.6969926366844,26265.142578125,1754.8785400390625,344.73340906493485,26249.8671875,1759.03173828125,346.52804119382273,41540169061.0,13835132836.0,89756500.0
2022-10-04,27470.966796875,1839.9578857421875,362.73736572265625,27531.216796875,1843.899658203125,362.76615551587236,26650.294921875,1801.921875,351.7968049852699,26740.17578125,1803.1717529296875,357.39183624328564,48476464273.0,13696787740.0,103602800.0
2022-10-05,27412.263671875,1839.43505859375,361.8928527832031,27489.388671875,1841.006103515625,364.16733447821133,27091.041015625,1800.7257080078125,356.0003167977901,27469.693359375,1839.750244140625,358.34198444448964,45173956132.0,13290195072.0,88065700.0
2022-10-06,27422.73046875,1857.5164794921875,358.1596374511719,27736.779296875,1876.09033203125,363.45716478022894,27346.443359375,1854.67724609375,357.66057528426956,27412.701171875,1839.3935546875,360.4820923637906,47700354275.0,16536432055.0,82333500.0
2022-10-07,26845.154296875,1830.0455322265625,348.1691589355469,27509.998046875,1868.230712890625,358.2459970036233,26593.650390625,1812.4588623046875,346.3937101803012,27425.638671875,1857.69091796875,354.10009088371316,40140064274.0,13818376481.0,107789500.0
2022-10-08,26666.228515625,1806.675537109375,,26920.478515625,1834.7669677734375,,26505.33203125,1795.1014404296875,,26844.439453125,1829.845458984375,,22574746042.0,7971997187.0,
2022-10-09,26703.345703125,1816.1671142578125,,26857.310546875,1824.615234375,,26573.7890625,1798.2210693359375,,26667.48046875,1806.6201171875,,23120507978.0,7533554049.0,
2022-10-10,26363.14453125,1778.5308837890625,345.5108337402344,26776.197265625,1834.0799560546875,349.53197501316777,26318.26953125,1778.5308837890625,343.25556445312924,26703.33203125,1816.1868896484375,349.2920502560127,37771880516.0,12112459044.0,76042800.0
2022-10-11,26276.935546875,1764.8726806640625,343.3226318359375,26490.21484375,1780.7822265625,348.3994465775248,26178.462890625,1760.126220703125,341.37444448602633,26359.72265625,1778.2169189453125,343.8024812254494,39600783728.0,12792460173.0,92482800.0
2022-10-12,26473.6171875,1789.4271240234375,342.190185546875,26536.95703125,1794.557373046875,345.31881285846936,26267.2890625,1763.8514404296875,341.9406544986575,26278.62890625,1765.0887451171875,343.7353157711484,34478570387.0,11546631884.0,76991800.0
2022-10-13,26680.044921875,1773.0677490234375,351.2209777832031,26760.62109375,1791.61181640625,352.69892216426666,25591.234375,1685.615234375,334.0807416549414,26472.955078125,1789.4425048828125,335.13641621284387,60867415830.0,24086953611.0,147254500.0
2022-10-14,26634.48828125,1801.146240234375,343.2171325683594,27300.955078125,1841.5233154296875,355.3381347242711,26536.96484375,1769.8707275390625,342.5741213995268,26679.53515625,1772.9642333984375,353.69702846900515,53381484226.0,18205188086.0,123737000.0
2022-10-15,26470.64453125,1769.840576171875,,26671.810546875,1805.7606201171875,,26403.474609375,1760.9512939453125,,26634.18359375,1800.9849853515625,,22478870977.0,9438035150.0,
2022-10-16,26696.2890625,1809.8974609375,,26906.953125,1821.667724609375,,26472.419921875,1770.0264892578125,,26472.419921875,1770.0264892578125,,24923967820.0,10379781573.0,
2022-10-17,26813.31640625,1826.407958984375,352.0367431640625,26959.740234375,1831.4937744140625,353.14999735716447,26528.685546875,1795.00146484375,342.8812078310532,26696.939453125,1809.91552734375,349.339991708104,37677837206.0,12893468372.0,93168200.0
2022-10-18,26541.318359375,1798.9161376953125,356.1730651855469,26917.310546875,1835.8828125,360.3189715527156,26359.87890625,1779.1011962890625,352.7085368516379,26812.91796875,1826.3480224609375,360.0118608689949,41978711946.0,14299590551.0,97162900.0
2022-10-19,26362.8515625,1770.9879150390625,353.6490173339844,26563.5,1801.85595703125,356.8640142581937,26345.76953125,1768.6005859375,350.8178940825872,26542.158203125,1799.0755615234375,354.119260386603,30888795583.0,11502269294.0,79746900.0
2022-10-20,26251.576171875,1767.9493408203125,350.68353271484375,26423.154296875,1786.34033203125,357.6509551899763,26139.388671875,1757.17578125,349.91575612261187,26360.85546875,1770.872314453125,353.1979388180783,33746940666.0,12412439189.0,88283100.0
2022-10-21,26159.970703125,1773.7183837890625,359.2056884765625,26232.1953125,1780.273193359375,359.6951149713161,25966.990234375,1743.9547119140625,348.8889259048477,26250.8359375,1767.931640625,350.4052371915977,44289237625.0,14207476712.0,131038400.0
2022-10-22,26208.7109375,1793.3021240234375,,26263.123046875,1797.1251220703125,,26105.083984375,1768.2611083984375,,26159.849609375,1773.658203125,,21973784987.0,9790407478.0,
2022-10-23,26704.4453125,1860.790283203125,,26818.42578125,1866.945556640625,,26085.1171875,1777.14794921875,,26208.08984375,1793.2342529296875,,30200692516.0,13524193315.0,
2022-10-24,26500.14453125,1842.4193115234375,363.60107421875,26773.6328125,1870.3092041015625,364.74311811664273,26405.373046875,1825.569580078125,358.07319984156703,26705.484375,1860.851318359375,360.74119058174347,41371928672.0,17934937858.0,85436900.0
2022-10-25,27366.638671875,1990.5032958984375,369.40728759765625,27706.90625,2056.033935546875,369.7239753258904,26448.85546875,1832.169189453125,363.4091698928235,26499.3125,1842.0260009765625,363.5243290667268,65041883430.0,34545304121.0,78846300.0
2022-10-26,28143.076171875,2122.632080078125,366.6241149902344,28374.396484375,2152.41064453125,371.9600378290635,27350.87890625,1989.628173828125,365.9811332129488,27361.708984375,1989.7784423828125,366.24024133828567,79801539348.0,44314644485.0,104087300.0
2022-10-27,27514.998046875,2054.045166015625,364.6663818359375,28241.025390625,2132.88671875,369.48405954935214,27466.04296875,2048.6494140625,364.04255414940764,28146.275390625,2123.004150390625,367.63184778636986,67309762870.0,30943431903.0,81971800.0
2022-10-28,28020.28515625,2116.2509765625,373.3420715332031,28232.458984375,2134.048095703125,373.821921003766,27337.5,2032.74462890625,364.3784869376104,27517.873046875,2053.974853515625,364.56083207943925,59855470917.0,27175774489.0,100302000.0
2022-10-29,28323.849609375,2203.6240234375,,28555.025390625,2248.0908203125,,27981.01171875,2108.776123046875,,28019.947265625,2115.974609375,,54923773745.0,29411823843.0,
2022-10-30,28082.705078125,2164.874755859375,,28549.517578125,2234.384765625,,27959.857421875,2149.276611328125,,28323.177734375,2203.623291015625,,42849326858.0,18957241906.0,
2022-10-31,27899.2578125,2140.810302734375,370.64532470703125,28403.185546875,2226.946044921875,372.7470677586442,27715.712890625,2124.888916015625,369.7336282736311,28080.107421875,2164.463623046875,370.8660660099493,62164830398.0,26280965253.0,96631300.0
2022-11-01,27900.0,2151.48486328125,369.02337646484375,27983.560546875,2176.028564453125,374.6568330901621,27759.46875,2138.011474609375,367.8429656707828,27898.064453125,2140.71630859375,374.41690838728033,54232059215.0,19758290529.0,85407600.0
2022-11-02,27651.279296875,2084.474609375,359.7622985839844,28120.32421875,2187.24609375,372.96776396211317,27548.21875,2066.910400390625,359.65674576993126,27896.849609375,2151.203369140625,368.4283779164603,76196744468.0,31896067149.0,126990400.0
2022-11-03,27774.646484375,2104.80224609375,356.057861328125,27903.498046875,2130.971923828125,359.1193028445847,27708.94921875,2081.158447265625,353.927328819612,27655.6484375,2084.492431640625,356.4993145757821,59409401058.0,19581551534.0,87100100.0
2022-11-04,28509.638671875,2217.832763671875,361.1826477050781,28616.044921875,2240.396240234375,363.60107812725107,27720.26953125,2099.84619140625,355.0885544933981,27772.97265625,2104.604248046875,361.8064460648948,86379648185.0,28050908985.0,103505200.0
2022-11-05,28694.388671875,2194.907958984375,,28915.763671875,2238.750732421875,,28444.88671875,2192.206298828125,,28506.404296875,2217.917724609375,,51025933689.0,14840151603.0,
2022-11-06,28277.939453125,2124.559326171875,,28778.904296875,2203.21923828125,,28269.43359375,2124.559326171875,,28697.578125,2194.817626953125,,47407208252.0,15719316286.0,
2022-11-07,27799.359375,2116.49853515625,364.6375427246094,28491.2734375,2164.470947265625,365.23255124880785,27650.583984375,2099.66259765625,360.3956614683439,28275.41796875,2124.264892578125,362.4877976623582,72202139411.0,20617239267.0,68286900.0
2022-11-08,24876.91796875,1788.272216796875,366.6048889160156,27899.326171875,2125.740478515625,369.5991440556885,23706.81640625,1696.100830078125,362.49737981380406,27796.466796875,2116.1455078125,365.75074304867513,159652786067.0,56416016456.0,84641100.0
2022-11-09,21482.755859375,1488.2568359375,359.0521545410156,24969.087890625,1794.054443359375,365.7796532095322,21222.603515625,1465.956298828125,358.5530923683433,24880.2578125,1788.6571044921875,364.61839645211097,139205149646.0,52574019860.0,78495500.0
2022-11-10,23447.369140625,1732.4969482421875,378.7835388183594,24057.1171875,1794.5531005859375,379.119439271063,21419.626953125,1478.732421875,370.0982760012639,21485.974609375,1488.1722412109375,372.4111244405357,110928529546.0,38105306688.0,141455800.0
2022-11-11,22606.892578125,1708.3226318359375,382.44970703125,23538.646484375,1737.304931640625,383.2558507803682,21997.603515625,1610.685546875,377.747157896521,23442.677734375,1731.720703125,379.647372704388,74149457106.0,27764484259.0,93839900.0
2022-11-12,22293.357421875,1665.8038330078125,,22649.8671875,1709.5565185546875,,22097.73828125,1648.3980712890625,,22610.318359375,1708.6109619140625,,39436873015.0,14551053840.0,
2022-11-13,21693.802734375,1620.8226318359375,,22454.703125,1687.626220703125,,21647.478515625,1603.7169189453125,,22294.072265625,1666.0333251953125,,36094750751.0,14217400975.0,
2022-11-14,22142.869140625,1654.371826171875,379.1961975097656,22716.3046875,1705.0750732421875,384.05227125277725,21082.171875,1563.4737548828125,378.91787664815723,21692.029296875,1620.923828125,380.6741419104121,66129668467.0,20024061035.0,71903500.0
2022-11-15,22413.650390625,1661.6297607421875,382.43035888671875,22680.96875,1698.860107421875,386.09641526894217,22037.556640625,1647.9718017578125,378.5915637524993,22141.91796875,1654.4697265625,384.9831611654966,48584287555.0,15661388471.0,93194500.0
2022-11-16,22230.71484375,1621.153076171875,379.5129089355469,22531.345703125,1679.5855712890625,381.74899429279895,21854.1015625,1586.8228759765625,378.8795042017417,22413.287109375,1661.72607421875,380.7892954757033,45243776557.0,15922850078.0,68508500.0
2022-11-17,22235.31640625,1600.019775390625,378.3516540527344,22302.53125,1633.33251953125,379.03306130319766,21979.490234375,1591.9864501953125,374.4169123143504,22232.03125,1621.4813232421875,374.72399367862045,37133990226.0,12956292720.0,74496300.0
2022-11-18,22400.904296875,1626.3614501953125,380.06951904296875,22563.771484375,1632.901611328125,381.77778175546456,22189.158203125,1600.01123046875,377.2000289694266,22235.841796875,1600.01123046875,381.7105958096339,36037009374.0,10705452792.0,92922500.0
2022-11-19,22419.376953125,1634.5804443359375,,22535.19140625,1647.205078125,,22230.03515625,1610.498046875,,22398.814453125,1626.2476806640625,,21607304125.0,8020786396.0,
2022-11-20,21795.947265625,1528.443359375,,22466.642578125,1642.16162109375,,21731.228515625,1522.2906494140625,,22421.21875,1634.5931396484375,,28513997062.0,12911545686.0,
2022-11-21,21229.3984375,1490.4189453125,378.68756103515625,21795.1328125,1528.3485107421875,379.8680011496598,20984.7421875,1458.4149169921875,376.8353493065511,21795.1328125,1528.3485107421875,378.73556354967485,50331990618.0,18933720606.0,51243200.0
2022-11-22,21634.6328125,1516.94921875,383.7835693359375,21787.779296875,1519.4010009765625,383.9467310291778,21035.96484375,1449.35009765625,379.2249997381155,21222.697265625,1489.8043212890625,380.6453645984772,41060722175.0,16090128940.0,60429000.0
2022-11-23,22158.267578125,1578.358642578125,386.2020263671875,22246.693359375,1581.7320556640625,386.6914528679306,21609.451171875,1511.4315185546875,383.2173476965977,21642.408203125,1517.28076171875,383.4476660498886,43966316116.0,14997448776.0,68261600.0
2022-11-24,22147.451171875,1605.9029541015625,,22381.953125,1616.251708984375,,22020.37109375,1576.1328125,,22159.509765625,1578.5528564453125,,34851563329.0,12946602134.0,
2022-11-25,22133.896484375,1606.171142578125,386.1156005859375,22148.576171875,1605.65771484375,386.6722422842189,21843.26953125,1565.8621826171875,385.35745963035964,22144.521484375,1605.65771484375,385.6357511918176,25022792574.0,7345850907.0,30545400.0
2022-11-26,22056.78515625,1615.5113525390625,,22328.1796875,1643.832275390625,,21992.412109375,1605.0618896484375,,22133.54296875,1605.9896240234375,,24114161741.0,6797726045.0,
2022-11-27,22052.787109375,1602.70458984375,,22234.1796875,1634.8717041015625,,22039.83203125,1602.5869140625,,22056.251953125,1615.521240234375,,27415942549.0,6017184050.0,
2022-11-28,21877.8984375,1578.4989013671875,379.954345703125,22092.48828125,1606.5997314453125,384.65686384529596,21587.8046875,1554.5052490234375,379.18656911015523,22046.880859375,1602.4813232421875,383.00618078001384,37426589372.0,9814858006.0,67881600.0
2022-11-29,22340.263671875,1653.1419677734375,379.3017272949219,22224.83203125,1660.3773193359375,381.2882813429301,21759.181640625,1568.6038818359375,377.4494865474808,21878.326171875,1578.2132568359375,380.0886579693522,32035365982.0,10378018212.0,52310000.0
2022-11-30,23031.90625,1738.18701171875,391.25,23055.662109375,1747.3828125,391.25,22340.93359375,1651.3936767578125,377.6222946040747,22340.93359375,1653.179443359375,379.5512692776583,39606350363.0,13196392686.0,144566700.0
2022-12-01,22794.49609375,1714.6102294921875,390.96209716796875,23086.900390625,1738.0731201171875,393.4765033079562,22691.828125,1706.1834716796875,388.4380846680373,23031.150390625,1738.2955322265625,392.29606325446656,30758815568.0,9213293147.0,76398200.0
2022-12-02,23016.580078125,1743.286865234375,390.5111083984375,23016.580078125,1743.286865234375,391.42280484032347,22746.759765625,1706.1585693359375,385.93335489025844,22796.578125,1714.6837158203125,386.0389077180575,26317872519.0,8369109697.0,85342700.0
2022-12-03,22813.5234375,1677.5758056640625,,23053.458984375,1750.74462890625,,22786.408203125,1675.00830078125,,23018.517578125,1743.4931640625,,21881916306.0,7653796603.0,
2022-12-04,23035.43359375,1721.566162109375,,23096.927734375,1725.0809326171875,,22807.05078125,1677.0048828125,,22813.43359375,1677.419677734375,,22624000458.0,6957671228.0,
2022-12-05,23066.072265625,1711.6990966796875,383.48602294921875,23290.11328125,1749.424560546875,388.6108107991364,23002.373046875,1702.46435546875,382.1232671148329,23033.29296875,1721.2196044921875,387.6703247610148,30178595554.0,8316589334.0,77289800.0
2022-12-06,23327.4296875,1735.8265380859375,377.95819091796875,23332.75390625,1736.1942138671875,383.8699394377877,23155.755859375,1705.08837890625,375.85647734939226,23066.634765625,1711.9403076171875,383.3229333436655,27150042383.0,6946851646.0,77972200.0
2022-12-07,23003.421875,1682.6961669921875,377.3152160644531,23353.4453125,1737.163818359375,379.6952798360285,22881.345703125,1672.60205078125,376.1731720515471,23327.431640625,1735.6890869140625,377.1040811388482,26863616628.0,7853715820.0,65927900.0
2022-12-08,23436.45703125,1742.23876953125,380.27105712890625,23451.296875,1746.64208984375,381.3459151384176,22922.0625,1677.781005859375,377.4207504165452,23002.361328125,1682.7158203125,379.2154118402189,27874110338.0,8468700858.0,60737900.0
2022-12-09,23517.8203125,1735.42041015625,377.4303894042969,23513.29296875,1755.3525390625,381.5954791950506,23335.203125,1720.490478515625,377.3056238588924,23434.65234375,1742.185791015625,379.02349312314146,27903814452.0,7832593282.0,81447700.0
2022-12-10,23513.455078125,1738.4288330078125,,23634.396484375,1756.4720458984375,,23502.419921875,1732.4488525390625,,23519.2890625,1735.544921875,,17443234948.0,4506051874.0,
2022-12-11,23359.076171875,1726.056396484375,,23520.458984375,1747.19873046875,,23344.451171875,1720.2677001953125,,23514.810546875,1738.47509765625,,19286981409.0,4591467852.0,
2022-12-12,23455.04296875,1737.5032958984375,382.8719482421875,23463.306640625,1739.817626953125,382.8719482421875,23099.123046875,1698.4849853515625,377.55520729727965,23356.765625,1725.6534423828125,378.22697906059443,26741804093.0,7021760484.0,75405800.0
2022-12-13,24104.728515625,1790.164306640625,385.7701416015625,24290.587890625,1817.3001708984375,393.94676512636966,23303.0390625,1713.805419921875,382.98702083958256,23455.044921875,1737.5626220703125,393.6876569846706,36106615085.0,11946929427.0,123782500.0
2022-12-14,24141.8984375,1774.2647705078125,383.3037414550781,24804.95703125,1822.0902099609375,389.1579107042202,24029.6796875,1768.8623046875,380.33827531713183,24105.744140625,1790.353271484375,385.42466786033674,34601648168.0,10611634342.0,108111300.0
2022-12-15,23714.970703125,1729.443115234375,373.9274597167969,24179.08984375,1776.3057861328125,379.32096245389425,23665.62109375,1725.049560546875,372.25759312511184,24139.1796875,1774.0780029296875,378.4092368505697,28630874561.0,8238998179.0,117705900.0
2022-12-16,22867.81640625,1604.7794189453125,369.5128479003906,23880.25,1743.4239501953125,372.70403599097625,22781.57421875,1596.422607421875,367.36291063060696,23714.53515625,1729.5887451171875,371.35429365121104,33011019647.0,12771938777.0,119858000.0
2022-12-17,23070.576171875,1632.1016845703125,,23078.130859375,1633.3316650390625,,22821.861328125,1600.8624267578125,,22867.126953125,1604.514892578125,,19867899174.0,6974376257.0,
2022-12-18,22939.89453125,1621.7496337890625,,23011.603515625,1640.4327392578125,,22950.318359375,1616.608642578125,,23071.2890625,1632.07275390625,,14954283600.0,4585921549.0,
2022-12-19,22429.1484375,1593.0052490234375,366.37945556640625,22986.712890625,1628.836181640625,370.04307506014413,22390.75390625,1584.4312744140625,364.7019209808815,22941.349609375,1621.80859375,369.7056321640907,23495229000.0,6744740114.0,79878100.0
2022-12-20,22994.451171875,1656.2120361328125,366.8808288574219,23141.40234375,1665.0352783203125,368.5101700109185,22427.01171875,1591.254150390625,364.2873819052728,22432.0234375,1593.37744140625,365.61785261496107,30904573549.0,9092276362.0,74427200.0
2022-12-21,22899.73046875,1652.5081787109375,372.3666076660156,23006.23828125,1656.6976318359375,373.5042454912828,22803.875,1643.1231689453125,368.9536647680389,22992.033203125,1656.0526123046875,369.4935616824767,20265481184.0,5742360606.0,78167400.0
2022-12-22,22950.6953125,1661.174072265625,367.05438232421875,22910.84765625,1667.3717041015625,372.34731405353006,22698.1640625,1623.9730224609375,361.31794071760254,22900.8828125,1652.6070556640625,369.3007360208056,22420551090.0,7223897337.0,100120900.0
2022-12-23,22918.6015625,1664.8465576171875,369.1657409667969,22979.974609375,1667.910888671875,369.3103509467049,22933.841796875,1660.513916015625,364.4609001393037,22949.744140625,1661.0338134765625,366.022746766656,20916015919.0,6598250867.0,59857300.0
2022-12-24,22987.919921875,1666.1961669921875,,23011.04296875,1671.3306884765625,,22913.9296875,1659.6334228515625,,22918.634765625,1664.789794921875,,13296068881.0,3583254932.0,
2022-12-25,22922.044921875,1659.0146484375,,23005.3828125,1669.4288330078125,,22780.77734375,1636.6011962890625,,22987.578125,1666.2275390625,,15864403034.0,5366065672.0,
2022-12-26,22942.41015625,1663.7158203125,,22942.841796875,1663.7158203125,,22865.6640625,1650.5399169921875,,22922.40234375,1658.9576416015625,,16118120434.0,4450361325.0,
2022-12-27,22610.14453125,1640.3128662109375,367.7099304199219,22993.533203125,1668.8800048828125,369.39711549735404,22508.654296875,1627.8734130859375,366.0227453424897,22941.712890625,1663.733154296875,369.0500515469252,21300112259.0,5533836237.0,51638200.0
2022-12-28,22513.103515625,1618.4964599609375,363.14007568359375,22687.501953125,1641.2542724609375,369.62851797947127,22448.375,1613.0233154296875,362.9086997184609,22609.09765625,1640.2384033203125,367.6424330641149,23129420486.0,6789154890.0,70911500.0
2022-12-29,22557.46484375,1628.673583984375,369.6766662597656,22563.529296875,1631.6600341796875,370.55400591642854,22442.333984375,1615.4879150390625,365.4731504004888,22512.763671875,1618.529296875,366.0034261519237,19616046957.0,5600937320.0,66970900.0
2022-12-30,22528.77734375,1627.291748046875,368.7029724121094,22562.029296875,1629.49267578125,368.847582397039,22219.5703125,1608.0047607421875,364.84654922905963,22556.091796875,1628.638671875,366.9772442216599,21614982035.0,5503314701.0,84022200.0
2022-12-31,22454.123046875,1623.958740234375,,22564.703125,1635.2451171875,,22413.447265625,1620.4747314453125,,22530.255859375,1627.4644775390625,,15251014062.0,4095971667.0,
2023-01-01,22500.216796875,1625.373779296875,,22503.478515625,1631.383056640625,,22418.48828125,1618.6859130859375,,22454.693359375,1623.880615234375,,12511226681.0,3247695539.0,
2023-01-02,22635.826171875,1647.5299072265625,,22707.654296875,1656.2657470703125,,22414.767578125,1616.793701171875,,22500.798828125,1625.5611572265625,,16409119873.0,5107780682.0,
2023-01-03,22806.46875,1660.974365234375,367.1507873535156,22728.171875,1653.16650390625,372.5594069093529,22724.591796875,1652.0235595703125,364.2680909295635,22636.3359375,1647.6484375,370.573351263542,19009763618.0,4639231152.0,74850700.0
2023-01-04,22741.763671875,1694.5517578125,369.9852294921875,22902.580078125,1707.5191650390625,372.0291289605922,22766.865234375,1657.093994140625,366.36018248200725,22806.9453125,1660.8919677734375,369.42603168461426,24843563044.0,8636996622.0,85934100.0
2023-01-05,22835.91796875,1695.988525390625,365.7624816894531,22765.064453125,1696.9571533203125,368.134173839708,22733.169921875,1686.8060302734375,365.1647407706404,22742.078125,1694.4951171875,368.0184858453798,18571693835.0,5427682997.0,76970500.0
2023-01-06,22799.55078125,1707.2513427734375,374.1501770019531,22830.630859375,1710.8643798828125,375.27819376712574,22815.66015625,1694.1849365234375,365.79139594475265,22835.560546875,1696.016357421875,368.8765169428409,19385655934.0,6694156142.0,104189600.0
2023-01-07,22803.73046875,1700.38037109375,,22830.548828125,1708.8912353515625,,22748.7421875,1697.6915283203125,,22799.75,1707.3060302734375,,10375976111.0,3450083961.0,
2023-01-08,22964.533203125,1729.7618408203125,,22964.533203125,1729.7618408203125,,22762.001953125,1694.9420166015625,,22802.478515625,1700.261474609375,,13125895396.0,4696179702.0,
2023-01-09,23033.666015625,1770.115478515625,373.9381103515625,23244.80859375,1794.53662109375,379.5685148511577,22968.359375,1729.4339599609375,373.7549572940184,22968.359375,1729.884521484375,376.358025641022,24946624424.0,10702673426.0,73978100.0
2023-01-10,23438.623046875,1795.6673583984375,376.5604553222656,23472.224609375,1802.4608154296875,376.6279497940512,23005.392578125,1767.363037109375,372.405161403227,23028.83984375,1769.92333984375,373.34999574169683,21238076553.0,7832680350.0,65358100.0
2023-01-11,24087.17578125,1864.040771484375,381.32318115234375,24087.17578125,1864.040771484375,381.4003261060586,23285.93359375,1777.6488037109375,377.3317977518832,23438.71484375,1795.533935546875,378.15129370757376,24674601777.0,8481131196.0,68881100.0
2023-01-12,25244.677734375,1896.989013671875,382.7114562988281,25427.375,1913.7669677734375,384.1865370968042,24173.712890625,1851.6923828125,378.3344368515017,24332.544921875,1887.434814453125,382.43188678167706,46786405494.0,16362163756.0,90157700.0
2023-01-13,26683.806640625,1945.5267333984375,384.1961975097656,26757.18359375,1959.0068359375,384.7746669287201,25090.796875,1879.760498046875,379.2214075822402,25243.765625,1896.9993896484375,379.49135605479535,39168846047.0,10298679642.0,63903900.0
2023-01-14,28113.486328125,2078.3349609375,,28245.958984375,2095.80126953125,,26681.466796875,1944.687255859375,,26685.09765625,1945.277099609375,,52226573362.0,20699660015.0,
2023-01-15,27977.66015625,2080.12841796875,,28136.87109375,2086.703369140625,,27618.513671875,2038.3779296875,,28115.072265625,2078.367919921875,,25857453807.0,9077136601.0,
2023-01-16,28366.544921875,2112.900146484375,,28643.39453125,2136.669921875,,27739.771484375,2048.20166015625,,27979.5703125,2080.181640625,,35900977497.0,11328706116.0,
2023-01-17,28338.236328125,2099.5654296875,383.4924011230469,28707.779296875,2134.47265625,385.86412286969926,28126.5078125,2082.600830078125,382.80789415820544,28374.853515625,2113.267333984375,384.17693751006607,33478477720.0,10176744595.0,62677300.0
2023-01-18,27922.509765625,2045.396484375,377.437744140625,28847.4375,2143.182861328125,385.7579813271269,27606.953125,2028.5994873046875,377.23529017482616,28337.609375,2099.368408203125,384.6878380857325,40496942317.0,13975412821.0,99632300.0
2023-01-19,28392.0390625,2090.419677734375,374.6900329589844,28469.54296875,2095.859619140625,377.0424236704379,27917.921875,2043.87548828125,373.3595624579159,27919.763671875,2045.049072265625,375.3841607798868,28480977554.0,8661142963.0,86958900.0
2023-01-20,30371.83984375,2222.99169921875,381.670166015625,30393.009765625,2223.16796875,381.824426456989,28159.591796875,2079.36669921875,374.43937332639956,28390.125,2090.17333984375,376.0976362933487,38572147337.0,11423175188.0,91806400.0
2023-01-21,30507.212890625,2179.28076171875,,31183.212890625,2242.31201171875,,30151.224609375,2178.871826171875,,30373.01171875,2222.92724609375,,43451565615.0,11865636903.0,
2023-01-22,30379.03515625,2177.27880859375,,30881.03125,2222.034912109375,,29970.123046875,2158.058837890625,,30507.697265625,2179.612548828125,,33087922847.0,10052159894.0,
2023-01-23,30666.201171875,2177.17529296875,386.24969482421875,30923.7421875,2194.965087890625,388.1971778648544,30327.724609375,2152.52880859375,381.51593201823454,30379.935546875,2177.50439453125,382.48003777695624,35458817422.0,11050679424.0,84178800.0
2023-01-24,30270.279296875,2081.545654296875,385.835205078125,30900.978515625,2189.441162109375,386.7510880586107,30170.115234375,2075.660400390625,383.3670962503108,30659.779296875,2176.63671875,384.5625781887957,35309783400.0,10938949626.0,59524900.0
2023-01-25,30934.5859375,2156.6708984375,385.97979736328125,31760.759765625,2185.356201171875,386.31724030783295,29951.658203125,2046.3170166015625,379.4335101588138,30274.01953125,2081.8173828125,381.73773734911055,41060856327.0,14182751345.0,84800300.0
2023-01-26,30674.24609375,2134.96044921875,390.22186279296875,31134.685546875,2178.892578125,390.3857737416292,30610.716796875,2119.77294921875,385.67128177078746,30922.669921875,2155.82763671875,388.6600159434458,35102447885.0,11180587002.0,72287400.0
2023-01-27,30781.25390625,2131.541259765625,391.118408203125,31148.49609375,2150.813232421875,393.5094010221229,30179.76953125,2085.17236328125,388.9588207680121,30671.50390625,2134.926025390625,389.17092520697304,33855023912.0,10836005691.0,68346200.0
2023-01-28,30722.322265625,2097.5498046875,,30902.146484375,2140.594970703125,,30559.255859375,2088.152099609375,,30782.90234375,2131.499755859375,,19626310811.0,7741783396.0,
2023-01-29,31633.462890625,2190.30712890625,,31873.013671875,2204.076416015625,,30660.93359375,2092.947265625,,30722.80078125,2097.80908203125,,36488833896.0,11710638681.0,
2023-01-30,30570.498046875,2097.7958984375,386.2111511230469,31646.279296875,2190.492919921875,390.5881998318813,30327.78515625,2070.27197265625,385.91228066935525,31633.572265625,2190.296630859375,388.34181677031853,36413465416.0,12287576535.0,74202000.0
2023-01-31,30794.916015625,2111.440673828125,391.8897399902344,30905.3046875,2131.624755859375,391.9379335118338,30477.0625,2093.51953125,386.3846746346884,30571.376953125,2097.9208984375,386.73176802559715,30393724279.0,8763901468.0,86811800.0
2023-02-01,31492.236328125,2179.406005859375,396.0547180175781,31586.63671875,2181.6767578125,398.82172684731836,30584.234375,2094.660888671875,387.9080402797086,30792.98828125,2111.377685546875,390.66536921253794,35420820935.0,10774911734.0,101459200.0
2023-02-02,31259.3671875,2188.436279296875,401.8199462890625,32090.9375,2268.354248046875,403.2950267370687,31255.005859375,2179.146240234375,398.05994018847497,31488.326171875,2178.83935546875,399.96885051991296,42706105201.0,14061041206.0,101654500.0
2023-02-03,31449.05859375,2232.673583984375,397.5490417480469,31717.38671875,2237.9384765625,402.003205939953,31197.818359375,2178.34130859375,396.3342589967362,31256.09375,2187.987548828125,396.8163119079325,36322453976.0,10956551486.0,94736800.0
2023-02-04,31291.505859375,2235.776611328125,,31581.90625,2266.677001953125,,31237.791015625,2210.468994140625,,31445.033203125,2232.30712890625,,20974645234.0,7836745164.0,
2023-02-05,30768.626953125,2186.9765625,,31414.33984375,2242.0947265625,,30640.2109375,2168.163330078125,,31292.04296875,2235.92041015625,,26222959383.0,9284197695.0,
2023-02-06,30596.4140625,2172.720947265625,395.1194152832031,31084.333984375,2223.246826171875,396.5270307506839,30512.83203125,2166.66015625,393.4515312979903,30766.423828125,2186.975830078125,395.08087224021995,32027956294.0,9302383776.0,60295300.0
2023-02-07,31153.748046875,2239.0185546875,400.287109375,31237.150390625,2242.587890625,401.5404352084988,30586.232421875,2170.505126953125,392.94062752096966,30592.595703125,2172.40185546875,394.1939533544685,36408028546.0,10753529208.0,90990700.0
2023-02-08,30844.1328125,2219.54052734375,395.9100341796875,31313.181640625,2262.288818359375,399.6507693278752,30545.298828125,2197.415283203125,395.2158768385581,31152.57421875,2238.88671875,398.3010271151718,34114138116.0,10496005599.0,76227500.0
2023-02-09,29345.408203125,2079.87451171875,392.477783203125,30937.8671875,2226.77099609375,399.6893043818778,29285.822265625,2067.5947265625,391.243729092436,30853.767578125,2220.031982421875,399.53504394027027,43808318098.0,14155504598.0,78694900.0
2023-02-10,28985.521484375,2028.0311279296875,393.39373779296875,29539.08984375,2087.691650390625,393.77937422747794,28746.04296875,2008.3218994140625,390.472498403855,29345.36328125,2080.087158203125,391.2919647938718,36251216828.0,11242003047.0,70769700.0
2023-02-11,29276.330078125,2061.344482421875,,29303.8203125,2063.229248046875,,28941.69921875,2021.7093505859375,,28986.40234375,2028.1285400390625,,21894428078.0,6778675262.0,
2023-02-12,29103.8984375,2023.7274169921875,,29538.568359375,2069.419921875,,28944.77734375,2004.3271484375,,29276.369140625,2061.142578125,,23804712231.0,7105862115.0,
2023-02-13,29081.8671875,2009.8585205078125,398.01177978515625,29258.033203125,2037.1632080078125,398.1467687182115,28613.314453125,1963.092041015625,393.58653774588544,29102.2890625,2023.5716552734375,394.0493191164229,31896480423.0,12487028529.0,64913500.0
2023-02-14,29645.107421875,2077.050537109375,397.82861328125,29675.201171875,2079.280029296875,400.15208226171416,28942.953125,1998.7021484375,393.8468518013947,29073.494140625,2009.626708984375,396.4788416851024,35744404987.0,12339996811.0,88389300.0
2023-02-15,32553.7421875,2241.527587890625,399.1205749511719,32553.7421875,2242.14697265625,399.19769047816305,29502.359375,2065.026123046875,394.7724478848361,29644.81640625,2076.903564453125,395.6208657926262,43502562181.0,13412415502.0,61555700.0
2023-02-16,31829.65625,2209.784423828125,393.62506103515625,33807.47265625,2330.76123046875,398.08887498646203,31795.193359375,2206.76220703125,393.4901015411369,32553.083984375,2241.690185546875,394.11676434103185,52974251644.0,17118200296.0,76431500.0
2023-02-17,33100.921875,2283.6357421875,392.6417236328125,33574.52734375,2312.608154296875,392.8827500742858,31612.1953125,2204.662353515625,389.5469229403303,31826.701171875,2210.07080078125,391.48478494487125,55728445143.0,13208302035.0,89257800.0
2023-02-18,33202.88671875,2279.64208984375,,33415.19140625,2297.81884765625,,32969.91015625,2268.661376953125,,33100.5078125,2283.579833984375,,26444281824.0,7399437048.0,
2023-02-19,32800.05859375,2267.01806640625,,33811.63671875,2316.19580078125,,32800.05859375,2256.308837890625,,33201.203125,2279.45458984375,,34455003436.0,9382756371.0,
2023-02-20,33404.6640625,2290.746826171875,,33668.45703125,2310.06005859375,,32277.337890625,2237.80322265625,,32812.16796875,2268.232666015625,,38999065681.0,10364282772.0,
2023-02-21,33070.81640625,2243.895263671875,384.7650146484375,33863.9609375,2308.700439453125,389.65303855349947,32763.662109375,2223.34521484375,384.50471665110956,33409.9140625,2290.911865234375,388.59251619409105,42294871534.0,11803344847.0,82655900.0
2023-02-22,32766.810546875,2225.962646484375,384.23480224609375,33117.87890625,2251.862060546875,386.73183318243787,32017.857421875,2172.91796875,382.7693423387374,33072.2578125,2244.036865234375,385.1796072682795,40909670639.0,12448173371.0,83742300.0
2023-02-23,32433.93359375,2236.176513671875,386.2786865234375,33231.6640625,2264.1533203125,387.7634178979946,32048.869140625,2208.24169921875,382.0269758296,32769.3515625,2226.053466796875,387.14637597842557,41276351097.0,12207319761.0,96242400.0
2023-02-24,31634.126953125,2193.258056640625,382.1522521972656,32613.4453125,2247.53466796875,382.99101951483533,31306.873046875,2157.482177734375,379.5106117861291,32431.921875,2235.934326171875,381.22671889051696,36561835970.0,12148934338.0,108194400.0
2023-02-25,31605.41796875,2175.065185546875,,31652.92578125,2194.08984375,,31177.451171875,2137.857666015625,,31636.8515625,2193.64697265625,,21957359034.0,7715669603.0,
2023-02-26,32035.921875,2231.0009765625,,32202.9375,2239.883544921875,,31481.107421875,2168.898681640625,,31603.748046875,2174.85546875,,22631390935.0,7788254310.0,
2023-02-27,31934.767578125,2218.76953125,383.45379638671875,32355.619140625,2255.4833984375,386.8860105552823,31492.466796875,2193.737060546875,382.50896214532895,32036.24609375,2230.92822265625,385.51696742365004,30764365824.0,9828822181.0,80444700.0
2023-02-28,31587.109375,2191.420654296875,382.03662109375,32073.740234375,2238.9814453125,384.94821037879007,31491.76171875,2186.67333984375,381.9305541430677,31933.365234375,2219.008544921875,382.97180501259515,28022762296.0,8629352813.0,96438600.0
2023-03-01,32136.087890625,2260.63623046875,380.5711364746094,32473.599609375,2260.63623046875,382.4511546641235,31531.09765625,2187.162841796875,379.25996663208684,31591.990234375,2191.61865234375,381.2171003443828,33517245121.0,10466949011.0,99706800.0
2023-03-02,31921.470703125,2239.99169921875,383.5309143066406,32245.796875,2271.212158203125,384.37933209244466,31669.1796875,2210.6416015625,378.24760409097087,32136.724609375,2260.793212890625,378.5850469951666,27721016974.0,9628535451.0,85127800.0
2023-03-03,30456.8515625,2137.1279296875,389.6819152832031,31928.533203125,2241.689208984375,389.9325921996263,30197.564453125,2110.464599609375,384.7071259569614,31923.056640625,2240.316162109375,385.36271082218923,35495691959.0,13513595039.0,90120000.0
2023-03-04,30441.91015625,2133.915283203125,,30512.490234375,2145.781494140625,,30231.681640625,2113.23291015625,,30457.18359375,2137.2783203125,,15206434686.0,5977221433.0,
2023-03-05,30524.68359375,2128.541015625,,30796.447265625,2157.454833984375,,30378.982421875,2124.42333984375,,30442.990234375,2134.26318359375,,18118473341.0,6831176813.0,
2023-03-06,30541.388671875,2134.2421875,389.9518737792969,30744.51953125,2150.150146484375,392.82491965289546,30372.59765625,2117.975341796875,389.50839334987364,30526.455078125,2128.424560546875,390.5110421970763,23628905693.0,7142042071.0,72795900.0
2023-03-07,30553.29296875,2147.736083984375,383.9743957519531,30648.666015625,2148.458251953125,390.14469623900044,30273.189453125,2116.90087890625,383.35738335655236,30539.435546875,2134.277587890625,389.90366979566807,31303635053.0,9424672933.0,108310600.0
2023-03-08,29970.625,2117.018798828125,384.60113525390625,30633.138671875,2156.65185546875,385.3627577243644,29956.611328125,2117.018798828125,382.3547520498777,30548.71875,2147.797607421875,384.090160308204,31100136396.0,9839745030.0,74746600.0
2023-03-09,28166.6796875,1989.994384765625,377.5052490234375,30103.556640625,2132.415283203125,387.06919110818103,27956.736328125,1968.789306640625,376.51222126754647,29973.3828125,2116.940673828125,385.3916270787408,42001223327.0,13082419301.0,111945300.0
2023-03-10,27976.4921875,1980.5987548828125,372.05804443359375,28174.123046875,1990.1319580078125,379.04781095051806,27170.41015625,1907.2340087890625,370.5251198591634,28172.1875,1990.1319580078125,376.9556885783175,54849528427.0,17552060402.0,189253000.0
2023-03-11,28595.48828125,2054.83251953125,,28817.400390625,2056.939697265625,,27814.16015625,1980.138916015625,,27977.369140625,1980.519287109375,,41828370397.0,20674327239.0,
2023-03-12,30515.37109375,2189.5185546875,,30544.39453125,2216.515625,,28341.0234375,2025.7196044921875,,28589.416015625,2054.57666015625,,40311434663.0,15807015742.0,
2023-03-13,33249.94921875,2308.9208984375,371.52777099609375,33589.96484375,2325.78515625,376.3772510764091,30210.51171875,2164.52197265625,366.986841233707,30504.984375,2190.259521484375,368.10520741419566,67971976302.0,21589208054.0,157790000.0
2023-03-14,33876.23828125,2332.02294921875,377.66912841796875,36259.37890625,2431.818115234375,379.3273913635756,33096.453125,2286.6357421875,373.15709147711357,33255.76953125,2308.902099609375,376.4832678402167,74775320472.0,22121997253.0,149752400.0
2023-03-15,33560.41015625,2280.201171875,375.3070983886719,34729.5234375,2355.49658203125,375.50955236508713,33056.21484375,2229.91357421875,369.9370221108989,33910.2578125,2334.32666015625,372.03879508070304,60104427610.0,17506263820.0,172996900.0
2023-03-16,34373.02734375,2301.179931640625,381.8919677734375,34572.33984375,2323.740478515625,382.23906119137735,33317.47265625,2254.5224609375,372.4244703488293,33556.9609375,2280.40966796875,372.93544529070954,46465049502.0,12848977548.0,143254200.0
2023-03-17,37764.125,2468.341552734375,377.4266357421875,38262.4296875,2477.606689453125,381.69457309309325,34260.453125,2288.77197265625,376.0330223404849,34376.23046875,2301.291259765625,380.5525933577855,69858106371.0,17168295298.0,140553400.0
2023-03-18,37136.0625,2426.069580078125,,38182.796875,2534.448486328125,,36682.125,2411.751708984375,,37797.4296875,2469.866455078125,,49195980153.0,14209188861.0,
2023-03-19,38451.98828125,2448.7236328125,,39013.91015625,2525.669921875,,37055.9609375,2427.86474609375,,37141.05078125,2427.86474609375,,51796682240.0,12576430954.0,
2023-03-20,37965.30859375,2372.65283203125,381.0557861328125,39130.79296875,2478.44189453125,381.471956270632,37372.95703125,2362.57373046875,377.5040305133461,38456.0,2448.50390625,378.21049490172476,61218184804.0,15010335116.0,93055800.0
2023-03-21,38628.62109375,2477.041748046875,386.0592346191406,39041.57421875,2510.022705078125,386.54312726544555,37553.40625,2360.81396484375,382.8364930554503,37966.890625,2373.058349609375,384.4430201853183,49495564838.0,14749917260.0,91524200.0
2023-03-22,37467.578125,2384.2607421875,379.478271484375,39422.26171875,2497.601806640625,389.5238874035855,36727.5078125,2356.481689453125,379.4395813380372,38605.18359375,2474.569091796875,385.8850348388219,45802303864.0,17129001552.0,111746600.0
2023-03-23,38869.39453125,2491.799072265625,380.5041809082031,39168.2578125,2527.461181640625,386.4270225535405,37269.61328125,2375.26513671875,377.775019119637,37460.05859375,2383.47021484375,382.3623122499542,33226317548.0,15107918319.0,119351300.0
2023-03-24,37950.35546875,2418.43505859375,383.00103759765625,38940.81640625,2498.028564453125,383.08813473168556,37304.72265625,2378.44677734375,376.85559495356796,38855.8671875,2490.99609375,379.21699347990887,35861922234.0,15064683533.0,107682400.0
2023-03-25,37952.3203125,2407.005615234375,,38362.4453125,2433.107666015625,,37540.3203125,2369.58056640625,,37942.1484375,2417.640869140625,,18473232315.0,9130062687.0,
2023-03-26,38435.79296875,2437.9775390625,,38895.703125,2481.703857421875,,37883.76953125,2403.441650390625,,37953.4453125,2407.112548828125,,19054784487.0,9597595316.0,
2023-03-27,37061.87890625,2342.611083984375,383.7171936035156,38497.671875,2445.9921875,386.0689343866717,36458.74609375,2316.489501953125,382.8171603406036,38435.43359375,2437.709228515625,385.2946884069106,24838518799.0,11724589623.0,74010400.0
2023-03-28,37067.78125,2409.89111328125,382.8558349609375,37343.14453125,2434.981201171875,383.71714843986854,36491.7890625,2322.7666015625,381.0073616658082,37052.3203125,2342.4287109375,383.02034190733,24174688475.0,11346603732.0,62871700.0
2023-03-29,38460.7578125,2432.592529296875,388.4206237792969,38946.41796875,2484.338134765625,388.6625700966461,37054.328125,2410.046630859375,385.8366241148439,37066.28515625,2410.046630859375,387.0463557015899,28063576385.0,12395188314.0,77497900.0
2023-03-30,37910.15234375,2424.341796875,390.6949462890625,39583.60546875,2480.47265625,391.3240008414437,37530.62890625,2391.267822265625,388.81744040170287,38463.0625,2433.059326171875,391.07236720670556,30339615398.0,13150563694.0,69840000.0
2023-03-31,38527.1171875,2464.922607421875,396.2016296386719,38739.640625,2495.33203125,396.50164071247474,37397.03515625,2415.82763671875,391.5175228968931,37908.39453125,2425.535888671875,391.6239946355286,25705946041.0,12377738413.0,112062600.0
2023-04-01,38435.8671875,2453.88134765625,,38965.40625,2489.478271484375,,38281.828125,2450.171630859375,,38520.1484375,2464.49267578125,,14714232305.0,7517034733.0,
2023-04-02,38081.19140625,2424.97802734375,,38581.87109375,2468.04345703125,,37682.66796875,2396.46826171875,,38505.9609375,2463.7998046875,,16589549095.0,8372289485.0,
2023-04-03,37342.609375,2432.55419921875,397.71142578125,38389.41015625,2468.17724609375,398.1178791138705,36650.1484375,2385.9169921875,395.28227495278213,38059.27734375,2423.9169921875,395.67907051474674,26278696641.0,12958718137.0,67391100.0
2023-04-04,37857.48828125,2514.602783203125,395.50482177734375,38161.0703125,2537.84912109375,398.65012392465593,37182.1640625,2421.771240234375,394.1208663863346,37349.3984375,2432.345947265625,398.3597706211495,20542190958.0,13975189243.0,66601500.0
2023-04-05,37912.6328125,2568.65576171875,394.46929931640625,38605.70703125,2605.984619140625,395.5338690671422,37465.56640625,2506.400390625,392.80470739738206,37859.69140625,2514.549072265625,394.76931040055035,22943379590.0,13884216660.0,65200200.0
2023-04-06,37847.53125,2527.64013671875,396.0080261230469,37913.171875,2568.867919921875,396.28869209911693,37376.17578125,2507.259765625,392.6110906391287,37908.921875,2568.6953125,393.6659729570593,18675092405.0,11151755798.0,63743300.0
2023-04-07,37866.0703125,2529.709228515625,,37936.203125,2540.2568359375,,37498.1796875,2496.974365234375,,37840.546875,2527.3857421875,,14727895670.0,11330495141.0,
2023-04-08,37895.8125,2507.8271484375,,38183.3671875,2547.976318359375,,37808.4765625,2506.982666015625,,37858.8203125,2528.41162109375,,12709665871.0,6801937048.0,
2023-04-09,38268.03515625,2511.382080078125,,38546.02734375,2532.4072265625,,37734.03125,2479.6259765625,,37902.01171875,2508.06298828125,,16444599944.0,8592156888.0,
2023-04-10,40042.94140625,2580.865966796875,396.41455078125,40204.875,2589.218017578125,396.49199015006326,38198.71875,2502.5029296875,392.8918273963524,38272.0546875,2511.859375,393.5111946745305,26038663851.0,11316407624.0,63681000.0
2023-04-11,40707.87890625,2547.6064453125,396.5209655761719,41081.08984375,2613.837646484375,397.9339237421773,39984.84375,2539.94482421875,395.7467492060361,40043.8828125,2581.09326171875,397.0435778699673,27090861828.0,11952115444.0,59297900.0
2023-04-12,40509.9296875,2581.5908203125,394.90478515625,40955.46484375,2595.39111328125,398.89208545476356,40035.17578125,2503.892333984375,394.3144502918621,40703.1953125,2547.283203125,398.60173214018494,25070077666.0,14799511949.0,86420400.0
2023-04-13,40557.5546875,2685.19873046875,400.15020751953125,40737.25390625,2696.6767578125,400.5082833714351,40180.14453125,2554.867919921875,394.8467331999566,40178.859375,2577.580322265625,395.9984001225183,23331610216.0,16739777495.0,85814800.0
2023-04-14,41212.09375,2841.095947265625,399.1727294921875,41311.80859375,2833.901611328125,401.7180096391091,40232.4375,2683.868408203125,396.8500506038799,40571.5546875,2686.927734375,399.51146026504716,30632914348.0,22032585689.0,78161500.0
2023-04-15,40986.05859375,2828.701416015625,,41368.9609375,2853.857177734375,,40887.89453125,2807.131103515625,,41218.91796875,2841.070068359375,,16142015528.0,10864099472.0,
2023-04-16,40520.56640625,2833.674072265625,,40851.37890625,2857.66796875,,40768.8671875,2807.5654296875,,40982.65234375,2828.449951171875,,17182197541.0,10556912790.0,
2023-04-17,39441.16796875,2781.09423828125,400.60504150390625,40525.69921875,2833.42578125,400.62438657711596,39257.07421875,2764.207763671875,397.8468475466869,40522.95703125,2833.66796875,399.08561152475335,23939508213.0,12924523788.0,66436400.0
2023-04-18,40707.64453125,2818.34375,400.8663635253906,40756.40625,2839.561767578125,402.3277288621067,39049.88671875,2756.013427734375,399.4824375563558,39446.5859375,2780.574951171875,402.19222473589707,26087838088.0,12232044729.0,63560000.0
2023-04-19,38823.4296875,2608.287109375,400.7986145019531,40730.01171875,2819.069091796875,401.7083055035842,38610.8984375,2597.806884765625,398.8823889937934,40703.13671875,2817.552490234375,398.94045374848343,33097284333.0,18560972629.0,55227300.0
2023-04-20,38080.22265625,2619.6142578125,398.6114196777344,39125.78515625,2663.31591796875,400.37279603669873,37795.484375,2585.729248046875,397.05326996496933,38824.78125,2608.306396484375,397.96299052247997,28770305584.0,15266791686.0,75840400.0
2023-04-21,37235.68359375,2525.432861328125,398.9211120605469,38218.58984375,2636.41064453125,399.38563010200903,37099.79296875,2474.903076171875,396.95650908496054,38084.59765625,2620.035400390625,398.91142475652856,28338778601.0,16441627186.0,73457400.0
2023-04-22,38050.16796875,2563.66357421875,,38124.91015625,2580.834228515625,,37163.8984375,2524.844970703125,,37220.64453125,2524.459228515625,,17954036076.0,9534793653.0,
2023-04-23,37361.109375,2521.39208984375,,38053.921875,2574.60791015625,,37479.51953125,2487.798095703125,,38048.3125,2563.58544921875,,17312594559.0,8947058061.0,
2023-04-24,37252.0234375,2493.936279296875,399.33721923828125,37884.8671875,2556.6123046875,399.7630470969682,36654.60546875,2452.510498046875,397.3726164270733,37361.57421875,2521.423583984375,398.7178225222054,23959134734.0,11420011887.0,64332100.0
2023-04-25,38552.37109375,2542.3486328125,392.998291015625,38655.6796875,2558.078857421875,397.914657496748,36961.7578125,2459.736083984375,392.94022625308526,37237.859375,2493.187744140625,397.3533254129077,24151240479.0,11817632336.0,97766700.0
2023-04-26,38743.9765625,2544.379150390625,391.3336486816406,40873.2890625,2674.257568359375,394.7015521490125,37285.3046875,2445.879638671875,390.77234620431034,38542.10546875,2541.525146484375,393.6176373414345,43421632195.0,19569881292.0,80447000.0
2023-04-27,40085.55859375,2596.02783203125,399.12432861328125,40616.28125,2633.660400390625,399.3953073087713,38716.96875,2539.72216796875,393.6369731115294,38751.8359375,2544.554931640625,393.88860673393543,36929798528.0,19051652630.0,92968400.0
2023-04-28,40062.66015625,2584.131591796875,402.5309143066406,40226.15234375,2623.897705078125,402.54060161022534,39414.21875,2546.45458984375,398.1758806560814,40095.38671875,2596.689697265625,398.2339454086652,23956089580.0,10502713328.0,89433100.0
2023-04-29,39940.2734375,2606.7216796875,,40218.80078125,2617.7236328125,,39721.17578125,2578.1455078125,,40057.6171875,2584.202880859375,,14560360313.0,6550067109.0,
2023-04-30,39691.95703125,2545.330810546875,,40900.9921875,2647.006591796875,,39756.65234375,2545.330810546875,,39936.21484375,2606.481689453125,,19870111173.0,8868526172.0,
2023-05-01,38071.96875,2482.8134765625,402.1244812011719,39760.86328125,2556.451171875,404.1664940165015,37490.78125,2450.365966796875,401.89219264472746,39635.40234375,2534.436767578125,402.08576151935387,25283580192.0,11690360082.0,62122300.0
2023-05-02,39065.328125,2548.174072265625,397.60491943359375,39338.40625,2559.916748046875,401.4567156600311,37795.77734375,2471.8828125,394.6822183840986,38066.015625,2482.504150390625,401.40830867309586,22383040004.0,10265742842.0,103998500.0
2023-05-03,39540.671875,2596.373779296875,394.875732421875,39877.640625,2610.629150390625,400.53728211796295,38394.04296875,2516.64697265625,394.63378610609743,39065.26953125,2548.034912109375,398.10813165652803,26067958063.0,11323064372.0,91531800.0
2023-05-04,39014.94140625,2539.49169921875,392.078857421875,39964.06640625,2608.440185546875,394.1499025748278,38861.33984375,2529.1455078125,390.7336216985504,39574.75,2597.07861328125,393.8208591219087,21028732512.0,8896975897.0,94901900.0
2023-05-05,39804.96484375,2688.84326171875,399.33721923828125,39786.15234375,2693.36181640625,400.3921015817908,39018.66015625,2539.142822265625,395.4757656693976,39020.0390625,2539.666015625,395.73705704585785,24174007525.0,12801281747.0,87891800.0
2023-05-06,38956.20703125,2561.02392578125,,40190.07421875,2719.165771484375,,38369.05078125,2521.108642578125,,39810.99609375,2689.406982421875,,21447913864.0,12969725802.0,
2023-05-07,38072.90234375,2506.185791015625,,39297.046875,2606.54638671875,,38047.01171875,2506.185791015625,,38952.1640625,2560.614013671875,,15121270148.0,9210749132.0,
2023-05-08,37034.4140625,2472.649169921875,399.4437561035156,38350.7421875,2524.350830078125,399.92764882720917,36519.93359375,2431.717529296875,398.0307976199815,38066.85546875,2505.381103515625,399.66635738882314,25572275149.0,13232315407.0,50046800.0
2023-05-09,36995.1328125,2472.6083984375,397.6920471191406,37264.875,2490.3955078125,398.81468172667087,36689.546875,2452.557861328125,397.45978807429526,37035.48046875,2472.673583984375,397.8856160128228,18897770552.0,8198564892.0,49220100.0
2023-05-10,36937.8828125,2463.79736328125,399.5502014160156,37792.01171875,2517.62744140625,401.18576107660607,36008.17578125,2405.13134765625,395.6984049579416,36989.59765625,2472.087158203125,400.5470191794702,27622785866.0,13299934846.0,96142900.0
2023-05-11,36439.72265625,2424.5078125,398.8533020019531,36931.14453125,2463.918701171875,399.14362573564944,36140.55078125,2393.336669921875,396.762882515962,36936.98828125,2463.918701171875,398.67910776173534,22570840099.0,11274159613.0,70157100.0
2023-05-12,36608.9140625,2469.302978515625,398.33074951171875,36498.609375,2471.51318359375,400.3147271045136,35085.765625,2350.3876953125,395.89194117937734,36422.0078125,2422.734375,400.1018131563713,26377549060.0,12356211570.0,70481500.0
2023-05-13,36583.03515625,2453.2236328125,,36919.5859375,2480.463623046875,,36483.046875,2442.789306640625,,36612.7109375,2469.7880859375,,13657368537.0,6347966616.0,
2023-05-14,36507.7109375,2440.795166015625,,37084.16015625,2490.61474609375,,36415.41015625,2428.0693359375,,36589.71875,2453.214111328125,,13576343103.0,6386610827.0,
2023-05-15,36619.44921875,2447.630859375,399.7049865722656,37217.65234375,2484.6845703125,400.111439828834,36308.6640625,2424.823486328125,397.01454481909764,36508.72265625,2440.619140625,398.9404279722957,19409794791.0,9088493071.0,54289400.0
2023-05-16,36439.05078125,2458.487060546875,397.03387451171875,36755.484375,2465.72705078125,399.5210895402576,36195.5390625,2421.853759765625,397.0241872087838,36590.92578125,2446.653564453125,398.591994492311,17160065848.0,7542038581.0,57705500.0
2023-05-17,36898.59765625,2453.540283203125,401.8535461425781,36932.05859375,2474.894775390625,402.4632261414949,35911.1015625,2410.309814453125,397.41141465795494,36437.4609375,2458.41552734375,399.06631943823413,20389395546.0,8554602098.0,87287000.0
2023-05-18,36218.83984375,2432.021728515625,405.72467041015625,36988.76171875,2466.091796875,406.1504983347822,35716.38671875,2398.924560546875,401.3115714953653,36902.43359375,2453.8212890625,401.5341432279205,20548333542.0,7657736294.0,97177200.0
2023-05-19,36289.57421875,2446.18017578125,405.13427734375,36627.625,2465.630615234375,407.16663237955544,36084.078125,2427.77685546875,403.9052006458144,36211.4765625,2431.03076171875,406.6343622786256,15194560914.0,6472590600.0,103793300.0
2023-05-20,36615.4453125,2457.008056640625,,36649.9609375,2468.522705078125,,36229.03125,2440.230224609375,,36287.8359375,2446.41845703125,,9508164618.0,3983702479.0,
2023-05-21,36090.671875,2434.296630859375,,36799.4453125,2467.054931640625,,36071.9453125,2431.062255859375,,36600.37890625,2456.54931640625,,11665287600.0,4568720718.0,
2023-05-22,36258.703125,2454.313720703125,405.298828125,36525.18359375,2466.70703125,406.84729056564146,35838.5859375,2420.16748046875,403.90521488186914,36085.36328125,2434.71533203125,405.153666231854,14930543204.0,6123636215.0,60745400.0
2023-05-23,36757.046875,2503.571533203125,400.75018310546875,37046.64453125,2522.3955078125,405.231033454368,36195.86328125,2451.94140625,400.35338761628196,36265.02734375,2454.646240234375,403.6438514976209,18492388505.0,9207643370.0,86383500.0
2023-05-24,35789.4921875,2446.368408203125,397.84686279296875,36755.52734375,2503.462158203125,399.5211420253495,35491.4453125,2417.49072265625,396.675850827955,36755.52734375,2503.462158203125,399.1340338050808,22150776302.0,9651266671.0,89213700.0
2023-05-25,36124.80078125,2464.08837890625,401.2922058105469,36260.35546875,2476.30126953125,402.75357119958005,35222.859375,2398.969970703125,399.12437598930535,35782.2109375,2446.02197265625,401.37930295145753,18898818086.0,8625471685.0,90961600.0
2023-05-26,36373.50390625,2489.431884765625,406.48919677734375,36664.59765625,2501.9326171875,407.2150357982411,35935.9375,2454.457275390625,401.872871236844,36122.03515625,2463.77685546875,401.950281070575,17304581484.0,7421119258.0,93830000.0
2023-05-27,36576.42578125,2492.738037109375,,36604.375,2499.634765625,,36239.890625,2474.188232421875,,36374.71875,2489.276611328125,,10743558052.0,4379009300.0,
2023-05-28,38222.7421875,2600.6298828125,,38365.6171875,2606.8203125,,36487.12109375,2485.045166015625,,36580.24609375,2492.711181640625,,19795112016.0,8655016599.0,
2023-05-29,37747.52734375,2575.481689453125,,38701.46484375,2622.22998046875,,37445.390625,2552.5859375,,38209.0546875,2598.429931640625,,20653760977.0,8005940868.0,
2023-05-30,37677.46484375,2585.552001953125,406.6440734863281,38078.390625,2602.271728515625,408.9667526034221,37492.11328125,2560.32568359375,405.2504601091783,37746.4921875,2575.502197265625,408.4344824325452,18022557907.0,7294717908.0,72216000.0
2023-05-31,36928.23046875,2542.5859375,404.38909912109375,37879.46875,2595.513427734375,405.71496027497034,36533.62109375,2522.680908203125,402.8116043346985,37674.9921875,2585.6494140625,404.8052397175947,21240607851.0,8119038561.0,110811800.0
2023-06-01,36059.72265625,2503.74853515625,408.2312316894531,37094.71875,2561.1630859375,409.2958015028972,36183.7890625,2504.65673828125,403.3632724617854,36926.5390625,2542.293212890625,404.6213816284684,19736022512.0,7583072966.0,88865000.0
2023-06-02,36592.109375,2561.15966796875,414.1347351074219,36659.53125,2564.56787109375,414.9282966772401,35741.08984375,2490.7666015625,410.2926259460805,36065.88671875,2504.04736328125,410.82489609425363,19924422733.0,8188358245.0,91426200.0
2023-06-03,36352.421875,2540.84765625,,36677.23828125,2562.88037109375,,36195.1640625,2531.547119140625,,36595.78125,2561.380126953125,,11258922443.0,4662049502.0,
2023-06-04,36418.875,2538.81787109375,,36784.49609375,2567.423095703125,,36208.88671875,2531.7705078125,,36352.4140625,2540.828369140625,,12571003175.0,5031997312.0,
2023-06-05,34645.01171875,2436.74609375,413.3410949707031,36445.84765625,2538.980712890625,415.77990322015285,34186.1171875,2389.494384765625,412.6346010907747,36424.30078125,2538.689208984375,414.483074501714,28933442413.0,12435835436.0,65460200.0
2023-06-06,36496.12890625,2524.957275390625,414.24114990234375,36604.20703125,2542.614501953125,414.77342001528297,34149.0546875,2418.5810546875,412.26685957720514,34607.37109375,2435.069091796875,412.9249760418941,29382666645.0,11662684458.0,64022200.0
2023-06-07,35228.55078125,2450.188232421875,412.808837890625,36598.9921875,2535.8935546875,415.77994606573895,34966.4453125,2436.971435546875,412.3830099649327,36491.9296875,2524.7939453125,414.6379664170486,26114599781.0,10590086870.0,85373300.0
2023-06-08,35422.265625,2467.1669921875,415.30572509765625,35862.2265625,2490.697021484375,415.7605853860068,35059.63671875,2444.688720703125,412.10235800492956,35230.765625,2450.345458984375,412.87657445833014,15908119085.0,6061399431.0,61952800.0
2023-06-09,35401.1640625,2460.165771484375,416.0509033203125,35700.0,2473.53515625,418.07357109575076,35208.2890625,2440.50341796875,415.0540856217096,35419.203125,2466.86767578125,416.10896807677756,14726503724.0,6164142260.0,85742800.0
2023-06-10,34560.0859375,2342.7333984375,,35468.90234375,2466.2626953125,,34092.97265625,2301.367919921875,,35403.01953125,2460.388671875,,26567786540.0,14422962788.0,
2023-06-11,34597.59375,2338.610595703125,,34954.078125,2370.225341796875,,34316.4296875,2333.87158203125,,34563.81640625,2342.92431640625,,14314575127.0,6080698702.0,
2023-06-12,34618.04296875,2328.845947265625,419.8252258300781,34755.00390625,2341.60009765625,419.90266518867475,34286.14453125,2300.73486328125,416.3121902133754,34589.75,2338.1572265625,417.0380291442949,15607208034.0,8060795212.0,76104300.0
2023-06-13,34510.34765625,2315.4990234375,422.5931396484375,35185.421875,2350.40625,423.241539270888,34215.765625,2298.399658203125,420.6285366382443,34618.6328125,2328.660888671875,421.2963108690726,18831795839.0,8274002068.0,95899700.0
2023-06-14,33485.58984375,2199.774169921875,423.0964050292969,34651.32421875,2325.115478515625,424.91584626787477,33181.22265625,2181.388916015625,419.62205906178525,34512.3828125,2315.781982421875,422.9318980541187,19013020527.0,9946388849.0,100612100.0
2023-06-15,33820.3828125,2202.363525390625,428.34173583984375,34029.48828125,2216.405517578125,429.5998447872725,33063.67578125,2164.757080078125,422.1769488354141,33481.58984375,2199.74609375,422.27370372793905,20942216851.0,9690766540.0,110303100.0
2023-06-16,34750.93359375,2265.9169921875,426.88275146484375,34892.75390625,2279.574951171875,430.9139735272386,33326.09375,2183.288330078125,426.4067846339422,33818.9140625,2202.21923828125,430.34086274361755,21547717762.0,8290636941.0,114165800.0
2023-06-17,34992.765625,2279.8232421875,,35334.26171875,2332.0390625,,34549.01953125,2262.593505859375,,34752.5390625,2265.9208984375,,14638610928.0,6435003710.0,
2023-06-18,34765.1171875,2271.248291015625,,35222.7578125,2310.36962890625,,34748.859375,2266.273193359375,,34992.48046875,2279.809326171875,,12627195855.0,5042642274.0,
2023-06-19,35471.953125,2295.56103515625,,35669.609375,2306.806396484375,,34762.85546875,2254.292236328125,,34764.1015625,2271.153076171875,,16945282554.0,6883382921.0,
2023-06-20,37464.09375,2370.141357421875,424.6680603027344,37548.8125,2371.935546875,425.8240053071122,35375.1640625,2275.33837890625,422.579598449541,35459.58203125,2294.531005859375,424.93035197321535,29375961137.0,9483994473.0,76160400.0
2023-06-21,39518.984375,2488.75830078125,422.4921569824219,40489.9765625,2498.7431640625,424.4834747724099,37403.765625,2365.053466796875,421.8995995747334,37442.69921875,2369.97607421875,423.6772421536243,43887738818.0,15439794956.0,76982300.0
2023-06-22,39326.6640625,2462.419921875,424.0172119140625,40117.08984375,2541.607177734375,424.12404951475344,39085.96484375,2459.900146484375,421.190491765927,39477.7109375,2487.162109375,421.5304807898792,27153391652.0,11145855609.0,70637200.0
2023-06-23,40540.796875,2499.982421875,420.8116455078125,41429.703125,2551.084716796875,422.60870496621754,39308.921875,2464.04736328125,420.09283358212,39305.76171875,2461.89111328125,420.5396602134283,31850446265.0,10949763535.0,92074500.0
2023-06-24,40346.9453125,2477.790771484375,,40684.33203125,2516.31396484375,,40005.46875,2466.897216796875,,40558.3203125,2501.184326171875,,16044139378.0,6638302484.0,
2023-06-25,40129.09375,2502.13037109375,,40997.51171875,2547.815673828125,,39965.1328125,2470.910400390625,,40342.26171875,2477.5126953125,,16724872715.0,9133742575.0,
2023-06-26,39812.7421875,2445.535400390625,419.0923156738281,40342.2578125,2509.0244140625,422.1715745996257,39382.0078125,2419.281005859375,418.84947060075757,40129.4375,2501.5302734375,420.2385373041195,21691922005.0,11336675552.0,72823600.0
2023-06-27,40500.3984375,2493.917236328125,423.68695068359375,40866.48046875,2519.977783203125,424.30861864916244,39768.15234375,2441.187255859375,419.5197209730496,39816.9375,2445.42138671875,419.97627089139985,21681781391.0,10143577336.0,72813700.0
2023-06-28,39874.35546875,2422.67431640625,423.900634765625,40520.34765625,2494.58447265625,424.9205721541883,39645.21875,2414.21337890625,421.97729122939955,40511.48046875,2494.185302734375,422.5989591645144,19312119986.0,9456616460.0,75636000.0
2023-06-29,40344.56640625,2454.473388671875,425.5713806152344,40896.03515625,2491.94775390625,425.73652829865455,39849.83984375,2422.791015625,423.0749559403356,39874.27734375,2422.791015625,423.48291903838407,17466578174.0,7523162464.0,67882300.0
2023-06-30,40377.17578125,2561.146728515625,430.5934143066406,41408.27734375,2574.356689453125,431.58421143974317,39198.40234375,2425.088623046875,428.4855062270689,40339.26953125,2454.18359375,428.8060782941297,34958694869.0,17083856732.0,104964000.0
2023-07-01,40526.65625,2549.72265625,,40594.5,2573.749267578125,,40180.58984375,2531.549560546875,,40370.01953125,2561.325439453125,,12038209198.0,6805399496.0,
2023-07-02,40580.17578125,2567.59033203125,,40750.51953125,2593.633056640625,,40088.0234375,2511.33740234375,,40522.93359375,2549.566650390625,,13959412260.0,8407341590.0,
2023-07-03,41277.390625,2590.58349609375,431.0888671875,41581.06640625,2615.072021484375,431.37054612778695,40553.7109375,2564.72412109375,429.9620624938304,40585.140625,2568.180419921875,430.2437710782913,20232849771.0,10411290755.0,32793400.0
2023-07-04,40702.58203125,2561.1494140625,,41495.92578125,2605.14892578125,,40548.53125,2555.87255859375,,41277.953125,2590.762451171875,,16942000324.0,7516185858.0,
2023-07-05,40539.3203125,2538.29443359375,430.44775390625,40849.625,2568.527099609375,431.18601241493894,40048.484375,2513.14013671875,429.2529454741625,40704.09375,2561.365234375,429.26266876322654,16582346945.0,8016533405.0,58418400.0
2023-07-06,39974.1875,2470.724853515625,427.0769958496094,41832.21484375,2600.88037109375,427.5044054826828,39945.84765625,2469.674560546875,424.5514015571309,40530.0,2538.0673828125,426.84387410217636,28239455424.0,11901650565.0,80658300.0
2023-07-07,40350.66015625,2487.620849609375,425.9988098144531,40424.48046875,2496.676513671875,429.9717812453892,39802.34375,2448.809814453125,425.7559647445226,39972.3984375,2469.22265625,426.0765368375681,17799736590.0,8602646917.0,86134200.0
2023-07-08,40284.53515625,2480.887939453125,,40393.4453125,2490.146240234375,,40002.1015625,2453.096923828125,,40356.85546875,2488.152099609375,,9986347263.0,5717035594.0,
2023-07-09,40063.53515625,2473.838623046875,,40388.0625,2498.347900390625,,39952.19140625,2466.998779296875,,40283.296875,2480.96142578125,,10494607549.0,5833160849.0,
2023-07-10,40374.78515625,2496.412353515625,427.0769958496094,41203.16796875,2530.484375,427.25183716018415,39822.40234375,2455.287109375,425.06623184549164,40065.1171875,2474.14453125,425.6393425707107,19684240059.0,8411572871.0,62443500.0
2023-07-11,40509.12890625,2484.89208984375,429.796875,40836.44921875,2503.65380859375,430.2922883881444,40302.7421875,2472.90283203125,426.86331746784447,40378.984375,2496.54296875,427.8444209559984,16075935355.0,6489231247.0,64463800.0
2023-07-12,40070.74609375,2468.3427734375,433.2549743652344,40951.55078125,2502.09765625,434.67321076251943,39870.26171875,2459.49658203125,432.1767566017201,40510.84375,2484.87353515625,433.6144099305762,19520951418.0,8410586770.0,91924500.0
2023-07-13,41275.8984375,2631.224853515625,436.6937255859375,41714.30078125,2637.118896484375,437.49026454706734,39873.86328125,2456.8466796875,434.6441273807825,40065.265625,2468.245849609375,435.0812307295677,31060574612.0,14575385949.0,72425200.0
2023-07-14,40133.48828125,2565.853271484375,436.42169189453125,41360.72265625,2657.357666015625,438.4421496523937,39599.62109375,2514.529296875,435.65429324174744,41274.15625,2630.142333984375,437.58735998371753,27675431114.0,14060647023.0,69815800.0
2023-07-15,40091.95703125,2556.00634765625,,40240.13671875,2574.096923828125,,40049.15625,2551.666748046875,,40130.46484375,2565.5654296875,,10602240525.0,5796384470.0,
2023-07-16,40018.08984375,2544.934814453125,,40279.546875,2569.986572265625,,39819.1640625,2537.2509765625,,40094.16015625,2556.242431640625,,11266988965.0,5727456122.0,
2023-07-17,39798.03125,2523.718994140625,437.93701171875,40109.12109375,2559.907470703125,438.9958124970253,39147.6796875,2472.786865234375,436.22737321370494,40018.7421875,2544.951416015625,436.2759600064253,17479402486.0,8816288535.0,52680200.0
2023-07-18,39311.6875,2498.54052734375,441.191162109375,39904.25390625,2529.460205078125,441.84197022301987,38974.171875,2477.345703125,437.16963397340595,39799.58984375,2523.7861328125,437.60676690789654,17299788951.0,7656139389.0,80668200.0
2023-07-19,39378.77734375,2486.69580078125,442.17230224609375,39773.57421875,2525.859375,443.3670809829132,39256.78125,2479.34033203125,441.11347168531273,39318.91015625,2498.80126953125,441.9877376268143,15966129127.0,7922755396.0,65891700.0
2023-07-20,39249.046875,2491.22900390625,439.23870849609375,39700.6328125,2525.30078125,442.0751518318539,39060.96484375,2477.536865234375,438.5198966067768,39380.5234375,2486.782470703125,441.1717753259547,19307282793.0,9705320582.0,70591600.0
2023-07-21,39570.76171875,2503.316650390625,439.23870849609375,39683.1015625,2516.841796875,441.1717753259547,39172.86328125,2484.9052734375,439.2290148517599,39266.296875,2492.035400390625,440.9677641323602,14517549568.0,6176206786.0,71275600.0
2023-07-22,39389.58203125,2467.372314453125,,39680.40625,2509.9423828125,,39247.11328125,2454.38037109375,,39570.703125,2503.151123046875,,10416770356.0,5426232431.0,
2023-07-23,39788.66796875,2498.572998046875,,40116.8203125,2518.96484375,,39349.52734375,2460.302734375,,39413.80859375,2468.93603515625,,12194213477.0,5925876719.0,
2023-07-24,38441.4609375,2437.433349609375,441.2008972167969,39787.23046875,2498.06689453125,442.0168530247576,38110.71875,2418.53955078125,439.3552511276548,39784.86328125,2498.067626953125,440.3946350527672,20284451293.0,8358902508.0,54023400.0
2023-07-25,38545.2578125,2450.001220703125,442.4054260253906,38663.3984375,2462.747314453125,443.66820850012533,38276.0390625,2430.41015625,440.88035190934755,38444.16796875,2437.46728515625,440.928938708636,13539881560.0,5490692776.0,55191200.0
2023-07-26,38763.41796875,2472.198486328125,442.473388671875,39196.953125,2492.153076171875,443.91101234454237,38423.66796875,2443.15234375,440.4043441762982,38543.109375,2449.94140625,441.46314499939,17823601908.0,7634569029.0,71052900.0
2023-07-27,38640.1640625,2460.897216796875,439.5398254394531,38949.796875,2484.472412109375,446.29092981349305,38510.63671875,2454.124755859375,438.6267256628274,38761.8671875,2472.101318359375,445.8829370784207,14247683685.0,5676622179.0,92194400.0
2023-07-28,38849.46484375,2484.130859375,443.84307861328125,39055.3984375,2488.242431640625,444.678451402353,38572.78515625,2456.268310546875,439.53984155934154,38642.11328125,2461.35400390625,442.8328348489528,14865040235.0,5036479720.0,80011800.0
2023-07-29,38899.38671875,2492.51025390625,,38952.2890625,2498.420654296875,,38776.484375,2478.285888671875,,38849.73046875,2483.88623046875,,8588677234.0,3309050304.0,
2023-07-30,38797.1015625,2467.1435546875,,39013.671875,2496.585205078125,,38466.93359375,2449.280517578125,,38899.6171875,2492.248779296875,,11501121861.0,5304983101.0,
2023-07-31,38567.23046875,2449.08544921875,444.68817138671875,39073.25390625,2485.156494140625,445.04757733488935,38427.7578125,2442.67626953125,442.9979495996151,38801.0859375,2467.291015625,444.319042149947,15380366134.0,5794448313.0,62040400.0
2023-08-01,39379.1015625,2483.830810546875,443.4156799316406,39379.1015625,2485.473388671875,444.16363207372785,38097.70703125,2416.81103515625,442.4539932984731,38568.234375,2449.122314453125,443.21166872947487,24247099255.0,10131307366.0,55291500.0
2023-08-02,38900.8984375,2454.114501953125,437.2474060058594,39824.6015625,2493.369140625,440.5403697086572,38599.8515625,2430.081298828125,436.48973058045846,39416.80859375,2486.0546875,440.278107707463,25637713458.0,8605011049.0,93933400.0
2023-08-03,38956.890625,2450.118408203125,435.9943542480469,39264.6875,2475.798095703125,437.8885577947833,38704.06640625,2439.55908203125,434.56642394283,38914.046875,2453.8583984375,435.2172618230234,17063247331.0,6289167450.0,64276100.0
2023-08-04,38896.1640625,2445.16748046875,434.02239990234375,39092.05078125,2465.308837890625,439.9381019690173,38661.31640625,2432.501220703125,433.4978462757118,38951.15625,2449.789794921875,437.8205001738873,16102966038.0,6503511171.0,100128900.0
2023-08-05,38871.43359375,2456.03955078125,,38952.1953125,2458.016357421875,,38758.5625,2442.414306640625,,38897.8984375,2445.281982421875,,8831583445.0,3836064287.0,
2023-08-06,38845.6015625,2444.364013671875,,38997.84375,2457.727294921875,,38766.64453125,2442.6533203125,,38873.54296875,2455.8486328125,,9723897550.0,3963757242.0,
2023-08-07,39020.328125,2442.986083984375,437.8107604980469,39120.1640625,2463.68310546875,437.96618488694145,38415.578125,2412.996337890625,435.1686051751815,38841.12890625,2444.066162109375,435.86800010312146,18210235750.0,7806427452.0,58357500.0
2023-08-08,39963.89453125,2491.6533203125,435.9068603515625,40501.78515625,2514.984130859375,437.80106358011784,38998.65234375,2443.867919921875,432.5264466177703,39019.578125,2442.975830078125,435.2560225806944,23590674942.0,7804484990.0,71361300.0
2023-08-09,39670.25390625,2488.3876953125,432.9927673339844,40460.171875,2513.832763671875,436.3440412158879,39436.4453125,2477.014404296875,432.2253685990809,39965.5078125,2491.615966796875,436.17889352198176,24664527148.0,7877397406.0,78789600.0
2023-08-10,39567.1171875,2488.27685546875,433.1481628417969,39724.04296875,2493.156494140625,438.77246268587845,39423.8125,2479.93310546875,431.9728010613545,39673.578125,2488.45556640625,435.36290858516065,15952564512.0,5055605334.0,93005500.0
2023-08-11,39509.05859375,2482.44287109375,432.8956298828125,39600.54296875,2488.72509765625,433.91559699637264,39313.7734375,2472.1953125,430.6614670240753,39560.80859375,2488.26123046875,431.2637180741258,13701796298.0,4506298086.0,68690900.0
2023-08-12,39533.5859375,2484.815673828125,,39599.640625,2489.373046875,,39455.12890625,2480.55419921875,,39511.84375,2482.5068359375,,8324907445.0,3079157229.0,
2023-08-13,39357.69921875,2472.08447265625,,39567.8125,2497.8955078125,,39336.02734375,2466.1513671875,,39534.4296875,2485.035888671875,,9851748304.0,4105569620.0,
2023-08-14,39581.82421875,2482.15234375,435.2851867675781,39906.03515625,2494.221923828125,435.2851867675781,39190.6484375,2468.75146484375,431.661957430911,39358.16796875,2472.142822265625,431.972806223491,18861508975.0,5495939417.0,47867400.0
2023-08-15,39352.9296875,2464.665771484375,430.214599609375,39674.21875,2484.43359375,433.8572754322106,39245.984375,2450.542236328125,429.6414591930444,39581.29296875,2482.123291015625,433.4978398499199,17052546840.0,6049140657.0,75707500.0
2023-08-16,38853.97265625,2444.343994140625,427.0575866699219,39457.41015625,2469.43994140625,431.46763124114295,38853.97265625,2434.7412109375,426.9507194376292,39351.2109375,2464.805419921875,429.7968561844862,20237023717.0,6736852085.0,80107200.0
2023-08-17,36119.453125,2282.388916015625,423.8034973144531,38939.1171875,2448.721435546875,428.7963763814389,34419.0546875,2101.943115234375,423.2789436794046,38851.296875,2444.22021484375,428.534114386001,42155900480.0,19246598012.0,95711300.0
2023-08-18,35345.33984375,2253.6533203125,424.0074768066406,36312.5859375,2300.109375,425.046860783059,34752.4375,2229.133056640625,420.61736923881205,36080.88671875,2278.467529296875,420.9670518976972,32599999035.0,13086933018.0,98852000.0
2023-08-19,35408.63671875,2265.222900390625,,35616.5625,2297.45654296875,,35009.99609375,2244.332763671875,,35343.00390625,2253.5166015625,,14425274536.0,6609530271.0,
2023-08-20,35466.72265625,2281.67724609375,,35575.109375,2292.58251953125,,35283.95703125,2256.307861328125,,35409.52734375,2265.380126953125,,12237608302.0,5559191335.0,
2023-08-21,35389.5390625,2258.59619140625,426.7662353515625,35516.57421875,2281.989501953125,427.51418754204343,35042.33203125,2239.740234375,422.8612970536162,35465.51171875,2281.90771484375,425.02745624123554,18114021587.0,6877985913.0,68719000.0
2023-08-22,35273.4140625,2213.957275390625,425.61029052734375,35415.1015625,2260.58837890625,428.55357177513196,34584.05859375,2163.39892578125,425.0469029729387,35398.48828125,2258.60986328125,428.55357177513196,19652967134.0,9816609237.0,64994200.0
2023-08-23,35747.20703125,2271.117919921875,430.3505859375,36235.44140625,2295.033447265625,430.9722835194303,35092.37109375,2206.9384765625,426.53306871425866,35285.36328125,2214.64697265625,426.6787698212197,22971552859.0,9726570564.0,68441000.0
2023-08-24,35546.81640625,2255.36669921875,424.3863830566406,35935.56640625,2275.23583984375,432.47796847581964,35169.328125,2227.863525390625,424.3572131872016,35747.04296875,2271.08251953125,431.9631380667263,17488550560.0,6935527519.0,88517300.0
2023-08-25,35452.1796875,2249.727294921875,427.3781433105469,35660.359375,2271.519287109375,428.6700659196016,35157.609375,2228.6865234375,422.55038258126535,35548.59375,2255.80859375,426.1250545652829,16885247707.0,7345583887.0,102325100.0
2023-08-26,35398.81640625,2240.705810546875,,35533.45703125,2252.2353515625,,35365.359375,2237.175048828125,,35451.58984375,2249.716552734375,,8213688108.0,3298161346.0,
2023-08-27,35470.6875,2253.5,,35612.37890625,2258.345458984375,,35339.796875,2240.156005859375,,35398.515625,2240.658447265625,,9399731649.0,3567592222.0,
2023-08-28,35506.48046875,2247.47607421875,430.08837890625,35611.6484375,2255.331298828125,430.71004692345133,35199.55859375,2213.490478515625,427.378219393752,35470.578125,2253.400390625,429.58324214533684,14964706254.0,6603993709.0,61595400.0
2023-08-29,37596.0703125,2345.3662109375,436.3051452636719,38163.578125,2367.63427734375,436.58685382919015,35259.8046875,2234.719482421875,429.7968859008097,35501.49609375,2247.226806640625,429.98145051502803,39821130953.0,15328540081.0,83081900.0
2023-08-30,36947.66796875,2307.92041015625,438.10223388671875,37640.77734375,2346.697509765625,438.7433484351382,36630.80859375,2298.646728515625,435.9360451690671,37594.296875,2345.299560546875,436.6451634523584,22121627671.0,6800005039.0,69053900.0
2023-08-31,35035.0546875,2223.362060546875,437.4610900878906,37209.24609375,2331.008544921875,439.87009407268613,34792.828125,2208.722900390625,437.2765254736785,36953.98046875,2308.261962890625,438.723872522232,27265804364.0,8907765753.0,66084600.0
2023-09-01,35010.29296875,2209.781005859375,438.27703857421875,35323.84765625,2234.047119140625,440.68607216281333,34475.015625,2178.98046875,436.81024497348466,35038.49609375,2223.283935546875,440.2003820586414,23343423891.0,8283514970.0,58944100.0
2023-09-02,35105.25390625,2221.525146484375,,35242.97265625,2231.03173828125,,34948.234375,2209.244873046875,,35010.54296875,2209.8740234375,,13706730821.0,3994600161.0,
2023-09-03,35258.69921875,2221.345458984375,,35401.56640625,2234.281005859375,,35035.00390625,2206.684326171875,,35106.16796875,2221.550048828125,,12168356807.0,4279283130.0,
2023-09-04,35103.4140625,2216.23828125,,35435.08984375,2232.012451171875,,34870.515625,2199.73876953125,,35256.8046875,2220.81201171875,,14525054948.0,5287416106.0,
2023-09-05,35164.41015625,2228.302978515625,436.3828430175781,35231.85546875,2242.593017578125,438.15076214258977,34846.015625,2192.62744140625,436.3148689313638,35106.87109375,2216.586181640625,437.8302197116103,15133447309.0,6025547304.0,55166200.0
2023-09-06,35126.51171875,2226.3349609375,433.4493103027344,35450.73046875,2263.300537109375,435.67377944725575,34709.875,2201.3046875,431.108280267526,35169.796875,2228.688720703125,435.56691220134365,17394243721.0,6802635012.0,70758500.0
2023-09-07,35905.5625,2254.477783203125,432.1184997558594,36137.16796875,2267.90087890625,432.798448128014,35016.296875,2219.56884765625,430.07859535105166,35119.796875,2226.349365234375,430.4282780034445,15172596314.0,6714851418.0,70355400.0
2023-09-08,35385.828125,2234.882568359375,432.7693786621094,36134.4921875,2266.970703125,434.3138699177034,35091.17578125,2210.90185546875,431.807721566632,35912.421875,2254.764404296875,432.1671275661871,14775967974.0,6281314922.0,61659700.0
2023-09-09,35372.203125,2233.550048828125,,35408.125,2235.883544921875,,35255.84765625,2226.035400390625,,35385.515625,2234.76318359375,,7487201039.0,2843396682.0,
2023-09-10,35206.79296875,2203.579345703125,,35412.5546875,2233.919921875,,34923.3203125,2191.0390625,,35371.5625,2233.617431640625,,10766316647.0,5914313159.0,
2023-09-11,34171.33984375,2107.15185546875,435.615478515625,35207.88671875,2205.99365234375,435.92629766144836,33856.7890625,2082.482421875,433.6921349772212,35206.09765625,2203.498779296875,435.4114673223435,19827071582.0,10448184340.0,60180100.0
2023-09-12,35012.3671875,2158.24658203125,433.2258605957031,35847.61328125,2198.028076171875,435.6931746876986,34164.65234375,2105.146728515625,432.64305617128633,34168.625,2106.9619140625,434.1584069631142,25286527842.0,9234885729.0,67565400.0
2023-09-13,35546.85546875,2179.28271484375,433.7309875488281,35715.7890625,2185.9833984375,434.89662601565715,34935.484375,2146.442626953125,432.3418913173706,35018.078125,2158.8740234375,433.44927898723824,17716389972.0,6748599788.0,60199300.0
2023-09-14,35871.92578125,2199.07373046875,437.4707946777344,36189.25,2217.630859375,438.170189642729,35418.609375,2178.33984375,434.90636623553587,35546.79296875,2179.341064453125,436.21773550042235,18667902579.0,7486644705.0,83430800.0
2023-09-15,36010.875,2221.7138671875,432.20001220703125,36324.5859375,2236.383056640625,436.2064829388726,35492.33203125,2183.472412109375,431.7613670713288,35864.01171875,2198.932861328125,435.8750522534294,15536100429.0,5885157199.0,111848900.0
2023-09-16,35964.15234375,2213.517822265625,,36216.59375,2233.507080078125,,35836.3828125,2209.93896484375,,36007.5,2221.45166015625,,10019759827.0,3816718956.0,
2023-09-17,35881.38671875,2194.594482421875,,36031.453125,2213.912109375,,35797.375,2186.694091796875,,35963.67578125,2213.489990234375,,9160561862.0,4101051214.0,
2023-09-18,36084.16796875,2208.330810546875,432.4534912109375,37003.0390625,2253.661376953125,433.75972858927656,35714.19921875,2176.944091796875,431.41044092604545,35879.7734375,2194.844970703125,431.8880866785475,21060798976.0,7979967204.0,55752200.0
2023-09-19,36580.1796875,2209.43359375,431.5566101074219,36909.109375,2230.92333984375,432.1220145797145,35968.7265625,2195.21826171875,428.85640660660175,36093.02734375,2208.28369140625,431.5273671001471,18561816484.0,5922853569.0,66514600.0
2023-09-20,36569.27734375,2187.37744140625,427.5892333984375,36821.13671875,2218.478759765625,433.24310046777794,36150.296875,2167.1015625,427.38450256840395,36578.98046875,2209.3671875,432.8239407184067,17900660830.0,6949983411.0,82562600.0
2023-09-21,35807.72265625,2135.321044921875,420.5218200683594,36615.33203125,2191.482666015625,424.9864210648089,35664.03125,2124.957275390625,420.3658474474756,36566.359375,2186.974609375,424.7232340007312,18021964972.0,6997390851.0,104095800.0
2023-09-22,35857.16796875,2149.398681640625,419.5762634277344,36007.91015625,2157.743896484375,423.1635445210309,35717.0390625,2128.69189453125,419.1570739871224,35802.90234375,2134.91064453125,421.55511960544146,14271258247.0,4668780954.0,100829700.0
2023-09-23,35862.2421875,2150.512451171875,,35936.17578125,2156.103759765625,,35782.8125,2143.052978515625,,35855.80078125,2149.32421875,,9990791881.0,2835363437.0,
2023-09-24,35390.99609375,2130.79736328125,,36046.640625,2159.07958984375,,35345.3203125,2125.464599609375,,35862.21875,2150.46923828125,,11042986111.0,4160167412.0,
2023-09-25,35374.21484375,2136.4609375,421.3406677246094,35558.9921875,2148.84716796875,421.37963856954656,35014.921875,2106.552490234375,417.91908703660135,35386.88671875,2130.65478515625,418.35776190640524,16138345503.0,5911643641.0,70874500.0
2023-09-26,35446.69140625,2154.35888671875,415.1506652832031,35561.29296875,2154.97900390625,418.99140590500656,35250.76953125,2134.93798828125,414.31231608593083,35369.2109375,2136.057861328125,418.279786333382,13500762977.0,4792783448.0,96168400.0
2023-09-27,35579.3046875,2156.80322265625,415.31634521484375,36290.9765625,2207.9833984375,416.89555691549555,35313.76953125,2144.0908203125,411.65109258223174,35436.2109375,2153.94140625,416.3301524211452,15821208834.0,7470257161.0,104705800.0
2023-09-28,36455.578125,2229.95361328125,417.72406005859375,36735.0390625,2244.349365234375,419.41048597029584,35534.51171875,2156.49169921875,414.1660223737288,35583.484375,2157.04736328125,414.7606697929639,18994404923.0,8982631886.0,92258300.0
2023-09-29,36560.91796875,2265.985107421875,416.7103576660156,36607.8046875,2268.844970703125,420.97025796891,36039.2421875,2223.0205078125,415.1799040850308,36460.0234375,2230.11181640625,420.7947999115168,14124077282.0,7512357003.0,115111300.0
2023-09-30,36650.74609375,2271.1923828125,,36819.10546875,2300.234375,,36536.73046875,2264.527099609375,,36560.875,2265.83642578125,,7245330395.0,4288199853.0,
2023-10-01,37985.00390625,2353.465576171875,,38080.99609375,2376.174560546875,,36646.91015625,2264.68994140625,,36650.04296875,2271.192138671875,,12900570006.0,6861469082.0,
2023-10-02,37652.203125,2275.24365234375,416.54461669921875,38921.41015625,2368.82470703125,417.80212557556916,37391.26171875,2250.599609375,413.7664118672184,37975.56640625,2352.34375,415.8719977478269,27069755033.0,11516284998.0,83798600.0
2023-10-03,37606.08984375,2271.291259765625,410.9687194824219,37889.05859375,2287.482666015625,416.60310055780633,37308.01953125,2256.931640625,409.5942385779504,37621.38671875,2274.23095703125,414.35129964481234,15639942133.0,6502345089.0,103760600.0
2023-10-04,38209.15625,2264.887451171875,413.96142578125,38246.0703125,2272.06982421875,414.7120162470032,37343.53125,2245.010986328125,409.9647122747112,37604.8515625,2271.360107421875,411.4366799432725,15316096144.0,7047577823.0,87453000.0
2023-10-05,37579.5390625,2208.883056640625,413.8053894042969,38551.1640625,2274.07958984375,414.65346636129954,37554.2890625,2210.09375,410.55929661219454,38208.12890625,2264.81884765625,413.6689022049589,16280389150.0,7407040615.0,70142700.0
2023-10-06,38240.7265625,2252.073486328125,418.71844482421875,38659.359375,2270.927001953125,420.26838378364897,37324.6328125,2208.731201171875,410.0036712419603,37574.34375,2208.731201171875,411.33915155455975,18462314044.0,6761302965.0,113273300.0
2023-10-07,38271.16015625,2236.58349609375,,38352.23828125,2255.292236328125,,38136.4921875,2231.995361328125,,38240.98046875,2252.04541015625,,8966858190.0,3528967791.0,
2023-10-08,38168.55078125,2231.96630859375,,38453.60546875,2245.7119140625,,37958.9375,2214.249267578125,,38275.046875,2236.783447265625,,10817064215.0,4530141136.0,
2023-10-09,37460.98046875,2145.51171875,421.3992004394531,38194.29296875,2233.751953125,421.9743328277454,37202.0625,2116.10400390625,416.2522222073949,38167.70703125,2231.83837890625,416.8078394223193,16307434567.0,9534845498.0,80374400.0
2023-10-10,37208.86328125,2129.633056640625,423.59246826171875,37644.7734375,2168.524169921875,426.20494280982507,37101.2578125,2109.296630859375,421.63309747627073,37468.48046875,2145.926513671875,422.032771752089,13548128682.0,7138519398.0,78607300.0
2023-10-11,36536.859375,2129.4736328125,425.3276672363281,37322.12890625,2146.316162109375,425.5810967496336,36179.828125,2108.81298828125,422.26675991351675,37210.30078125,2129.58935546875,424.6648058188527,18555894463.0,7364257544.0,62451700.0
2023-10-12,36617.21484375,2106.990478515625,422.7346496582031,36601.04296875,2130.2490234375,426.3219309417066,36339.58984375,2082.970947265625,420.3658766706237,36536.8203125,2129.611328125,425.9417718227219,12854384229.0,6847979210.0,81154200.0
2023-10-13,36711.46484375,2121.1630859375,420.6290283203125,37026.234375,2148.032958984375,425.45433266519603,36476.921875,2104.319091796875,419.04984646161904,36611.8515625,2106.74462890625,424.24555230832215,20725674808.0,6252617146.0,95143100.0
2023-10-14,36715.921875,2125.802734375,,36862.578125,2132.730224609375,,36651.51953125,2112.79296875,,36716.6953125,2121.4013671875,,7364747423.0,3320372137.0,
2023-10-15,37056.11328125,2125.80078125,,37250.26171875,2137.294921875,,36656.0390625,2119.37548828125,,36710.875,2125.5556640625,,9684651915.0,3988546664.0,
2023-10-16,38831.05078125,2179.228271484375,425.05462646484375,40150.828125,2219.896728515625,426.1269195440939,37029.73046875,2123.73291015625,422.6468532659183,37060.17578125,2126.13330078125,422.89055488626,37897576442.0,12045650545.0,75433200.0
2023-10-17,38796.95703125,2137.34619140625,425.03515625,39038.32421875,2180.526123046875,427.10177119800954,38315.02734375,2121.411865234375,421.5551193524903,38834.6328125,2179.3662109375,421.9060354435053,20305952599.0,6871293603.0,75324700.0
2023-10-18,38849.203125,2144.510986328125,419.37158203125,39395.07421875,2162.15380859375,424.216372519667,38583.28515625,2134.58447265625,418.27980328716836,38793.9296875,2137.268798828125,423.25132340636975,17449742701.0,5971222485.0,93559800.0
2023-10-19,39393.72265625,2150.013427734375,415.68682861328125,39572.0,2155.438232421875,421.9158579255345,38666.2578125,2119.6171875,415.00448174844104,38854.79296875,2144.79638671875,420.0929740919928,19817780160.0,6906445066.0,121323000.0
2023-10-20,40750.23828125,2202.966796875,410.5788269042969,41238.8359375,2231.267822265625,415.7940485790275,39273.953125,2145.252685546875,410.47158270042024,39411.5625,2150.169677734375,415.24815921948914,29565869523.0,9263286329.0,123919900.0
2023-10-21,41073.4921875,2236.790771484375,,41580.16796875,2253.1787109375,,40474.0234375,2187.565185546875,,40750.83203125,2203.18017578125,,15844263653.0,5782690810.0,
2023-10-22,41109.96484375,2279.915283203125,,41459.29296875,2285.83740234375,,40810.44921875,2229.974609375,,41073.82421875,2236.781494140625,,14318115278.0,7193524115.0,
2023-10-23,45292.30859375,2416.662353515625,409.8671875,47054.84765625,2456.43603515625,413.7566861845482,41275.41015625,2282.43359375,407.2741982932137,41311.15234375,2295.566650390625,409.03859591438896,52516546318.0,19660790987.0,92035100.0
2023-10-24,46588.49609375,2452.2275390625,412.95733642578125,48049.58984375,2537.677490234375,414.11735869256864,45002.25390625,2415.6171875,410.14013099251554,45280.08203125,2417.52734375,412.0020152211512,61751024562.0,21834715112.0,78564200.0
2023-10-25,47624.03515625,2467.13427734375,407.03045654296875,48429.07421875,2501.1220703125,411.29038608727296,46398.90625,2424.362060546875,406.51381026968136,46608.4453125,2452.8701171875,411.26114308119,34858383621.0,13028686822.0,94223200.0
2023-10-26,47194.07421875,2492.632080078125,402.1564636230469,48111.28125,2574.185791015625,406.8160381281592,46729.41796875,2441.517578125,401.23041517306166,47626.0625,2467.25048828125,405.9582332820246,26842458715.0,15470386596.0,115156800.0
2023-10-27,47071.88671875,2470.969970703125,400.3335876464844,47313.78515625,2492.808837890625,404.1548428016782,46351.66015625,2429.375244140625,398.90062068187893,47193.8671875,2492.29443359375,403.75516850556505,22790692330.0,10401962892.0,107367700.0
2023-10-28,47321.4453125,2466.21240234375,,47751.51171875,2499.51025390625,,47009.76171875,2461.7958984375,,47069.0078125,2471.02392578125,,14104063235.0,5866478387.0,
2023-10-29,47884.66796875,2489.371826171875,,48209.23046875,2511.2998046875,,47124.31640625,2451.54638671875,,47321.16015625,2466.13720703125,,15472840580.0,6042729127.0,
2023-10-30,47718.66796875,2503.4521484375,405.1199035644531,48237.8046875,2527.66259765625,406.1824392731636,47233.26171875,2465.91455078125,401.83480982081625,47875.32421875,2489.431640625,403.141047198921,23767606983.0,10420006958.0,86562700.0
2023-10-31,48117.14453125,2521.154052734375,407.6641845703125,48160.8125,2516.95849609375,407.98585770033435,47166.8359375,2477.684814453125,403.7746855057875,47715.50390625,2503.511474609375,405.69505594528636,21871691971.0,8991032876.0,79665200.0
2023-11-01,49026.375,2555.393310546875,412.0117492675781,49232.05078125,2575.1162109375,412.83058321816253,47338.3671875,2474.802490234375,408.1027653944884,48102.56640625,2520.339599609375,408.6389268582989,31053743930.0,14704661420.0,98068100.0
2023-11-02,48031.69921875,2475.421630859375,419.9077453613281,49667.66015625,2591.28125,420.0637180038268,47443.5546875,2468.76513671875,415.813545304772,49032.359375,2555.628662109375,415.8330307293069,28867428440.0,12378610863.0,94938900.0
2023-11-03,47487.7734375,2505.88916015625,423.7387390136719,48037.515625,2508.8193359375,425.2984357283652,46913.171875,2447.72509765625,422.1010708501771,48037.515625,2475.828125,422.2278004846274,23459899925.0,10422360879.0,100167800.0
2023-11-04,47966.1328125,2539.9384765625,,48203.8125,2553.01318359375,,47329.67578125,2496.23828125,,47493.23828125,2506.673583984375,,13072679582.0,6624436214.0,
2023-11-05,47881.44921875,2587.63720703125,,48279.8515625,2613.64697265625,,47237.40234375,2527.52587890625,,47976.8203125,2539.524169921875,,16957235764.0,12113550235.0,
2023-11-06,47995.06640625,2602.44482421875,424.7135314941406,48127.70703125,2618.603515625,425.16193424437273,47468.109375,2555.66064453125,422.7541605168111,47875.21484375,2587.458740234375,424.49907283120535,17387786543.0,11101229743.0,67831700.0
2023-11-07,48802.41796875,2599.767578125,425.9222717285156,49407.16796875,2625.094482421875,426.56564770138766,47491.515625,2552.121337890625,423.56325624339013,48009.34375,2603.489013671875,424.713520975765,25933644635.0,12671970858.0,64256100.0
2023-11-08,49171.76171875,2605.541748046875,426.23419189453125,49650.16015625,2627.304443359375,427.05302588029497,48489.44921875,2582.98876953125,423.91414739383225,48769.25390625,2598.383544921875,426.52662197918363,23851871586.0,9311087800.0,61746000.0
2023-11-09,50671.3671875,2928.388671875,422.9100646972656,52211.10546875,2943.5625,427.42342372609494,49090.37109375,2599.59521484375,422.4811474408282,49141.91796875,2605.014892578125,427.38442313494573,52148362426.0,34122853350.0,83174400.0
2023-11-10,51483.94921875,2867.520263671875,429.5095520019531,51747.0703125,2945.171875,429.8214972756238,50174.4921875,2859.44384765625,422.9003639783407,50683.9765625,2929.087890625,424.9962221149656,31335868098.0,20338376595.0,89462200.0
2023-11-11,51256.08203125,2833.052978515625,,51627.3984375,2883.865478515625,,50753.17578125,2808.71875,,51478.5703125,2867.200927734375,,19217584196.0,14116658913.0,
2023-11-12,51127.16015625,2821.912353515625,,51379.80078125,2850.98974609375,,50760.69921875,2786.5615234375,,51250.4765625,2833.61181640625,,15930571112.0,10970662822.0,
2023-11-13,50378.94921875,2836.586669921875,429.10009765625,51658.07421875,2917.752197265625,430.21136165399025,50260.7578125,2806.138916015625,427.37470077216653,51148.94140625,2822.143310546875,428.16429169782634,26302616653.0,19766632835.0,52236100.0
2023-11-14,48686.95703125,2711.323974609375,437.4249572753906,50797.80078125,2854.383056640625,438.721436907478,47903.91015625,2658.171630859375,434.85145368408666,50364.359375,2835.896728515625,435.07566990186604,32684905301.0,17930515584.0,97176900.0
2023-11-15,51835.22265625,2819.431884765625,438.3510437011719,51942.6171875,2821.361328125,440.00822689231774,48461.4140625,2695.583251953125,437.4932090962841,48701.3046875,2711.8994140625,438.7702034175982,37446979898.0,17277676460.0,77327600.0
2023-11-16,49722.390625,2696.731689453125,438.88714599609375,51897.98046875,2863.7314453125,439.2088190551629,48902.64453125,2669.79736328125,436.8302887892966,51834.39453125,2818.826171875,437.9025819007501,35767046835.0,20149859468.0,66665800.0
2023-11-17,50223.45703125,2691.5634765625,439.4331359863281,50371.3984375,2736.71337890625,440.0472689885981,49288.23046875,2625.064697265625,437.97092588520565,49736.21484375,2698.087646484375,438.8969744333388,30802434766.0,16305780646.0,83133200.0
2023-11-18,50208.390625,2694.314208984375,,50556.390625,2705.5361328125,,49724.78515625,2636.369873046875,,50262.828125,2692.099609375,,16311783276.0,11067559544.0,
2023-11-19,51298.828125,2762.358154296875,,51453.53515625,2764.915771484375,,49973.57421875,2669.084716796875,,50208.4765625,2694.170166015625,,17722283468.0,10587344904.0,
2023-11-20,51442.85546875,2775.83251953125,442.81573486328125,51849.7421875,2837.07763671875,443.6638119972196,50596.37890625,2735.408935546875,439.1699372978417,51281.71484375,2760.504150390625,439.1796948851832,28672262841.0,17661191539.0,69936200.0
2023-11-21,49067.25,2653.907470703125,441.8505859375,51614.91015625,2791.1982421875,442.68893510004267,49067.25,2653.907470703125,440.5735916452,51432.15625,2775.802734375,441.76285691154857,34487500536.0,18706183630.0,49244600.0
2023-11-22,51255.46484375,2826.782470703125,443.5565185546875,51821.8515625,2860.304443359375,444.8822710900932,48871.55078125,2648.55908203125,442.4550120107973,48988.80078125,2649.134521484375,443.5175477071304,33406736742.0,18310326933.0,59394900.0
2023-11-23,51073.28125,2824.482177734375,,51513.8203125,2857.3671875,,50569.04296875,2796.6875,,51239.1640625,2826.07080078125,,19469333246.0,10722126092.0,
2023-11-24,51471.2109375,2839.8359375,443.8294677734375,52269.984375,2901.569091796875,444.0244410081727,51033.68359375,2822.71142578125,443.27385057704623,51082.453125,2824.757568359375,443.6052812771049,31279522097.0,16567204623.0,29737400.0
2023-11-25,51575.61328125,2844.285888671875,,51706.1171875,2853.74169921875,,51330.84765625,2821.776611328125,,51472.75390625,2840.03271484375,,12416819834.0,7317567747.0,
2023-11-26,51090.00390625,2812.587158203125,,51607.69140625,2857.498779296875,,50710.4296875,2781.772216796875,,51575.6640625,2843.96435546875,,18736342464.0,10979992407.0,
2023-11-27,50689.25,2758.57080078125,443.0301208496094,51217.55078125,2823.422607421875,444.01465530107345,50115.7421875,2708.655029296875,442.64017440483553,51056.01953125,2811.36669921875,443.19582131477495,25856007831.0,14388435548.0,50506000.0
2023-11-28,51322.9765625,2780.203857421875,443.46881103515625,52049.68359375,2815.418212890625,444.7750484614042,50198.5546875,2715.935546875,442.07484457454166,50680.84765625,2758.706787109375,442.6402193789289,29433738838.0,13445111651.0,62115000.0
2023-11-29,51459.61328125,2759.20556640625,443.1568298339844,52055.02734375,2811.945068359375,446.77338386709766,51141.66796875,2750.4921875,442.75718529272547,51316.21875,2779.99853515625,445.63284701527954,28175525787.0,12158805008.0,63146000.0
2023-11-30,51127.55078125,2782.6708984375,444.9017639160156,51790.78125,2785.333251953125,445.25270979103846,50921.31640625,2749.876708984375,441.91885784764736,51463.1796875,2758.4296875,444.00495842746443,24560018808.0,10991810846.0,79752700.0
2023-12-01,52227.875,2817.53466796875,447.53375244140625,52591.8671875,2852.480712890625,448.06988421555565,50971.6015625,2771.723876953125,443.69301174485037,51134.68359375,2782.0478515625,444.2876295398619,31741082763.0,14669760086.0,89183400.0
2023-12-02,53291.07421875,2923.592041015625,,53564.58203125,2946.695068359375,,52179.0703125,2817.896484375,,52228.58984375,2818.241455078125,,20970171374.0,12325212015.0,
2023-12-03,53930.25,2959.257080078125,,54147.14453125,2987.61474609375,,53050.55859375,2904.715576171875,,53285.5078125,2923.850830078125,,21273083792.0,11167526163.0,
2023-12-04,56841.13671875,3037.31884765625,445.1844482421875,57355.33203125,3079.66845703125,447.55322124535616,53930.5703125,2958.60595703125,442.89364668102655,53930.5703125,2959.218994140625,444.1219125709975,53965279497.0,21866275398.0,72430900.0
2023-12-05,59915.65234375,3117.853759765625,445.0967712402344,60350.93359375,3131.000732421875,446.0618204101632,56183.6875,2972.113525390625,443.4103448409097,56849.484375,3037.15185546875,443.7905337555734,49356497184.0,20909102948.0,69793500.0
2023-12-06,59461.1328125,3033.3232421875,443.3030700683594,60044.79296875,3137.052001953125,447.2802680067955,59052.80078125,3024.586181640625,442.86439518784823,59914.8046875,3117.563720703125,447.2510249980106,40654005962.0,17385282000.0,69124700.0
2023-12-07,58864.86328125,3205.591552734375,446.6856689453125,59921.484375,3238.368408203125,447.3387727517631,58314.42578125,3025.89990234375,444.7945416347511,59491.96484375,3035.4384765625,445.39891700743266,37576233241.0,20078482683.0,66995400.0
2023-12-08,60037.8671875,3206.34228515625,448.6060791015625,60737.671875,3240.771484375,449.14221091558437,58535.47265625,3184.15283203125,445.69138668438245,58865.50390625,3205.03369140625,445.9350883723453,33196844968.0,17050950583.0,83194400.0
2023-12-09,59438.91796875,3182.4765625,,60302.4765625,3264.8330078125,,59305.17578125,3169.55029296875,,60056.11328125,3206.27978515625,,23609476496.0,14427206786.0,
2023-12-10,59460.26953125,3195.04443359375,,59802.1015625,3227.958984375,,59217.55078125,3158.321533203125,,59442.1796875,3182.836669921875,,17656863848.0,10009181726.0,
2023-12-11,56003.6796875,3020.684326171875,450.35089111328125,59510.828125,3198.99755859375,450.52637891012574,54585.8515625,2930.936279296875,447.89438919355985,59477.00390625,3195.09033203125,448.1088478352707,55173805115.0,24427026200.0,65002200.0
2023-12-12,56314.39453125,2991.6953125,452.4077453613281,57028.1796875,3041.812255859375,452.5052319702893,55347.0078125,2949.30126953125,448.9959222888426,55996.7578125,3020.429443359375,449.99997188879604,33665530390.0,15476026418.0,68327600.0
2023-12-13,57946.67578125,3054.204345703125,458.646484375,58694.26171875,3085.551513671875,458.89994359903204,55313.50390625,2924.115966796875,452.42721379094627,56339.18359375,2992.45947265625,452.7878874566932,36204746131.0,16991087603.0,93278000.0
2023-12-14,57671.69921875,3105.27001953125,460.11846923828125,58148.65625,3126.847900390625,461.7951377673043,56127.953125,3009.33203125,457.4279935234279,57937.92578125,3054.322021484375,460.5961149490031,34286868670.0,16901409774.0,119026000.0
2023-12-15,56158.62109375,2972.469482421875,459.36090087890625,57777.32421875,3106.802734375,460.7018256606562,55809.2890625,2966.780517578125,457.5012649448637,57677.43359375,3104.641845703125,459.5175058870526,26304087261.0,13740603131.0,141553700.0
2023-12-16,56595.421875,2983.74755859375,,57164.625,3029.14599609375,,55902.71484375,2965.826171875,,56169.3125,2973.91357421875,,19276059641.0,9200154292.0,
2023-12-17,55354.23828125,2939.333251953125,,56755.37109375,3001.279052734375,,55221.83203125,2937.74267578125,,56590.05078125,2983.701904296875,,22319456867.0,9916676757.0,
2023-12-18,57109.359375,2970.82470703125,461.9448547363281,57230.4609375,2977.2392578125,462.9334108167086,54228.67578125,2836.7158203125,459.9090492984959,55332.20703125,2937.80859375,460.9758929509902,33797362717.0,13889655748.0,70375300.0
2023-12-19,56383.68359375,2905.01416015625,464.7538757324219,58064.97265625,3015.994873046875,464.83219317180465,55802.7734375,2854.720458984375,462.414657477173,57133.44140625,2972.121337890625,462.49294504720444,30907265676.0,14164679466.0,55761800.0
2023-12-20,58317.65625,2941.66552734375,458.31365966796875,58991.2421875,3018.20166015625,465.7913622558364,56354.0625,2885.676513671875,457.8830033552832,56371.375,2904.169677734375,463.892567568819,37231746564.0,16902954426.0,102921000.0
2023-12-21,58277.75390625,2975.10888671875,462.6593322753906,58977.9453125,3039.18505859375,462.9333835656848,57873.4375,2917.38671875,458.88130748488805,58312.1484375,2941.50341796875,461.3184075260525,29827264953.0,16760366908.0,86667500.0
2023-12-22,58506.2109375,3093.696533203125,463.58917236328125,58949.30859375,3106.494873046875,465.28243610584667,57571.7734375,2966.879638671875,461.68061032551907,58277.53515625,2975.18310546875,463.79470338010276,27962652152.0,21458503280.0,67160400.0
2023-12-23,58162.65625,3070.454345703125,,58529.875,3101.072509765625,,57646.46484375,3019.102783203125,,58525.22265625,3093.950439453125,,17961992473.0,10632379074.0,
2023-12-24,57093.140625,3007.139892578125,,58436.55859375,3092.6064453125,,56772.03515625,2985.403076171875,,58147.79296875,3071.22607421875,,24992852909.0,12543573286.0,
2023-12-25,57799.3203125,3011.7646484375,,58021.7890625,3053.9443359375,,56786.52734375,2993.73681640625,,57085.78125,3006.67333984375,,27984193478.0,10650294930.0,
2023-12-26,56114.5546875,2944.884765625,465.546630859375,57786.109375,3014.6298828125,466.4568694013481,55070.73046875,2880.91943359375,463.92188761954344,57781.69921875,3011.310302734375,464.0002050526685,39626705482.0,14079422975.0,55387000.0
2023-12-27,57369.2421875,3141.2880859375,466.3883972167969,57709.4296875,3159.4755859375,466.53520507295934,55645.23046875,2923.145751953125,464.80281263154177,56112.00390625,2944.78955078125,465.3411180605876,33358790376.0,18701016307.0,68000300.0
2023-12-28,56400.14453125,3106.0224609375,466.5646057128906,57824.28125,3227.386474609375,467.4063240716052,55851.765625,3094.339111328125,466.1437465335333,57402.7109375,3143.216796875,466.75057230271875,30420424409.0,20720521342.0,77158100.0
2023-12-29,55830.12109375,3051.06103515625,465.21392822265625,57112.69140625,3159.9599609375,466.89739486240944,54942.8046875,3001.498046875,463.24661311538875,56382.66796875,3105.066650390625,466.3688566499854,34479927922.0,16625901434.0,122283100.0
2023-12-30,55914.8046875,3040.080810546875,,56481.453125,3079.81298828125,,55118.1015625,3010.830322265625,,55819.9765625,3050.675048828125,,21240070677.0,9136158004.0,
2023-12-31,56001.16015625,3022.93798828125,,56848.60546875,3075.159423828125,,55704.38671875,2996.3359375,,55908.4375,3039.921630859375,,21726603935.0,9104678953.0,
2024-01-01,58496.80078125,3115.5078125,,58518.890625,3115.5078125,,55934.6328125,3003.78759765625,,56021.1015625,3024.791748046875,,24405353621.0,9147569521.0,
2024-01-02,59893.0078125,3138.4453125,462.6103820800781,60787.09375,3219.999755859375,463.60873526144735,58509.54296875,3110.889404296875,460.4962592993178,58523.0390625,3115.859619140625,462.13079978352283,52402452737.0,17199426224.0,123623700.0
2024-01-03,57198.16015625,2951.152587890625,458.8323974609375,60643.71875,3178.7275390625,461.1814128694219,54474.234375,2821.477294921875,458.2255717162588,59897.84765625,3138.638427734375,460.43754654015044,61862506158.0,25807591036.0,103585900.0
2024-01-04,59008.25,3030.60693359375,457.35443115234375,59801.55859375,3064.212890625,460.9562565274368,56966.0234375,2943.22021484375,457.1293058653944,57208.35546875,2950.842041015625,458.35275441965285,40667536303.0,14751507435.0,84232200.0
2024-01-05,59060.9765625,3033.975341796875,457.9808654785156,59302.5625,3044.831298828125,460.4473270881045,57117.171875,2948.092529296875,456.52249444505304,59025.6875,3031.1025390625,457.55997646197653,43244588847.0,14524895882.0,86118900.0
2024-01-06,58828.94921875,2997.8369140625,,59147.82421875,3037.6025390625,,58141.5,2968.62548828125,,59082.7265625,3035.169189453125,,21521309512.0,7984971386.0,
2024-01-07,58709.3828125,2969.820068359375,,59506.15234375,3018.570068359375,,58347.9765625,2954.647705078125,,58841.34765625,2998.355712890625,,25826265260.0,8670919312.0,
2024-01-08,62712.4296875,3114.93701171875,464.51898193359375,63023.9921875,3149.321044921875,464.66578979536183,57782.22265625,2902.760986328125,458.3527829151725,58716.87890625,2969.80908203125,458.48002635182195,57072364538.0,18465438663.0,74879100.0
2024-01-09,61781.46875,3139.742431640625,463.81427001953125,64156.0078125,3173.698974609375,464.8419549117133,60594.4375,2997.277587890625,461.33801120953973,62735.3125,3114.71728515625,461.8469550820588,53321027208.0,19939343157.0,65931400.0
2024-01-10,62388.94921875,3454.90869140625,466.4373474121094,63756.74609375,3515.157470703125,467.3084571861186,59523.34765625,3135.880615234375,463.80448353404677,61757.109375,3139.871337890625,464.08833198358764,67054405000.0,38858940321.0,67310600.0
2024-01-11,62036.296875,3504.775146484375,466.2317810058594,65598.8828125,3608.574462890625,467.9641734056313,61033.5234375,3432.49609375,462.22866092086076,62426.8046875,3457.67578125,467.44543241342734,61320724285.0,30203309929.0,77940700.0
2024-01-12,57502.5234375,3387.44677734375,466.5548095703125,62226.828125,3619.49755859375,468.4340398986522,56228.57421875,3302.19287109375,465.13562701304636,62017.84765625,3504.183837890625,467.6901735377371,58145982020.0,31699648714.0,58026400.0
2024-01-13,57488.05078125,3457.407958984375,,58014.4296875,3474.15673828125,,56980.51171875,3352.739013671875,,57430.4375,3385.398681640625,,27644606470.0,16438087687.0,
2024-01-14,56036.80078125,3314.56591796875,,57787.57421875,3459.7353515625,,55949.49609375,3312.648681640625,,57487.890625,3459.29443359375,,23491208339.0,12610193323.0,
2024-01-15,57120.56640625,3374.356201171875,,58202.2109375,3427.0859375,,55914.99609375,3312.66162109375,,55927.93359375,3313.7958984375,,29990229549.0,13034105989.0,
2024-01-16,58216.8828125,3490.84716796875,464.8419189453125,58797.828125,3527.31689453125,466.4862265933185,56746.65234375,3370.88037109375,463.01164473206603,57103.59765625,3373.36669921875,465.1649260825611,32461296583.0,14924636027.0,85014900.0
2024-01-17,57711.34375,3413.81689453125,462.258056640625,58255.30078125,3497.13037109375,462.7474360984551,57062.43359375,3388.102783203125,459.8894469222123,58186.06640625,3489.97509765625,461.79803875549055,28153438506.0,14097514061.0,68843900.0
2024-01-18,55644.15625,3326.91064453125,466.3688049316406,57866.98828125,3438.0166015625,466.92670465681095,54857.56640625,3275.610595703125,462.385279026975,57710.8828125,3414.119140625,463.9415020477,34008341751.0,16047842368.0,91856200.0
2024-01-19,56032.94140625,3351.736572265625,472.1826477050781,56612.08984375,3360.791015625,472.4664961487431,54303.60546875,3254.086181640625,466.417773331442,55666.2734375,3329.16259765625,467.50418137026986,34671753372.0,15355496541.0,110834500.0
2024-01-20,56096.4609375,3324.931396484375,,56382.30078125,3352.206298828125,,55801.9296875,3306.764404296875,,56041.265625,3352.206298828125,,15599741299.0,7132728252.0,
2024-01-21,55806.58203125,3296.23095703125,,56351.9765625,3338.62548828125,,55759.07421875,3294.16845703125,,56104.41015625,3325.21337890625,,12551433342.0,6150055345.0,
2024-01-22,53249.80859375,3114.6357421875,473.1809997558594,55911.83203125,3306.88720703125,474.9133922471176,53150.515625,3104.571044921875,472.5252181536667,55817.15234375,3297.674072265625,473.7291023475349,42239721077.0,18767086105.0,75844900.0
2024-01-23,53619.16015625,3015.235107421875,474.56103515625,54041.875,3162.232177734375,474.80572488601405,51927.12890625,2921.47509765625,472.63290876028725,53265.1015625,3114.804443359375,473.7291139705338,39353663919.0,21775911365.0,49945300.0
2024-01-24,54208.44921875,3021.126708984375,475.07977294921875,54463.44140625,3042.274658203125,478.387952774823,53433.4375,2972.207763671875,474.5805963770956,53662.28515625,3016.666748046875,477.4483526414292,30243606906.0,13708276949.0,81765000.0
2024-01-25,53832.37109375,2989.562255859375,477.6637268066406,54362.9140625,3025.8359375,477.93777811650847,53346.23046875,2934.487548828125,475.0798187235087,54206.38671875,3021.6787109375,477.22327333358226,24927661825.0,12539801095.0,72525000.0
2024-01-26,56279.23828125,3051.310791015625,477.0569152832031,56757.1875,3068.57568359375,478.73058476596105,53669.1015625,2958.98681640625,476.20539975459565,53836.42578125,2989.2001953125,477.23308472994535,34451229658.0,13425012032.0,76641600.0
2024-01-27,56699.9140625,3052.914794921875,,56801.6484375,3072.647216796875,,55772.71875,3032.048583984375,,56277.55859375,3051.4716796875,,15376993285.0,6925089946.0,
2024-01-28,56563.3046875,3037.3115234375,,57611.421875,3105.431640625,,56122.7890625,3017.815673828125,,56708.0859375,3053.32763671875,,22685516597.0,9817823377.0,
2024-01-29,58057.9765625,3107.634765625,480.83489990234375,58082.1328125,3113.128662109375,480.9817376407195,56288.26953125,3010.726806640625,476.82201209206994,56557.01171875,3037.024169921875,477.37011471599084,27720457444.0,12001275132.0,61322800.0
2024-01-30,57564.44140625,3142.05517578125,480.4629821777344,58825.3359375,3200.728271484375,481.177457075331,57239.64453125,3087.64990234375,479.69952154301166,58074.05078125,3108.13330078125,480.13997500622065,31953782374.0,13634291770.0,58618400.0
2024-01-31,57198.19140625,3065.97998046875,472.62310791015625,58550.6328125,3148.91357421875,478.69139523915123,56831.171875,3042.415771484375,472.6035136155435,57555.921875,3140.802490234375,478.24117450333114,33142333730.0,14517462247.0,126011100.0
2024-02-01,57657.140625,3083.68115234375,478.8088684082031,57877.65234375,3088.287109375,478.8382299805873,56241.65625,3013.0048828125,473.5235464242378,57180.9375,3065.484130859375,474.33593304245267,28676069253.0,11906782474.0,91891600.0
2024-02-02,58195.10546875,3110.19677734375,483.8494873046875,58432.64453125,3107.525390625,485.5133595788127,57157.9765625,3067.86279296875,478.9067367427997,57659.63671875,3083.52197265625,479.24930834520416,25069608688.0,9683687123.0,99228200.0
2024-02-03,57934.20703125,3094.0263671875,,58429.69140625,3136.21630859375,,57797.5078125,3090.657470703125,,58193.8984375,3110.11865234375,,15051116418.0,6263080931.0,
2024-02-04,57363.44921875,3084.199462890625,,58076.23046875,3111.50830078125,,57048.390625,3059.306396484375,,57937.83203125,3094.13232421875,,19939767111.0,7325550357.0,
2024-02-05,57776.04296875,3113.569091796875,482.0876770019531,58741.94140625,3153.1396484375,483.87882248887064,56991.1484375,3061.02783203125,479.8169790887864,57355.421875,3083.740478515625,483.2132736155175,25347881713.0,9855915507.0,75757100.0
2024-02-06,58122.30078125,3200.159423828125,483.4873352050781,58531.6328125,3223.218505859375,483.82010964884154,57561.96875,3110.333984375,481.59830781553234,57774.31640625,3113.658935546875,483.0370846023235,22661565065.0,12843912552.0,55918600.0
2024-02-07,59666.421875,3263.131591796875,487.519775390625,59694.68359375,3289.232177734375,487.94063451559543,57678.03125,3173.68798828125,484.8379559062056,58129.515625,3200.24169921875,485.74822431170406,28443105400.0,13006278090.0,70556500.0
2024-02-08,60977.26953125,3257.266845703125,487.735107421875,61328.90234375,3313.02783203125,488.1168078335821,59685.140625,3248.123046875,486.6976254514365,59685.140625,3263.582763671875,487.51977928446235,35204774048.0,13382017227.0,52343600.0
2024-02-09,63594.5,3355.285400390625,490.553955078125,64829.7734375,3395.461181640625,490.9943786457581,60929.21875,3256.34130859375,487.9014970480841,60971.63671875,3257.087890625,488.2440686246988,53032426352.0,18390494956.0,63979400.0
2024-02-10,64436.2890625,3373.78173828125,,64941.9609375,3394.67724609375,,63268.2421875,3339.560546875,,63603.03515625,3355.467041015625,,22119361636.0,8733054005.0,
2024-02-11,64995.20703125,3374.753662109375,,65467.6953125,3422.948486328125,,64228.73828125,3365.669921875,,64433.171875,3373.649169921875,,25995796204.0,9888114444.0,
2024-02-12,67224.234375,3576.784912109375,490.3386535644531,67641.0625,3584.115234375,492.8051152852079,64288.7109375,3330.64892578125,489.6143516538678,64998.53125,3374.764892578125,490.5246201484485,46439638707.0,17523458107.0,56502300.0
2024-02-13,67481.6875,3584.44677734375,483.5851745605469,67752.1796875,3612.892578125,486.53124834920015,65649.859375,3525.04541015625,480.29655905918094,67201.546875,3578.76318359375,484.02562800453546,48286316669.0,24787162141.0,113099200.0
2024-02-14,70167.0234375,3760.940673828125,487.9798583984375,70491.296875,3774.248291015625,488.4692378749702,66844.6328125,3555.355224609375,483.89842042163974,67469.484375,3583.7685546875,486.23766865675526,52944222415.0,29039293780.0,68387800.0
2024-02-15,69940.71875,3803.32275390625,491.3467712402344,71287.015625,3864.43505859375,491.53273782316427,69172.4609375,3743.832763671875,488.20493362506164,70180.6796875,3760.533447265625,488.6845458033632,51930960715.0,31960972048.0,61683000.0
2024-02-16,70358.4296875,3781.8740234375,488.8998718261719,70903.71875,3853.0966796875,492.18848742065717,69627.0234375,3723.595458984375,488.1560054976972,69939.6015625,3804.806396484375,491.0433562248227,38012513603.0,23008188421.0,75532900.0
2024-02-17,69687.75,3758.917724609375,,70401.203125,3783.812744140625,,68347.859375,3674.901123046875,,70360.4140625,3781.933837890625,,26990082776.0,24188825913.0,
2024-02-18,70252.125,3880.388671875,,70593.6796875,3901.3466796875,,69108.6875,3733.613037109375,,69686.3671875,3758.9677734375,,23715507019.0,31479595570.0,
2024-02-19,69900.2890625,3973.73779296875,,70712.8828125,4024.716064453125,,69756.609375,3855.275146484375,,70268.65625,3883.487060546875,,28838308002.0,20469744401.0,
2024-02-20,70709.4375,4075.426025390625,486.2082824707031,71514.6796875,4100.08544921875,487.82322868764055,68691.0625,3885.9228515625,483.9473517931204,69898.3828125,3974.45556640625,487.14788265466376,45107222420.0,27509733672.0,71736700.0
2024-02-21,69958.6328125,4008.58984375,486.6487121582031,70823.0078125,4080.43310546875,486.8053171690523,68408.390625,3889.0751953125,483.0762480894276,70694.1015625,4078.333251953125,484.89675520486617,38630228020.0,25502290910.0,59293400.0
2024-02-22,69174.2421875,4005.79443359375,496.72015380859375,70136.3125,4086.931884765625,497.6891155849243,68749.4296875,3920.955078125,492.3353030771788,69979.5,4007.56982421875,493.30429472286124,34265435124.0,24348735694.0,76402500.0
2024-02-23,68419.640625,3940.29443359375,497.0627136230469,69447.5390625,4035.81494140625,499.29428272154865,68190.140625,3928.52685546875,496.3286444476272,69145.8359375,4004.624267578125,498.45253453500476,28897629108.0,17293357361.0,61321800.0
2024-02-24,69551.3671875,4035.681396484375,,69703.890625,4050.25927734375,,68222.0625,3921.470458984375,,68425.609375,3940.705322265625,,20464520131.0,14432832657.0,
2024-02-25,69896.7734375,4205.5654296875,,70131.234375,4208.451171875,,69194.0625,4024.901611328125,,69543.4296875,4035.6552734375,,20824827543.0,19753690622.0,
2024-02-26,73615.0,4292.21044921875,495.2422180175781,74229.7109375,4320.13330078125,497.9436022039435,68871.84375,4108.09521484375,495.11497457845917,69893.1328125,4205.337890625,497.5031487407398,46006555380.0,23634160173.0,50386700.0
2024-02-27,77246.2734375,4390.38916015625,496.1622314453125,77857.09375,4434.6171875,496.3873567404861,73603.46875,4279.466796875,494.0285442573819,73610.8984375,4291.41552734375,495.9371360194894,67329502156.0,28538803137.0,48854500.0
2024-02-28,84869.1875,4597.119140625,495.5065002441406,86730.5703125,4729.78125,496.0937317004776,76794.609375,4344.79150390625,494.2340957269231,77226.953125,4389.5419921875,494.5962317481148,113022376766.0,44652565890.0,56506600.0
2024-02-29,83037.2734375,4534.4970703125,497.2878112792969,86307.9765625,4781.89892578125,498.91255464581906,82117.953125,4486.5712890625,494.61581858519605,84861.578125,4598.61083984375,497.2780440014064,88869339766.0,38628508676.0,83924800.0
2024-03-01,84785.015625,4664.2880859375,501.95648193359375,85628.84375,4681.93408203125,502.38713824254285,82458.984375,4535.23291015625,497.75762772536723,82996.1328125,4534.5595703125,498.16871960912823,54567060363.0,22920646482.0,76844800.0
2024-03-02,84227.2265625,4646.63037109375,,84809.546875,4697.81787109375,,83721.3515625,4615.19482421875,,84772.8203125,4665.78857421875,,32436963993.0,16327250907.0,
2024-03-03,85601.1328125,4730.81298828125,,85708.109375,4732.1220703125,,83437.9765625,4579.97265625,,84229.578125,4647.7509765625,,35577800078.0,18488723865.0,
2024-03-04,92766.9453125,4928.76025390625,501.41815185546875,93044.84375,4941.92626953125,503.27781758430046,84514.890625,4668.31298828125,501.1245361453111,85559.984375,4728.572265625,501.1539275856768,95943856993.0,36347591474.0,49799300.0
2024-03-05,86709.3359375,4831.392578125,496.40692138671875,93812.8046875,5191.94921875,499.852171759294,80644.625,4382.85205078125,494.1851494829937,92781.390625,4930.7900390625,499.40192116874573,139714850814.0,64836299806.0,72855600.0
2024-03-06,89330.3203125,5160.93212890625,498.9223937988281,91916.90625,5296.158203125,501.19312181811216,85369.171875,4757.66064453125,497.6206574881757,86675.1640625,4830.173828125,499.70538904096213,92902390798.0,47212692580.0,68382400.0
2024-03-07,90036.9921875,5212.2841796875,503.8748779296875,91648.546875,5302.45703125,504.9319542916225,88748.6875,5052.08935546875,498.98108332275257,89320.78125,5159.6953125,502.24036725780826,63216536077.0,30212359637.0,58652100.0
2024-03-08,92386.125,5264.5966796875,500.85052490234375,94348.2578125,5383.35986328125,507.2124281294098,89181.0234375,5154.99072265625,500.27306071329883,90053.9609375,5212.93408203125,504.5111036412887,80080777218.0,35352166560.0,86532500.0
2024-03-09,92661.859375,5296.5830078125,,92897.4765625,5343.89892578125,,92058.8671875,5249.5615234375,,92384.9921875,5264.67529296875,,29232454550.0,16133740318.0,
2024-03-10,93046.6796875,5232.298828125,,94699.53125,5368.69091796875,,92061.53125,5127.28466796875,,92663.71875,5296.8154296875,,48106141054.0,21278560966.0,
2024-03-11,97204.9921875,5480.55126953125,500.4198913574219,98254.4140625,5513.05419921875,501.0071527207687,90573.0625,5048.1142578125,497.698942580957,93047.7109375,5232.35888671875,499.6368961191953,88569624155.0,38823640294.0,62557200.0
2024-03-12,96452.921875,5370.76171875,505.8030090332031,98407.34375,5515.2451171875,506.39024042665795,92786.359375,5173.185546875,500.00871383719493,97206.6328125,5480.8818359375,502.5437254527857,84407513448.0,36320334116.0,73114400.0
2024-03-13,98412.4140625,5394.99462890625,505.01019287109375,99332.5390625,5507.73193359375,506.30216176704823,96237.25,5304.6640625,503.5616488386758,96454.0390625,5370.7509765625,506.1259923365137,64921796916.0,29662508540.0,55104100.0
2024-03-14,96650.0625,5256.63427734375,504.0119323730469,99397.765625,5403.06787109375,506.1456197116887,92814.453125,5038.22265625,500.9484120857823,98406.859375,5394.0361328125,505.9889848262863,80673634896.0,34431281454.0,110171800.0
2024-03-15,93899.8359375,5053.56640625,500.5510559082031,97978.5,5319.939453125,502.38704698505336,88897.4296875,4838.00439453125,498.87218638115144,96638.265625,5256.25048828125,500.9241446835828,105963658206.0,45330691808.0,107646300.0
2024-03-16,88368.0859375,4766.25390625,,94769.109375,5115.361328125,,87673.046875,4692.1376953125,,93884.5625,5054.76318359375,,63375152286.0,27329395083.0,
2024-03-17,92644.46875,4934.1474609375,,93239.1328125,4978.83740234375,,87326.5859375,4619.20458984375,,88369.75,4766.4833984375,,60575118929.0,27009778095.0,
2024-03-18,91430.734375,4761.7861328125,503.52587890625,93259.2265625,4934.26123046875,506.09818983280354,90191.8984375,4680.75732421875,503.11353972986234,92618.3046875,4933.99267578125,504.64514516646915,66678257229.0,28644228995.0,88893300.0
2024-03-19,84049.6875,4286.62451171875,506.32415771484375,92191.515625,4800.75634765625,506.6088581747825,83511.671875,4273.9443359375,501.81766883065654,91440.9375,4762.27685546875,502.8289517104558,100751720100.0,46383379221.0,60755300.0
2024-03-20,91506.203125,4733.91064453125,511.00726318359375,91863.1015625,4763.35546875,511.14472957036855,82565.1171875,4154.29248046875,505.70557894770565,84073.28125,4287.681640625,506.3830233690174,89995727640.0,49321637171.0,69594600.0
2024-03-21,88597.734375,4725.37109375,512.6959228515625,91883.9375,4841.8662109375,514.5711343051557,87394.515625,4617.17431640625,512.4111625272894,91503.390625,4734.751953125,513.864267136569,60173685449.0,30050956113.0,60256100.0
2024-03-22,86901.75,4542.31640625,511.7239685058594,90339.140625,4802.67236328125,513.0984524678242,85019.3046875,4438.033203125,511.48828618374193,88595.7578125,4725.24462890625,512.6075524976269,56411091919.0,28034401296.0,79070800.0
2024-03-23,87287.953125,4546.2763671875,,89896.1484375,4678.6669921875,,85893.1015625,4459.783203125,,86934.3984375,4544.91162109375,,33708076505.0,18043074525.0,
2024-03-24,91520.3671875,4702.51318359375,,92013.2109375,4721.90673828125,,86965.9140625,4498.1552734375,,87299.6015625,4546.37451171875,,37034155392.0,16547865693.0,
2024-03-25,95043.9453125,4878.466796875,510.3101806640625,96674.7421875,4968.04248046875,511.46869741749754,90299.6015625,4658.18603515625,510.15305911399236,91520.265625,4702.8525390625,510.3396035020047,58011128551.0,25274729910.0,48512100.0
2024-03-26,95059.1640625,4872.63525390625,509.36767578125,97124.7890625,4994.7294921875,512.0872810647663,94147.359375,4813.23876953125,508.965164132004,95006.6015625,4878.74072265625,511.74361509656245,48910240284.0,25134687001.0,65463700.0
2024-03-27,94360.1484375,4755.162109375,513.6483154296875,97578.1953125,4985.01904296875,513.6876257832557,92867.1015625,4697.7060546875,510.03529843625415,95064.671875,4872.37548828125,512.2149257081124,55466613810.0,25477431068.0,82999800.0
2024-03-28,95771.3359375,4821.11962890625,513.5501098632812,96958.8046875,4892.66650390625,515.0620602218481,93523.03125,4704.05712890625,513.2654094489675,94356.65625,4755.29931640625,513.6875762388729,46535193585.0,22228215989.0,96294900.0
2024-03-29,94421.71875,4744.2744140625,,96005.6953125,4851.79443359375,,93510.1015625,4707.3486328125,,95771.125,4820.73779296875,,34085619189.0,17174224253.0,
2024-03-30,94087.328125,4739.0576171875,,95046.7578125,4817.60205078125,,94027.5625,4714.68310546875,,94422.546875,4744.3037109375,,23142100271.0,12684159771.0,
2024-03-31,96460.5,4932.7919921875,,96520.171875,4951.03076171875,,94059.71875,4738.10986328125,,94090.6640625,4739.0673828125,,27113765166.0,14198401657.0,
2024-04-01,94612.5078125,4757.66796875,512.6566772460938,96471.9140625,4933.16064453125,514.8363044731182,92501.8203125,4643.31298828125,511.48833281353956,96460.2734375,4932.7421875,514.2963264415365,47336733178.0,21720976714.0,62477500.0
2024-04-02,88777.1875,4445.48681640625,509.3970947265625,94620.96875,4761.0283203125,509.5345011723104,87720.8671875,4364.49365234375,507.08000138258785,94616.4140625,4757.380859375,508.80797882244235,68780391391.0,29946273445.0,74230300.0
2024-04-03,89236.078125,4478.576171875,509.9566955566406,90552.2109375,4555.72802734375,511.46870586053615,87598.1015625,4349.5849609375,508.248373198387,88776.7734375,4445.6083984375,508.2974512119765,46643492881.0,21653798046.0,59155800.0
2024-04-04,92790.0234375,4510.287109375,503.7320861816406,93610.8203125,4651.6904296875,514.3355132072445,87987.1640625,4396.15478515625,503.4277306070164,89229.1640625,4478.6484375,513.9919072090371,46645722515.0,19607089484.0,96858100.0
2024-04-05,92187.9609375,4510.19921875,508.9945373535156,93108.2109375,4546.42626953125,510.96796482720384,89918.265625,4357.83984375,504.6549983834538,92799.3828125,4510.23974609375,505.0968203427488,45862157234.0,20675672875.0,74546500.0
2024-04-06,93633.2578125,4558.50341796875,,94630.109375,4617.498046875,,91724.6171875,4497.07373046875,,92191.9453125,4510.17138671875,,27137219304.0,12172911365.0,
2024-04-07,94364.6328125,4698.32373046875,,95520.046875,4703.744140625,,93572.8046875,4547.537109375,,93634.6171875,4558.54443359375,,28848353545.0,13510826249.0,
2024-04-08,97210.5546875,5014.86328125,509.2792663574219,98858.7109375,5058.70751953125,510.71271592770194,94025.1015625,4633.61181640625,508.46441550433593,94364.6328125,4698.32958984375,509.7014930900916,50567303968.0,25859639464.0,48401800.0
2024-04-09,93845.5,4757.7158203125,509.8682861328125,97349.9140625,5057.0439453125,511.27225267463666,92660.15625,4693.404296875,504.98870990104007,97212.109375,5014.93017578125,511.0268027213603,49443871136.0,24811959614.0,68049200.0
2024-04-10,96625.984375,4850.93310546875,504.76300048828125,97292.0703125,4873.970703125,506.7658508730003,92290.5390625,4631.1552734375,502.7699776912442,93847.15625,4757.7060546875,504.1346341197876,52453376004.0,23096319792.0,82652800.0
2024-04-11,95902.4609375,4798.15869140625,508.57232666015625,97488.796875,4948.9677734375,510.0253712748353,95431.3125,4766.349609375,502.760088277132,96609.3515625,4850.54296875,506.2945437977112,41275458239.0,19268938005.0,70099000.0
2024-04-12,92572.3828125,4467.76708984375,501.5525207519531,97625.15625,4869.541015625,506.43206780216656,89907.0,4275.85302734375,499.81471562897786,95903.515625,4798.2705078125,505.00844586056235,60794729327.0,30452773544.0,92561100.0
2024-04-13,87923.65625,4139.701171875,,93585.734375,4545.78173828125,,83919.1171875,3943.09033203125,,92562.0703125,4467.6376953125,,72835994810.0,41233626822.0,
2024-04-14,90452.734375,4343.77197265625,,90583.953125,4368.8017578125,,85697.890625,4015.0546875,,87943.984375,4140.5927734375,,67537226578.0,35067675433.0,
2024-04-15,87447.234375,4276.2509765625,495.2690124511719,91910.453125,4503.8056640625,505.9215182763897,85956.859375,4173.642578125,494.41482129940175,90454.0,4343.6181640625,505.7546290584108,60106737971.0,30229686214.0,92101400.0
2024-04-16,88184.8046875,4263.20556640625,494.3656921386719,88986.8359375,4314.07470703125,497.28163897934695,85170.1796875,4137.13818359375,493.069709106782,87437.7109375,4275.61669921875,495.7500335642605,59213141427.0,26867030526.0,73484000.0
2024-04-17,84388.546875,4110.4833984375,491.4399108886719,89161.75,4317.36474609375,497.006729311642,82586.796875,4032.787353515625,490.0359442713596,88212.421875,4263.2099609375,496.8398101510921,57724504608.0,24392290571.0,75910300.0
2024-04-18,87463.7265625,4222.2421875,490.4286804199219,88209.6875,4257.283203125,494.9547935868479,83615.6171875,4070.705810546875,489.48616089541196,84386.6484375,4110.45263671875,492.84392977207705,49584465862.0,20909655274.0,74548100.0
2024-04-19,87813.6328125,4207.884765625,486.1480712890625,90067.6484375,4302.64453125,491.35159908684795,82313.7890625,3958.80908203125,484.871713365081,87460.96875,4222.13916015625,490.3501739150544,68663049117.0,28059156434.0,102212600.0
2024-04-20,89396.6015625,4343.158203125,,90012.828125,4361.10205078125,,86890.484375,4156.31396484375,,87823.9921875,4208.1591796875,,31769436424.0,13642596318.0,
2024-04-21,89212.453125,4324.53173828125,,90399.03125,4398.01025390625,,88700.0390625,4304.826171875,,89394.3671875,4343.0810546875,,28177155360.0,12908358686.0,
2024-04-22,91573.8359375,4386.56103515625,490.62506103515625,92126.65625,4442.2177734375,493.23665243811826,88544.4765625,4295.478515625,486.4131309562078,89224.8046875,4325.04736328125,488.76944479009535,38749911032.0,16528608403.0,67961000.0
2024-04-23,90725.6171875,4399.04296875,496.4471435546875,92010.8828125,4458.62255859375,496.87913793386264,90211.2265625,4321.56396484375,490.4385325961786,91576.875,4386.47412109375,492.64758250516905,33213654842.0,15102579553.0,64633600.0
2024-04-24,88086.859375,4302.876953125,496.2115173339844,91660.0390625,4507.80224609375,498.13583685049355,87145.46875,4257.05908203125,493.9730146419187,90727.59375,4399.10498046875,497.34058128634894,41491975923.0,19186313721.0,55928100.0
2024-04-25,88079.5625,4311.671875,494.3264465332031,89150.7890625,4358.953125,495.0922492946256,86158.546875,4205.79443359375,488.4356468415974,88084.2890625,4302.62890625,490.09489115170555,43923582871.0,19108483753.0,69122400.0
2024-04-26,87220.46875,4282.2216796875,499.0096435546875,88514.9140625,4325.50439453125,500.60015465226695,86617.5078125,4248.056640625,496.4962381230782,88084.5625,4311.5009765625,497.1344020871228,33023869164.0,14531883840.0,64306100.0
2024-04-27,86766.8984375,4449.4541015625,,87422.546875,4486.78125,,85406.3828125,4202.0537109375,,87214.5390625,4281.623046875,,26721040815.0,16172607787.0,
2024-04-28,86188.5,4455.70068359375,,88001.4375,4584.912109375,,85788.9296875,4445.3232421875,,86772.8828125,4449.5595703125,,23672735799.0,15539618967.0,
2024-04-29,87259.4453125,4394.9189453125,500.7768859863281,87693.4921875,4485.79833984375,501.4543303567636,84465.1796875,4259.380859375,498.01803049137214,86179.125,4455.1083984375,500.80633878668806,36406550612.0,20546405657.0,46415400.0
2024-04-30,83544.25,4150.2685546875,492.84393310546875,88442.015625,4441.52685546875,500.28596329273006,81395.03125,4017.74462890625,492.84393310546875,87257.125,4394.853515625,499.3041633757631,52136352614.0,25167762114.0,77483600.0
2024-05-01,79989.1640625,4077.84130859375,491.2436218261719,83742.09375,4160.23779296875,498.9409300087414,77898.9765625,3878.04736328125,490.7723470533853,83506.5546875,4148.51708984375,492.2548745985235,66513146688.0,27469144428.0,80242800.0
2024-05-02,80800.1484375,4083.735595703125,495.83843994140625,81500.3046875,4122.7861328125,496.682803499829,78181.046875,3974.233154296875,490.45816529457255,79988.7421875,4077.854248046875,494.9744511698694,44705109323.0,17990251810.0,62550200.0
2024-05-03,85954.6875,4241.76611328125,501.9844970703125,86543.296875,4279.20556640625,503.2215446139362,80443.9921875,4044.680419921875,499.3041724618414,80798.609375,4083.689453125,501.8568582848392,45337862501.0,17579388929.0,72756700.0
2024-05-04,87349.2265625,4262.19482421875,,88174.28125,4330.50390625,,85582.703125,4231.82373046875,,85956.3125,4241.8720703125,,28191286487.0,11324417400.0,
2024-05-05,87671.4296875,4295.52099609375,,88332.78125,4333.94091796875,,86069.34375,4204.78759765625,,87350.5703125,4262.27734375,,25051108852.0,12026296507.0,
2024-05-06,86313.6484375,4185.3564453125,507.1684265136719,89579.34375,4404.55029296875,507.2076769404012,85748.6953125,4165.70751953125,503.9579213801593,87681.2578125,4295.87890625,504.3997433592057,39217010972.0,17776819870.0,47264700.0
2024-05-07,85610.578125,4129.22998046875,507.7280578613281,88078.2890625,4280.3828125,509.1320246468493,85543.5,4124.3359375,507.0506134757241,86314.7578125,4185.38720703125,508.1403970755998,35613239999.0,16128081745.0,52561300.0
2024-05-08,84001.5625,4082.370361328125,507.7771301269531,86625.703125,4176.27197265625,508.3171081269149,83557.5703125,4035.09912109375,505.76445216837857,85607.5859375,4128.87109375,505.8822633711224,35815016794.0,16188124435.0,42047200.0
2024-05-09,86238.9140625,4152.62939453125,510.7028503417969,86693.984375,4181.29931640625,510.7421606903667,83255.375,4051.328125,507.3058609519694,84006.03125,4082.80224609375,507.9636501230838,34814745043.0,14856830146.0,43643700.0
2024-05-10,83143.2421875,3979.575927734375,511.36077880859375,86800.8515625,4175.859375,513.128006963495,82319.1953125,3938.987548828125,510.13352871153444,86246.0703125,4152.91748046875,512.3130961202376,38027446288.0,16792900597.0,52233200.0
2024-05-11,83156.671875,3982.634765625,,84055.9609375,4024.458984375,,82744.8359375,3950.46484375,,83144.03125,3979.650146484375,,18934153079.0,9295794322.0,
2024-05-12,84049.7890625,4005.910888671875,,84557.9609375,4039.325927734375,,82936.3046875,3969.77685546875,,83156.390625,3982.711669921875,,18876420179.0,8082315039.0,
2024-05-13,85964.578125,4030.757080078125,511.4294128417969,86727.3203125,4095.438720703125,513.1573904337706,83166.8671875,3920.74169921875,510.2807236178911,84053.65625,4006.06396484375,513.0494068153514,38114888905.0,18247939444.0,36716400.0
2024-05-14,84044.1796875,3933.93310546875,513.7759399414062,86263.90625,4048.322265625,514.2963227171578,83406.6171875,3912.628662109375,511.08581746685115,85963.65625,4030.556884765625,511.6257954945224,38485535143.0,16991742338.0,57535900.0
2024-05-15,90111.1328125,4129.81689453125,520.1380004882812,90374.7265625,4136.42724609375,520.432528485142,83718.09375,3910.62451171875,515.621684813936,84045.8203125,3934.024169921875,516.2598787440616,54141022523.0,19944186642.0,59504900.0
2024-05-16,88812.2109375,4009.76953125,519.0678100585938,90899.8203125,4136.845703125,521.8463206535929,87997.8125,3982.2080078125,518.9205160986112,90095.65625,4128.3994140625,520.2361543782758,42986461531.0,17747668518.0,50244800.0
2024-05-17,91307.890625,4213.416015625,519.8140258789062,91801.6640625,4248.8525390625,519.8827590703391,88732.421875,3999.063232421875,517.722787069295,88811.828125,4009.777587890625,519.1856594923631,38171594600.0,19676522329.0,59187600.0
2024-05-18,91156.640625,4252.67578125,,91764.6953125,4285.14208984375,,90779.015625,4204.681640625,,91327.4140625,4214.0078125,,22757943757.0,12810052136.0,
2024-05-19,90197.4375,4180.43408203125,,92182.7109375,4272.01171875,,89780.71875,4161.8779296875,,91152.7265625,4252.50634765625,,26195861767.0,11904777135.0,
2024-05-20,97337.4453125,4991.45361328125,520.4129028320312,97399.4296875,5028.88525390625,521.8856028241897,89931.0546875,4150.89111328125,519.5390864548481,90197.9453125,4180.45556640625,519.9318304224834,59739940816.0,42543661907.0,37764200.0
2024-05-21,95675.6953125,5169.13427734375,521.6892700195312,98027.125,5238.42822265625,521.8463915881117,94465.328125,4947.45361328125,519.4409694354079,97330.4609375,4990.3037109375,519.6471690225495,64021591992.0,51351298731.0,33437000.0
2024-05-22,94633.6640625,5116.53173828125,520.1870727539062,96533.40625,5197.626953125,521.7088506578033,94459.84375,4998.15087890625,517.997618165417,95674.0390625,5169.2158203125,520.9921558859738,44909167183.0,34440189838.0,48390000.0
2024-05-23,93286.9921875,5186.81640625,516.3875122070312,95713.359375,5390.6962890625,523.3680953200814,91146.5859375,4879.8388671875,515.1700299587022,94632.25,5116.4775390625,523.260111709731,57534919732.0,62654510984.0,57211200.0
2024-05-24,93801.9453125,5101.6142578125,519.8041381835938,94592.5078125,5253.10595703125,520.6190488742751,91458.9296875,4985.9599609375,517.2907328523746,93285.0234375,5186.90576171875,518.2430499857159,39966735265.0,30466578537.0,41291100.0
2024-05-25,94780.0546875,5130.26806640625,,95208.8671875,5166.8984375,,93753.6171875,5077.30126953125,,93803.078125,5101.6708984375,,21172577717.0,13683537990.0,
2024-05-26,93665.9453125,5230.09765625,,95108.8515625,5301.49072265625,,93188.2890625,5106.71337890625,,94777.78125,5130.1904296875,,21364459629.0,20028002750.0,
2024-05-27,94576.2421875,5304.32666015625,,96230.203125,5418.42919921875,,93181.375,5224.59814453125,,93657.859375,5230.41162109375,,35258978215.0,25825404062.0,
2024-05-28,93207.609375,5241.00927734375,520.1674194335938,94700.8359375,5348.5732421875,520.8546913706681,91780.59375,5148.14453125,517.5165476330567,94573.03125,5304.44921875,520.6190689749426,44657876087.0,27084988221.0,36269600.0
2024-05-29,92698.6953125,5162.078125,516.52490234375,93999.5859375,5302.296875,517.7129017930257,92032.71875,5132.3779296875,515.808207594023,93207.78125,5240.97998046875,516.1125631654163,36634812996.0,23883710444.0,45190300.0
2024-05-30,93550.171875,5127.1630859375,513.0985107421875,95041.296875,5226.9130859375,515.6413992433119,92087.0078125,5079.56103515625,511.84183783640026,92695.9453125,5162.29931640625,514.9737823989375,40380884063.0,20616003401.0,46377600.0
2024-05-31,92071.7578125,5129.56396484375,517.7718505859375,94107.265625,5242.568359375,517.8994893772648,90906.3046875,5080.33544921875,508.92582317948944,93546.7890625,5127.17919921875,514.0606778227026,37362718461.0,20860124287.0,90785800.0
2024-06-01,92368.2421875,5202.10302734375,,92549.453125,5224.0615234375,,91930.6796875,5115.6669921875,,92052.4140625,5129.36962890625,,15881747396.0,11815681468.0,
2024-06-02,92274.703125,5149.4140625,,93402.453125,5231.724609375,,91727.5,5123.359375,,92372.7890625,5202.2080078125,,23303868556.0,15154352383.0,
2024-06-03,93775.0703125,5133.26806640625,518.1940307617188,95751.15625,5247.1005859375,519.6765583574672,90152.4453125,5131.63232421875,513.0886587497955,92277.828125,5149.357421875,519.391857928712,44160197787.0,19193188203.0,46835700.0
2024-06-04,96514.1953125,5214.3056640625,518.7733154296875,97138.1484375,5242.82861328125,519.5194930162086,93868.421875,5092.751953125,515.4057486267862,93774.7734375,5133.38671875,516.8784486240833,45338210120.0,18233224577.0,34632700.0
2024-06-05,97314.1640625,5290.27001953125,524.93896484375,98371.484375,5321.91015625,524.9586200186185,96713.3203125,5168.11669921875,519.1070707176025,96514.9921875,5214.3671875,521.1099809761525,44918766329.0,21192554141.0,47610400.0
2024-06-06,96715.703125,5209.9619140625,524.92919921875,98036.5078125,5301.86376953125,525.6753768600677,95849.4765625,5142.166015625,522.9852542553429,97314.1875,5290.27294921875,525.2433824321638,34476719338.0,18598404085.0,30808500.0
2024-06-07,95536.75,5068.2314453125,524.291015625,98351.6015625,5249.50537109375,527.1186043544275,94243.25,4973.42529296875,522.8477384972871,96718.46875,5210.04443359375,523.9473496782516,49858542055.0,25102999293.0,43224500.0
2024-06-08,95486.03125,5071.4287109375,,95799.53125,5108.00439453125,,95355.1015625,5055.84375,,95511.3828125,5066.5380859375,,19649726570.0,12532140485.0,
2024-06-09,95833.0625,5099.1865234375,,96017.2421875,5119.18896484375,,95286.3515625,5053.75732421875,,95474.625,5071.40966796875,,18622322457.0,10884925154.0,
2024-06-10,95651.328125,5045.53173828125,525.9109497070312,96515.796875,5106.6513671875,526.2349604784921,95383.2421875,5021.62548828125,522.8772213334454,95828.0,5099.14990234375,523.4761049380284,28343155487.0,14279528179.0,35686100.0
2024-06-11,92616.890625,4812.041015625,527.177490234375,95723.921875,5050.6689453125,527.2363958338547,91046.640625,4727.46826171875,522.3666465543927,95645.546875,5045.0380859375,524.3499016107278,51054173447.0,26389064094.0,36383400.0
2024-06-12,93640.0078125,4884.47900390625,531.5072021484375,95737.03125,5000.177734375,534.2169795758864,92020.984375,4764.26318359375,530.4664966070287,92602.234375,4811.44482421875,531.7723073085223,47337798237.0,23523357579.0,63251300.0
2024-06-13,91753.0,4768.33642578125,532.5774536132812,93860.203125,4884.62646484375,533.4414424585367,91210.8828125,4720.26220703125,529.7695198283611,93642.640625,4884.62646484375,533.2647256389599,39797335562.0,19891493290.0,44760900.0
2024-06-14,90788.359375,4786.591796875,532.9014282226562,92714.53125,4851.1962890625,532.930851061761,89336.3203125,4626.52099609375,530.0247015137712,91740.859375,4766.5341796875,531.0359842688257,37689932931.0,21722108176.0,40089900.0
2024-06-15,91035.7890625,4903.87841796875,,91326.25,4937.3515625,,90596.75,4777.21337890625,,90782.3671875,4785.92333984375,,19421682610.0,17513227008.0,
2024-06-16,91530.328125,4972.9306640625,,91867.21875,5009.955078125,,90798.1953125,4870.84912109375,,91033.53125,4905.5458984375,,18241965280.0,13568203216.0,
2024-06-17,91187.1171875,4815.6279296875,537.1427001953125,92208.9765625,4990.8115234375,538.5467267827651,89467.953125,4768.0283203125,531.7526283434909,91526.8515625,4975.4306640625,532.2141054561657,41151764750.0,24464832833.0,55839500.0
2024-06-18,89354.6015625,4778.62158203125,538.5074462890625,91278.1875,4819.46533203125,538.635085076816,87884.296875,4628.83935546875,536.7794687849962,91188.0546875,4814.51220703125,537.2016355735989,54157111638.0,28836919438.0,41376400.0
2024-06-19,89041.859375,4878.83984375,,90143.8828125,4916.8525390625,,88694.6484375,4755.36376953125,,89362.7109375,4776.79638671875,,28926715839.0,20938138142.0,
2024-06-20,88718.015625,4804.92236328125,537.0444946289062,91083.8359375,4967.5693359375,540.1077052339422,88457.6640625,4777.85791015625,535.2576117885845,89041.859375,4878.83984375,539.4400885558501,35089857836.0,22053546856.0,70328200.0
2024-06-21,87802.1796875,4816.49609375,536.3246459960938,88950.671875,4852.2998046875,537.4475233386365,86006.7578125,4720.1240234375,534.8570540865662,88730.7890625,4805.1708984375,536.216314002772,35873867057.0,21826304231.0,64338600.0
2024-06-22,88016.3984375,4787.3701171875,,88711.9765625,4821.18359375,,87615.6484375,4763.201171875,,87826.375,4817.1474609375,,13504253616.0,10169360477.0,
2024-06-23,86561.671875,4683.7138671875,,88343.9609375,4820.947265625,,86561.671875,4667.06591796875,,88011.4453125,4787.5625,,15304250109.0,12903446969.0,
2024-06-24,82328.578125,4575.8740234375,534.5811767578125,86727.8515625,4699.86572265625,538.7279109967009,80035.6796875,4430.57958984375,534.4629854837117,86551.4765625,4683.9482421875,536.1473013161042,58938392400.0,31602179846.0,45528700.0
2024-06-25,84434.1640625,4638.10546875,536.6397705078125,85020.3828125,4672.296875,537.004203612723,82277.1328125,4555.212890625,534.2856841465313,82313.375,4576.28271484375,535.8123714938099,39893123656.0,18081688312.0,37936200.0
2024-06-26,83342.34375,4617.8955078125,537.3095092773438,85244.6953125,4671.57177734375,538.0285161524231,83191.6171875,4560.29150390625,534.8668096662881,84413.71875,4637.20947265625,535.5168616178127,30844657248.0,16026794827.0,38550600.0
2024-06-27,84396.1171875,4719.23876953125,538.1565551757812,85243.421875,4749.63916015625,538.7377123089291,82959.796875,4609.34521484375,536.4230031853552,83342.2734375,4617.08544921875,537.1715879191873,29086641441.0,16126941729.0,35041500.0
2024-06-28,82605.40625,4620.02587890625,536.0389404296875,85317.2734375,4781.12548828125,542.00790070753,82070.7734375,4605.38671875,534.7880726863442,84407.078125,4720.1953125,538.9347470490513,34171703545.0,17612713979.0,76144500.0
2024-06-29,83382.2265625,4619.11083984375,,83657.921875,4658.49951171875,,82579.15625,4614.43408203125,,82605.046875,4620.099609375,,17327518555.0,9017543406.0,
2024-06-30,85711.0,4694.39013671875,,85997.265625,4721.5966796875,,83033.796875,4590.7861328125,,83383.6796875,4619.25830078125,,23702753784.0,11481888988.0,
2024-07-01,86349.7578125,4726.54443359375,537.1421508789062,87664.984375,4803.50732421875,537.6740116350426,85554.7890625,4705.4111328125,534.3645355838041,85704.5859375,4694.0048828125,537.4277697838914,34989962283.0,16873120528.0,40297800.0
2024-07-02,84840.8046875,4672.75341796875,540.7568969726562,86930.21875,4757.69091796875,540.7568969726562,84595.0859375,4658.21240234375,535.4774867707054,86339.359375,4725.22509765625,535.5267231112665,27562575657.0,12886703336.0,40434800.0
2024-07-03,82039.921875,4489.4970703125,543.1701049804688,85045.7265625,4685.7216796875,543.5345380828469,81056.9609375,4438.955078125,540.4023491902368,84848.078125,4672.61669921875,540.4417262410547,40569691943.0,21979491315.0,32789900.0
2024-07-04,77576.109375,4158.78369140625,,82343.421875,4511.013671875,,77296.734375,4158.78369140625,,82003.40625,4487.99853515625,,56025892510.0,27574142629.0,
2024-07-05,77301.640625,4067.64599609375,546.3023071289062,78233.7890625,4226.40185546875,546.7061172919005,73096.296875,3845.3154296875,542.8352028084947,77637.5234375,4163.2919921875,543.4754556350376,75603384447.0,42471752756.0,41488400.0
2024-07-06,79651.3828125,4193.23046875,,79882.2734375,4207.888671875,,76557.625,4040.24609375,,77297.140625,4068.17724609375,,28156789456.0,15828615145.0,
2024-07-07,76182.65625,3995.91845703125,,79743.703125,4197.92529296875,,76104.5546875,3988.408935546875,,79563.796875,4190.53564453125,,28036426634.0,14811109078.0,
2024-07-08,77289.8984375,4114.5771484375,546.9326782226562,79280.9140625,4215.12255859375,547.8880676594589,74093.8125,3855.363525390625,545.859037400113,76183.2890625,3996.565673828125,547.0902465409208,54201872434.0,30841454885.0,36110500.0
2024-07-09,79080.3203125,4177.0029296875,547.4645385742188,79397.6171875,4236.4423828125,548.804079690317,76769.4765625,4097.0380859375,547.1690604041432,77289.21875,4114.67431640625,547.8979265962074,37965486018.0,20816555132.0,27289700.0
2024-07-10,78640.65625,4224.9736328125,552.8818969726562,80927.6796875,4285.470703125,553.2266115086117,77879.0546875,4126.4931640625,548.4003074170465,79113.9375,4179.87158203125,548.695785607528,35648610815.0,19854994744.0,38701200.0
2024-07-11,78130.953125,4224.1201171875,548.1145629882812,80608.5703125,4360.78369140625,553.8766575443788,77791.953125,4163.61181640625,547.4743703382464,78623.4921875,4223.7705078125,553.0000222525385,39113636332.0,20750609498.0,53054200.0
2024-07-12,79012.5078125,4277.02978515625,551.5718383789062,79768.6328125,4300.2392578125,555.1965108923417,77142.5390625,4151.40673828125,548.774564863736,78125.890625,4223.65576171875,549.2473299383824,34941597444.0,17401523248.0,53084400.0
2024-07-13,80830.8828125,4335.76416015625,,81588.4375,4366.86572265625,,78871.9140625,4250.994140625,,79025.15625,4277.564453125,,23308306344.0,11688371829.0,
2024-07-14,82960.140625,4427.35693359375,,83630.7890625,4459.203125,,80821.734375,4321.0703125,,80821.734375,4335.14013671875,,30329407069.0,14354044266.0,
2024-07-15,88726.4140625,4772.849609375,553.0887451171875,88726.4140625,4778.7734375,556.3489846422507,82894.1015625,4418.14501953125,551.2172831044048,82997.8984375,4430.158203125,553.5812287923791,52103940451.0,25037407702.0,40584300.0
2024-07-16,88993.3359375,4707.57568359375,556.36865234375,89354.0859375,4784.583984375,556.664130530242,85532.59375,4587.86572265625,553.650132792749,88609.1484375,4768.1875,554.4085769027762,56894450506.0,27952328223.0,36475300.0
2024-07-17,87708.4140625,4635.4912109375,548.5677490234375,90376.0546875,4809.8583984375,552.0840898739044,87529.015625,4628.91015625,548.2426929468022,88986.0625,4711.98193359375,550.3997739687646,44491207671.0,22897531363.0,57119000.0
2024-07-18,87668.84375,4695.27978515625,544.35205078125,89093.84375,4773.4912109375,551.1089727595462,86765.0078125,4623.2138671875,542.1555927413102,87689.1875,4634.50341796875,550.1141460777824,37328226487.0,20604530716.0,56270400.0
2024-07-19,91701.3828125,4819.0673828125,540.7371826171875,92598.1328125,4860.57275390625,545.7506925722541,86812.2421875,4633.11376953125,539.6734011116428,87666.4609375,4694.80029296875,544.1156132058904,50866387739.0,24338583571.0,65509100.0
2024-07-20,92324.7578125,4837.7080078125,,92939.3359375,4866.03759765625,,91137.046875,4787.11279296875,,91701.0625,4819.048828125,,26158519096.0,14241377262.0,
2024-07-21,93432.21875,4848.2900390625,,93810.359375,4866.103515625,,90681.3046875,4703.919921875,,92326.5,4837.88818359375,,36537167450.0,18981196915.0,
2024-07-22,93007.4453125,4734.53369140625,546.3121337890625,93912.0546875,4882.208984375,546.9228087020715,91673.1328125,4713.7373046875,542.7366977016144,93430.09375,4848.31982421875,544.6869137065378,58691571974.0,25765930351.0,43346700.0
2024-07-23,90884.59375,4800.10546875,545.4552612304688,93280.53125,4872.1298828125,548.3707261822221,90234.1171875,4674.39794921875,544.9627775434685,93006.828125,4735.013671875,546.2037859358935,49084194539.0,33730920609.0,34439600.0
2024-07-24,90291.140625,4608.1083984375,533.0938720703125,92602.328125,4808.6015625,540.9145154169191,89966.375,4561.919921875,532.1680003349537,90884.8515625,4800.32080078125,540.6091779359837,37942508395.0,22155545321.0,74515300.0
2024-07-25,90900.5078125,4386.8837890625,530.3162231445312,91396.0546875,4615.62939453125,539.2302253978226,87758.7421875,4270.4951171875,529.370693001826,90296.3046875,4608.14013671875,533.2120294418335,52950275260.0,34954565553.0,61158300.0
2024-07-26,93918.984375,4530.47705078125,536.255615234375,94327.703125,4544.04296875,538.9642753902813,90840.2734375,4384.45458984375,533.3499495890577,90893.0234375,4386.36376953125,534.1281122545862,42164251491.0,22118755045.0,53763800.0
2024-07-27,93782.4609375,4491.279296875,,95974.671875,4601.66455078125,,92249.984375,4419.0185546875,,93918.640625,4530.39453125,,47977170700.0,21018396725.0,
2024-07-28,94402.5703125,4524.6611328125,,94458.046875,4540.43505859375,,92776.34375,4427.87841796875,,93775.9765625,4491.14013671875,,24954944863.0,12391242192.0,
2024-07-29,92588.3515625,4601.07177734375,536.57080078125,96865.0703125,4699.4013671875,538.8263542761403,92210.515625,4514.69873046875,534.5614289959356,94406.984375,4524.64599609375,537.8118692092069,56507345077.0,25405505322.0,39515800.0
2024-07-30,91676.8203125,4540.38134765625,533.8522338867188,92756.15625,4663.78173828125,539.1119852996469,90498.421875,4482.8056640625,530.4245671946074,92587.1484375,4601.205078125,538.0482038678223,43456489985.0,19450937659.0,46853600.0
2024-07-31,89229.0390625,4461.912109375,542.5298461914062,92279.0,4623.79248046875,545.1794106823547,89085.84375,4439.94775390625,539.3484209909209,91677.171875,4540.4072265625,540.7273391659687,43210424490.0,22280427405.0,65663400.0
2024-08-01,90725.4921875,4444.22607421875,534.8471069335938,91036.6015625,4476.732421875,546.5288047650866,86323.28125,4274.7119140625,531.3209071419874,89238.140625,4461.84716796875,544.2633919827645,56879888166.0,28064954608.0,76428700.0
2024-08-02,85216.4765625,4143.24267578125,524.8890991210938,90986.7265625,4463.75,528.9175817191577,84897.1015625,4115.10400390625,520.6536916296925,90719.9375,4444.2744140625,527.6962318838754,59749118116.0,29693905427.0,82789100.0
2024-08-03,84196.6640625,4028.5927734375,,86233.9765625,4183.8740234375,,83026.171875,3970.02685546875,,85216.1171875,4143.15625,,44058917594.0,24759569065.0,
2024-08-04,80683.1015625,3729.495361328125,,84727.953125,4067.563720703125,,79382.8515625,3662.53076171875,,84191.1171875,4028.1806640625,,44090523668.0,29347854985.0,
2024-08-05,74537.53125,3337.05712890625,509.6023864746094,80902.5390625,3743.066162109375,515.7091957580305,68232.59375,2946.4443359375,502.59925334114575,80673.828125,3728.979736328125,503.9486837915283,150466880266.0,93418766293.0,146267400.0
2024-08-06,77258.2109375,3390.0048828125,514.3007202148438,78515.53125,3523.112060546875,521.7864479457752,74512.421875,3336.119384765625,510.08503114656577,74537.375,3337.144775390625,511.41471300744325,67973831269.0,35905818548.0,84826300.0
2024-08-07,75674.8671875,3213.324462890625,510.8631591796875,79350.734375,3507.34716796875,523.5988404143214,75151.265625,3181.32666015625,510.2623435010392,77266.921875,3390.370361328125,520.5256868545033,57260808268.0,33368638711.0,70698300.0
2024-08-08,84766.28125,3685.906982421875,522.6729736328125,86103.09375,3739.502685546875,523.3033070779303,75275.390625,3192.20068359375,513.9954132638433,75678.3984375,3213.772216796875,516.0342428735453,62222887887.0,32236514130.0,63276600.0
2024-08-09,83749.7265625,3576.1376953125,524.977783203125,84823.59375,3714.73974609375,526.4749529409472,81793.0390625,3508.4501953125,520.6143846831733,84791.1015625,3686.411376953125,521.8455939760821,45981862143.0,24633959418.0,45619600.0
2024-08-10,83840.109375,3590.47802734375,,84553.65625,3635.74072265625,,82934.59375,3550.087646484375,,83751.265625,3576.115234375,,21660740417.0,12877479210.0,
2024-08-11,80656.375,3507.11669921875,,85004.3515625,3740.9296875,,80111.125,3493.072998046875,,83838.84375,3590.40478515625,,31262526093.0,18674535968.0,
2024-08-12,81565.5625,3743.94140625,525.2535400390625,83342.0078125,3777.635986328125,527.6765211620506,79202.8203125,3452.775146484375,522.9684086509645,80656.2578125,3507.452392578125,526.1794117211571,50953834879.0,29755893724.0,42542100.0
2024-08-13,83098.140625,3706.84228515625,533.8916625976562,84453.8046875,3762.697021484375,534.1281052524308,80365.0703125,3590.356689453125,528.2183013533827,81567.890625,3743.76513671875,528.4645431825097,41580487295.0,22461821025.0,52333100.0
2024-08-14,80571.6171875,3652.79736328125,535.5759887695312,84593.0390625,3805.7705078125,536.7678208880384,80191.1640625,3613.968505859375,532.0005525316452,83100.171875,3706.725830078125,534.6894941203759,41099327539.0,21708112666.0,42446900.0
2024-08-15,79054.59375,3529.827880859375,544.755859375,81995.5859375,3665.42431640625,545.0414782431244,77114.921875,3458.361328125,540.6288440776154,80566.1171875,3652.757080078125,541.2395189802481,49006776642.0,22449765682.0,60846800.0
2024-08-16,80617.1953125,3549.683349609375,545.9772338867188,81922.0546875,3600.388671875,546.6765823277302,78404.0625,3505.009765625,542.9730955779607,79054.8359375,3529.82421875,543.1306638977313,40177032403.0,18172252434.0,44430700.0
2024-08-17,81423.734375,3579.183837890625,,81719.015625,3595.783935546875,,80514.5625,3543.917236328125,,80616.40625,3549.65673828125,,18603597941.0,9139888745.0,
2024-08-18,80000.5078125,3574.824462890625,,82496.6484375,3674.304443359375,,79950.5625,3554.80029296875,,81408.8984375,3578.585205078125,,24267490786.0,12594667133.0,
2024-08-19,81101.296875,3595.16796875,551.1975708007812,81263.9765625,3618.93896484375,551.1975708007812,79164.1875,3507.115478515625,545.5340084715398,79996.0625,3573.95068359375,546.3909252667271,35322080620.0,16316054839.0,39121800.0
2024-08-20,80362.3828125,3504.0029296875,550.30126953125,83707.140625,3675.581787109375,552.4091140848926,79886.046875,3484.87255859375,548.9518690734592,81101.296875,3595.16796875,550.7445168615222,43050464249.0,18042868343.0,33732300.0
2024-08-21,83102.21875,3574.566650390625,552.1923828125,84095.828125,3621.664794921875,553.6599745235571,80098.9453125,3452.828369140625,546.3909107782366,80365.3671875,3504.005859375,551.3551846243884,44462981626.0,17341738113.0,41514600.0
2024-08-22,82145.90625,3568.365234375,547.8584594726562,83433.4140625,3593.4453125,554.7138532317389,81279.8984375,3515.49267578125,546.6371096913691,83092.875,3573.844970703125,554.1031783410953,37583126450.0,14588368902.0,56121500.0
2024-08-23,86665.1875,3737.947265625,553.6796875,87818.171875,3785.11376953125,554.6252777748409,82132.4921875,3567.94287109375,548.9124191927582,82144.6015625,3568.3173828125,551.1187965007202,57507628060.0,22793438600.0,50639400.0
2024-08-24,86702.609375,3741.30712890625,,87258.125,3814.21875,,85947.328125,3698.599365234375,,86678.046875,3739.345947265625,,28951649026.0,15895022785.0,
2024-08-25,86906.765625,3713.776611328125,,87818.2265625,3771.79638671875,,86235.890625,3696.3193359375,,86699.0625,3740.913330078125,,25433903506.0,12665204697.0,
2024-08-26,84776.3984375,3615.0126953125,552.35986328125,87137.265625,3731.815673828125,555.4329568526259,84735.03125,3598.972412109375,550.6460295723259,86918.5,3713.89794921875,554.7139498665612,37321231682.0,16558775816.0,35788600.0
2024-08-27,80019.7890625,3306.438720703125,553.1182250976562,85219.515625,3640.4755859375,553.6107087392104,78126.3515625,3227.899658203125,549.9269407192061,84775.1171875,3615.393310546875,551.079335607506,52586001390.0,24244979229.0,32693900.0
2024-08-28,79552.65625,3407.593505859375,549.9072875976562,81077.65625,3442.774169921875,553.2069644594469,78020.59375,3257.3115234375,546.6962842536592,80024.890625,3306.678466796875,552.7735763985828,54299011846.0,27438946181.0,41066000.0
2024-08-29,80110.203125,3411.151611328125,549.9564819335938,82460.5390625,3498.71484375,555.2063746094201,79276.1640625,3381.492431640625,548.8040869961412,79552.4375,3407.52197265625,551.887039533177,43469095421.0,18812693856.0,38715200.0
2024-08-30,79766.953125,3407.96533203125,555.2064208984375,80699.2578125,3426.505615234375,555.7186231878466,78004.9609375,3285.06103515625,548.7647556974438,80110.7734375,3411.070068359375,552.340192195133,43571001579.0,20948749980.0,62700100.0
2024-08-31,79594.6171875,3392.453125,,80189.421875,3416.8271484375,,79323.1640625,3365.879150390625,,79764.2578125,3408.015380859375,,16741584659.0,8971620898.0,
2024-09-01,77339.4765625,3275.553466796875,,79719.03125,3395.252197265625,,77175.1171875,3239.740234375,,79594.484375,3392.494384765625,,33178387472.0,15920320222.0,
2024-09-02,79791.2109375,3426.09619140625,,80203.9453125,3458.89208984375,,77058.328125,3273.1162109375,,77341.4765625,3275.649169921875,,36494347046.0,16900346022.0,
2024-09-03,77785.7265625,3278.513916015625,543.7808227539062,80752.296875,3446.3857421875,552.3795689772274,77777.796875,3277.527587890625,541.2494493044308,79782.71875,3426.059814453125,552.0446536071696,36118265389.0,15449598323.0,60600100.0
2024-09-04,78311.6640625,3308.23486328125,542.667724609375,79072.6484375,3364.666748046875,546.0953914408842,75452.7265625,3135.121826171875,541.200133008933,77784.8125,3277.95703125,541.9289991634373,48128150737.0,22572398103.0,47224900.0
2024-09-05,75814.1328125,3196.339111328125,541.347900390625,78756.390625,3330.02783203125,545.4749160649053,75231.4765625,3173.65966796875,538.875622679528,78311.890625,3308.248046875,542.6086874774144,41889482523.0,18403025350.0,44264300.0
2024-09-06,73265.1015625,3020.135498046875,532.2369384765625,77009.765625,3249.421875,543.3079617814396,71383.328125,2919.003173828125,531.3307853548916,75813.7265625,3196.289794921875,541.6729424455356,67035647947.0,35072481023.0,68493800.0
2024-09-07,73524.40625,3088.35107421875,,74472.9453125,3137.35986328125,,72981.703125,3017.723876953125,,73265.5546875,3020.20703125,,25886451777.0,15107774330.0,
2024-09-08,74383.1484375,3115.882568359375,,75033.203125,3164.587158203125,,72864.484375,3047.34375,,73535.6015625,3088.800048828125,,24777789890.0,14537725018.0,
2024-09-09,77342.4375,3199.092529296875,538.1959228515625,78680.3203125,3226.029296875,539.4764283569401,74075.28125,3084.76953125,534.5220142860865,74397.1484375,3116.701171875,536.4624310089539,46956678011.0,21550410923.0,40445800.0
2024-09-10,78462.4921875,3252.3271484375,540.5402221679688,78930.578125,3263.86962890625,540.8948561111164,76545.90625,3161.579833984375,535.2115751398666,77343.203125,3199.113525390625,540.1166934123364,39276533713.0,17415685430.0,36394600.0
2024-09-11,77874.890625,3177.621826171875,546.0856323242188,78731.7421875,3252.51416015625,547.0115041243425,75693.5,3104.513427734375,531.843041589141,78464.640625,3252.3583984375,540.4516474128231,50314479561.0,20853103512.0,75248600.0
2024-09-12,78908.0,3206.14208984375,550.6853637695312,79606.7265625,3245.957275390625,550.9907012109484,77857.140625,3148.269775390625,544.4307856896743,77874.8984375,3177.620849609375,546.6666805747274,45932311897.0,16510898206.0,51819600.0
2024-09-13,82343.65625,3319.242919921875,553.5615844726562,82460.0859375,3348.0576171875,554.5662705424778,78321.0234375,3174.884033203125,551.0400701220982,78912.4921875,3206.087158203125,551.2961712863778,44169248773.0,18705543775.0,39310500.0
2024-09-14,81585.9609375,3288.44384765625,,82471.9140625,3321.124755859375,,80869.609375,3243.296142578125,,82340.6875,3319.207275390625,,22336881533.0,11108737082.0,
2024-09-15,80367.328125,3151.662353515625,,82098.2734375,3304.470703125,,79716.5703125,3105.513427734375,,81579.9921875,3287.995361328125,,24607358809.0,13790620996.0,
2024-09-16,79066.859375,3118.629638671875,554.3790283203125,80398.125,3169.4560546875,554.6449286145531,78179.625,3059.7900390625,551.4832220184187,80370.578125,3151.65869140625,553.2955282065665,43523379799.0,22852222323.0,36656100.0
2024-09-17,81982.9453125,3183.298828125,554.6055297851562,83354.4453125,3251.940185546875,558.062774533223,78336.375,3077.06494140625,552.3597755455934,79066.859375,3118.630615234375,556.6049820887653,51759625413.0,20875889129.0,49321000.0
2024-09-18,83897.8125,3224.916748046875,552.960693359375,83917.3984375,3224.916748046875,560.1410836858305,80566.7890625,3095.394775390625,552.3992547567514,81983.578125,3183.3330078125,555.2654832884236,55783427750.0,24712296703.0,59044900.0
2024-09-19,85370.171875,3343.10107421875,562.3966674804688,86540.3828125,3378.382568359375,564.268129589741,84080.7109375,3224.434814453125,559.5402980876692,83899.828125,3224.434814453125,562.4262453589706,57930649020.0,25007482926.0,75315500.0
2024-09-20,85838.1796875,3478.832275390625,561.4244995117188,86928.1328125,3490.852294921875,562.4717649737814,84617.609375,3308.967529296875,558.3814778607674,85371.484375,3343.14208984375,561.0194507348042,47782901021.0,25961856422.0,77503100.0
2024-09-21,86112.3828125,3553.24951171875,,86314.125,3561.080810546875,,85281.4296875,3437.257568359375,,85826.453125,3478.57080078125,,19571943842.0,14667225618.0,
2024-09-22,86346.15625,3503.924072265625,,86820.8359375,3575.230712890625,,84698.84375,3429.859375,,86115.046875,3553.2373046875,,27380831902.0,17880953343.0,
2024-09-23,85684.90625,3583.469970703125,562.827392578125,87757.6640625,3648.823974609375,563.4794987580368,84969.328125,3448.876708984375,561.2762433950409,86338.546875,3503.80517578125,562.5013997902016,42484429179.0,26941974926.0,44116900.0
2024-09-24,86298.703125,3562.369873046875,564.4378051757812,86863.03125,3586.588623046875,564.4970820723543,84855.6171875,3495.46533203125,560.7822357483631,85680.8984375,3583.38330078125,563.6276473879294,40179790655.0,22357542377.0,46805700.0
2024-09-25,85142.7265625,3478.068115234375,563.1929321289062,87004.0625,3587.945556640625,565.0207470003917,84860.25,3448.9072265625,562.0765003209592,86299.546875,3562.37890625,564.2797556394728,33815885117.0,19039156838.0,38428600.0
2024-09-26,87841.0703125,3547.279052734375,565.4258422851562,88660.9921875,3592.7451171875,567.8069284900345,84445.2734375,3449.115966796875,563.0547059162656,85136.5234375,3477.83740234375,567.4808753798238,49691999692.0,23362871002.0,48336000.0
2024-09-27,88958.84375,3645.261962890625,564.6057739257812,89612.7890625,3687.24267578125,567.3227423718845,87475.0078125,3529.795654296875,563.5683980340395,87840.59375,3547.335693359375,566.5027553128888,43348324606.0,23017676891.0,42100900.0
2024-09-28,89103.1640625,3620.969970703125,,89600.671875,3658.010498046875,,88522.171875,3586.770751953125,,88960.8984375,3645.1474609375,,20614733828.0,13865090842.0,
2024-09-29,88673.171875,3592.772216796875,,89320.46875,3628.957763671875,,88511.328125,3564.2333984375,,89104.84375,3621.091064453125,,19978848314.0,15031495119.0,
2024-09-30,85657.8984375,3520.83740234375,566.8682861328125,88672.828125,3597.70166015625,567.4808341729492,85046.5,3487.478515625,561.2565187412819,88672.296875,3592.69921875,563.5683780406285,50198058456.0,24111606265.0,63557400.0
2024-10-01,82098.8125,3304.789794921875,561.7900390625,86737.9921875,3592.716064453125,567.1646991347823,81222.421875,3259.02783203125,559.2015139106102,85666.15625,3521.110107421875,566.5126532309621,67772533612.0,34388154935.0,72668800.0
2024-10-02,81898.34375,3194.782470703125,562.0271606445312,84094.578125,3367.077880859375,563.0547073454915,80992.15625,3178.957763671875,558.4803154651253,82097.890625,3304.73046875,560.8910099759402,55059309736.0,27214794019.0,38097800.0
2024-10-03,82322.0,3183.69677734375,560.9996337890625,83121.5078125,3249.667236328125,562.9558317101478,81026.5,3129.732666015625,558.6976037139259,81897.9375,3194.7578125,560.5451373731803,48920083821.0,24457635841.0,40846500.0
2024-10-04,84296.9453125,3279.65234375,566.09765625,84811.828125,3314.466552734375,566.4730967206212,81909.375,3169.9892578125,561.2762673344769,82315.53125,3183.617919921875,565.475218643551,40181509494.0,20208272513.0,42939100.0
2024-10-05,84327.4609375,3280.790283203125,,84709.203125,3296.932861328125,,83783.703125,3247.12548828125,,84297.125,3279.724853515625,,18070743608.0,11072955096.0,
2024-10-06,85317.9375,3313.84326171875,,85426.6875,3336.472900390625,,83978.6953125,3269.2021484375,,84320.7265625,3280.654296875,,20068430412.0,11488220855.0,
2024-10-07,84771.8046875,3298.7001953125,560.9798583984375,87697.1875,3429.8544921875,565.0899243287395,84676.203125,3276.73828125,559.8239287376792,85318.1484375,3313.825439453125,564.4378181494166,46656366589.0,23719460930.0,49964700.0
2024-10-08,84839.3359375,3331.529541015625,566.285400390625,86227.5546875,3363.009033203125,566.888119257035,84465.0078125,3282.66259765625,562.6891677707054,84751.359375,3298.951171875,563.5684317818234,38416781793.0,19208559534.0,37398700.0
2024-10-09,83060.0625,3246.994873046875,570.2077026367188,85348.1875,3374.95849609375,570.7708633231716,82700.6875,3223.5380859375,565.6728088468782,84839.0078125,3331.5283203125,566.2754673649648,37937829963.0,20502492048.0,37912200.0
2024-10-10,82855.015625,3276.917724609375,569.2098388671875,84198.109375,3324.714111328125,570.6424343017676,81013.3046875,3204.7353515625,567.5895231990827,83059.828125,3246.98046875,568.8541774674673,41861290212.0,21069981737.0,44138100.0
2024-10-11,85990.0078125,3355.200927734375,572.618408203125,87257.984375,3400.623291015625,573.3593995994619,82573.2109375,3273.70556640625,568.9924468862521,82856.3359375,3277.03076171875,569.1307797527231,41761990332.0,18575112227.0,42268000.0
2024-10-12,87019.953125,3410.296142578125,,87372.1484375,3426.427734375,,85987.5078125,3350.388427734375,,85989.359375,3355.203857421875,,23057477895.0,12905945575.0,
2024-10-13,86525.9140625,3397.189208984375,,87129.609375,3420.7705078125,,85371.453125,3356.07275390625,,87019.84375,3410.292236328125,,25024550686.0,12650941979.0,
2024-10-14,91173.578125,3629.07275390625,577.3014526367188,91749.5625,3661.12548828125,578.2400537803853,86046.2265625,3369.2978515625,573.7545473576104,86521.8203125,3397.1484375,574.2386520785454,60335401369.0,29589579213.0,36217200.0
2024-10-15,92388.34375,3591.319580078125,572.8159790039062,93776.7109375,3709.4853515625,577.8744751013033,89439.21875,3502.45751953125,571.5908226582608,91179.4296875,3629.235107421875,577.5682010903995,67338567500.0,30323080399.0,54203600.0
2024-10-16,93010.5625,3591.928466796875,575.3057250976562,94246.109375,3643.564453125,575.829387978223,92033.6484375,3570.03466796875,572.0058770840247,92390.2109375,3591.31640625,572.8160349375962,52542715945.0,23402881973.0,30725400.0
2024-10-17,92986.8359375,3592.933837890625,575.3550415039062,93395.0390625,3642.842529296875,579.0797772037582,91858.234375,3554.267333984375,575.1673212890112,93016.5546875,3592.052490234375,578.8722779234968,45239307312.0,20902377239.0,34393700.0
2024-10-18,94503.453125,3648.64404296875,577.5682373046875,95250.8046875,3693.446533203125,578.3586160628329,92689.8046875,3581.82373046875,575.5823707247497,93013.421875,3593.68017578125,577.0544639759777,50908959176.0,23541664013.0,37416800.0
2024-10-19,94426.0234375,3658.457275390625,,94840.8125,3676.445556640625,,93959.03125,3634.976318359375,,94503.7109375,3648.5556640625,,19950081485.0,11820508976.0,
2024-10-20,95224.9921875,3790.087158203125,,95723.3125,3804.52783203125,,94002.6171875,3638.252685546875,,94428.0234375,3658.469482421875,,26187394073.0,20092384688.0,
2024-10-21,93198.1015625,3687.802001953125,576.6196899414062,95896.015625,3818.228515625,577.8250068762592,92444.265625,3676.581787109375,573.6260560653888,95225.3984375,3790.0068359375,576.837018450172,51876367008.0,23972770395.0,36439000.0
2024-10-22,93081.0,3620.62841796875,576.3134155273438,93699.0703125,3693.60400390625,577.4792346330456,92101.9375,3603.174560546875,573.4087271446533,93188.2109375,3687.7255859375,574.0706625050883,43953424519.0,21476045851.0,34183800.0
2024-10-23,91930.9375,3472.168701171875,571.0474853515625,93138.125,3626.5048828125,574.7228340694738,90281.90625,3402.0625,567.5203590351447,93082.3359375,3620.477783203125,574.2782271670283,44647896196.0,24738725408.0,49314600.0
2024-10-24,94430.1875,3511.289306640625,572.2824096679688,95312.5703125,3537.4970703125,573.092567418402,91941.375,3475.32568359375,569.6444974392598,92237.4609375,3492.245361328125,573.013511459279,43521486619.0,22344568421.0,34979900.0
2024-10-25,92582.96875,3384.121337890625,572.0848388671875,95285.265625,3556.5400390625,577.4397799503068,91026.1484375,3308.430419921875,571.1364085012576,94436.0703125,3511.228515625,574.5252018172647,57612175697.0,31341803804.0,47268200.0
2024-10-26,93100.171875,3444.788818359375,,93521.4140625,3477.61279296875,,92191.4609375,3372.3505859375,,92563.9765625,3384.282470703125,,27212765364.0,18889774209.0,
2024-10-27,94396.65625,3482.332763671875,,94791.3984375,3506.140869140625,,92867.5078125,3420.711181640625,,93112.3671875,3445.252685546875,,23236447788.0,13620377317.0,
2024-10-28,97093.1328125,3562.94775390625,573.8533935546875,97559.8046875,3595.22900390625,575.7108168113346,93872.140625,3434.79931640625,573.5471195231146,94387.453125,3481.84619140625,575.5823734785425,53888150915.0,26349516228.0,30174700.0
2024-10-29,101196.0234375,3670.915771484375,574.7821044921875,102423.890625,3730.3544921875,575.9083655831134,96849.625,3555.861572265625,571.4821962800153,97096.3125,3563.044677734375,572.885123103402,81465408871.0,30873267387.0,42899700.0
2024-10-30,100613.453125,3696.006591796875,573.043212890625,101379.921875,3785.051025390625,576.3134523756352,99427.2734375,3618.238525390625,572.3318298218145,101188.8828125,3670.47412109375,574.3078067989089,56533376228.0,31130965425.0,41435800.0
2024-10-31,97844.5078125,3505.753662109375,561.809814453125,101174.78125,3712.2958984375,568.715844657544,96966.359375,3486.208740234375,561.6122046859157,100607.1953125,3695.784912109375,568.646678223919,56614792339.0,27536031844.0,60182500.0
2024-11-01,97042.34375,3508.21240234375,564.180908203125,99567.21875,3594.1865234375,568.6367458037868,95813.6328125,3437.798095703125,563.7659699347041,97846.8984375,3505.8525390625,564.4575739167589,69817997748.0,28233790863.0,45667500.0
2024-11-02,96779.796875,3479.400146484375,,97587.2265625,3523.107177734375,,96422.8515625,3452.703857421875,,97047.3046875,3508.6630859375,,25399356939.0,13463912178.0,
2024-11-03,95696.5,3419.66064453125,,96880.8984375,3485.5009765625,,94256.21875,3362.4296875,,96789.71875,3479.43603515625,,48541182268.0,21811570494.0,
2024-11-04,94267.4921875,3332.202392578125,562.9656982421875,96562.109375,3460.00146484375,565.6233895940205,92876.109375,3280.48583984375,561.0687772961523,95697.921875,3419.201416015625,564.319237599237,57252664769.0,23785574396.0,38217000.0
2024-11-05,95956.6015625,3351.655029296875,569.7730102539062,97701.0703125,3435.8193359375,569.8125080872711,93803.78125,3310.3046875,563.6672482360568,94267.0234375,3332.21630859375,563.884576772617,63704305620.0,24755820133.0,39478300.0
2024-11-06,105503.2734375,3799.7392578125,583.940673828125,106573.375,3825.8408203125,584.8199980241973,95920.0625,3350.49609375,578.3585752472569,95955.1328125,3351.5009765625,582.1228088428832,165415998564.0,58425835912.0,68182000.0
2024-11-07,105267.7421875,4015.7080078125,588.4558715820312,106541.671875,4046.4013671875,589.4834183123661,103486.8203125,3766.409423828125,585.8772358260113,105500.5,3799.511474609375,585.9562917980459,88019355710.0,49027938597.0,47233200.0
2024-11-08,106512.953125,4122.03271484375,591.0048828125,107518.75,4152.71337890625,592.4374782938615,105012.9375,4011.3701171875,589.0091266121742,105264.9296875,4015.72509765625,589.0091266121742,76778542734.0,44949955519.0,46444900.0
2024-11-09,106810.921875,4355.8916015625,,107025.015625,4390.97900390625,,105412.703125,4113.88427734375,,106527.8671875,4122.720703125,,40356538604.0,40635676645.0,
2024-11-10,111946.03125,4439.3974609375,,113329.9453125,4517.54296875,,106514.0,4272.5224609375,,106806.296875,4355.31396484375,,114862302589.0,65963247188.0,
2024-11-11,123478.859375,4697.982421875,591.5680541992188,124776.953125,4719.05517578125,592.9610915697506,111680.8984375,4327.8818359375,589.8291846430673,111942.171875,4439.85009765625,592.6054301520026,164218341904.0,77145528241.0,37586800.0
2024-11-12,122658.7734375,4527.06787109375,589.7303466796875,125487.78125,4805.23193359375,592.0915933127267,118621.0703125,4473.19970703125,587.2307068852001,123484.53125,4698.45849609375,591.4889348135927,186414080119.0,79051570167.0,43006100.0
2024-11-13,126751.6171875,4467.30078125,590.0169067382812,130583.8515625,4665.01708984375,592.0323817472178,120382.765625,4356.93115234375,587.8137114857154,122622.734375,4524.677734375,590.1947374477135,172892317367.0,72776268494.0,47388600.0
2024-11-14,122690.59375,4301.4599609375,586.2229614257812,128557.203125,4540.64013671875,590.6294119127012,121941.0546875,4266.63330078125,585.5314177067058,126738.625,4467.19482421875,590.1453071885351,123205647136.0,50261908604.0,38904100.0
2024-11-15,128398.515625,4375.1318359375,578.7142944335938,129548.7109375,4397.03271484375,583.1108555511576,122512.859375,4252.6787109375,576.8469815975038,122738.0546875,4302.27197265625,582.6365800407317,110318872265.0,46107296451.0,75988800.0
2024-11-16,127701.03125,4418.38623046875,,129400.9296875,4537.9892578125,,127046.375,4333.79443359375,,128396.203125,4356.37890625,,62516451846.0,37581426572.0,
2024-11-17,126561.359375,4332.53076171875,,128934.3046875,4456.2890625,,125043.3984375,4285.7939453125,,127701.015625,4418.43212890625,,65291151906.0,39932640126.0,
2024-11-18,126965.6875,4498.296875,581.08544921875,130102.65625,4521.1494140625,582.4093200141474,125895.2265625,4303.21875,578.3092039992318,126558.3515625,4332.6171875,579.1785783846396,105921929006.0,49704419302.0,37001700.0
2024-11-19,128873.609375,4342.20068359375,583.2095947265625,131311.203125,4517.591796875,583.9406965622665,126788.21875,4286.3798828125,577.0149478875358,126957.5078125,4498.84912109375,577.6867728258052,104000457185.0,41621416859.0,49412000.0
2024-11-20,131781.890625,4291.5087890625,583.4072265625,132906.875,4418.73095703125,583.69372152727,127895.78125,4242.61181640625,577.6077387195638,128870.9609375,4341.828125,583.2886727631445,100200255722.0,41607054825.0,50032600.0
2024-11-21,137763.78125,4700.60205078125,586.5391845703125,138302.0625,4731.15478515625,587.9717801234177,131506.828125,4241.10791015625,580.3939243259281,131775.125,4291.3232421875,586.272468649473,148280572282.0,72191849437.0,46750300.0
2024-11-22,138918.46875,4675.06884765625,588.3569946289062,139331.25,4790.94091796875,588.9893216912529,135941.109375,4563.35791015625,586.0253564262839,137752.1875,4700.04296875,586.5291798676253,110118051908.0,51605524097.0,38226400.0
2024-11-23,137205.96875,4765.75048828125,,138942.34375,4910.4921875,,136442.0625,4637.99072265625,,138931.21875,4675.1318359375,,62324850143.0,54495472913.0,
2024-11-24,136569.21875,4686.8125,,138426.65625,4843.74169921875,,134414.625,4614.49072265625,,137207.109375,4766.83935546875,,72053823039.0,38876965513.0,
2024-11-25,131266.875,4812.8271484375,590.352783203125,138114.0,4958.4091796875,593.6427414118231,129596.78125,4603.19775390625,588.0507531687203,136596.5625,4688.12451171875,592.3188706226857,114075950263.0,72674087484.0,42441400.0
2024-11-26,129267.9765625,4674.79150390625,593.435302734375,133977.125,4890.92138671875,594.107127662382,127709.09375,4586.2626953125,590.8862755795608,131245.703125,4811.9912109375,591.6074878710035,128805915575.0,56076067437.0,45621300.0
2024-11-27,134600.78125,5129.80029296875,591.63720703125,136622.078125,5170.91943359375,593.6329029196354,128972.609375,4641.2421875,590.1058368216852,129257.890625,4674.10546875,593.2476332102867,99774554594.0,60852072409.0,34000200.0
2024-11-28,133992.84375,5014.70751953125,,135442.890625,5135.64892578125,,132624.03125,4947.87548828125,,134590.140625,5128.9033203125,,73207387372.0,45334675047.0,
2024-11-29,136597.203125,5036.4619140625,595.3125,138343.15625,5113.64697265625,596.1028787945397,133683.234375,4949.88720703125,592.1805931218427,133994.921875,5014.84619140625,592.4571985640151,77041356925.0,38714496356.0,30177400.0
2024-11-30,135149.234375,5192.61962890625,,136650.203125,5240.58349609375,,134722.09375,5005.62109375,,136607.421875,5036.607421875,,44327461798.0,42977552995.0,
2024-12-01,136329.359375,5200.88232421875,,137000.015625,5251.12158203125,,134197.96875,5133.10693359375,,135166.453125,5193.90087890625,,51278749249.0,39265004572.0,
2024-12-02,134660.640625,5118.95458984375,596.3795166015625,137734.984375,5279.9287109375,597.0612310941011,132805.390625,5000.08447265625,595.2334161464374,136324.0625,5199.94384765625,595.7274104076383,102093680182.0,66420531956.0,31746000.0
2024-12-03,135032.03125,5092.71923828125,596.6561279296875,135378.546875,5154.45654296875,596.9031250627299,131357.78125,4916.26123046875,595.1050389999714,134645.609375,5118.3134765625,596.1424148983427,94334363643.0,51817136203.0,26906600.0
2024-12-04,138991.609375,5405.69775390625,600.3610229492188,139490.15625,5478.2509765625,600.6080200567633,133234.6875,5088.5458984375,597.6836128967337,135012.859375,5091.77099609375,598.3554377930116,108639133832.0,79931215011.0,42787600.0
2024-12-05,135418.875,5342.82373046875,599.3731079101562,146174.984375,5547.328125,601.1712543095007,129010.9921875,5165.30517578125,599.0174465042294,138953.640625,5405.01318359375,600.3610964613101,209196754661.0,84913420585.0,28762200.0
2024-12-06,141472.75,5671.626953125,600.50927734375,144396.4375,5794.4580078125,601.7541524804552,135361.15625,5305.1728515625,599.7287881510366,136092.71875,5316.4677734375,600.1437264292612,133847057868.0,74832866639.0,31241500.0
2024-12-07,141506.4375,5668.4130859375,,142412.828125,5706.3095703125,,140242.59375,5628.02978515625,,141467.078125,5671.935546875,,62561982057.0,31969071849.0,
2024-12-08,143231.34375,5667.375,,143488.59375,5685.771484375,,139875.28125,5562.43017578125,,141504.421875,5675.4912109375,,62430261093.0,29631237096.0,
2024-12-09,138110.390625,5271.22509765625,597.4168701171875,143282.96875,5671.72314453125,600.558666264525,133688.171875,4994.72607421875,596.8241011467584,143232.828125,5667.93701171875,600.3907251065754,156883348383.0,80839501795.0,34742700.0
2024-12-10,137038.875,5148.1787109375,595.5594482421875,139357.390625,5358.59423828125,598.5234137048745,133630.390625,4987.50537109375,594.8975128400896,138122.46875,5271.66455078125,598.0985858914665,148589281405.0,82806148193.0,37234500.0
2024-12-11,143150.734375,5423.09814453125,600.1635131835938,144328.171875,5451.88671875,601.1218330792508,135631.984375,5053.54736328125,598.2270340236872,137011.421875,5147.388671875,598.5036997474019,120821159832.0,50891558147.0,28677700.0
2024-12-12,142221.625,5520.236328125,597.071044921875,145437.21875,5651.12255859375,599.8670086682928,141155.015625,5376.50537109375,597.071044921875,143143.34375,5423.59326171875,599.2940188154165,102460735360.0,61088749124.0,31543800.0
2024-12-13,144472.90625,5569.36083984375,596.9525756835938,145018.34375,5650.97900390625,599.8374853272288,141275.140625,5485.1396484375,595.5693676109008,142226.8125,5520.13525390625,599.1162729918287,81015281517.0,49688917029.0,35904700.0
2024-12-14,144339.890625,5508.02880859375,,146113.90625,5614.63671875,,143287.796875,5448.7353515625,,144461.78125,5568.8515625,,57556244116.0,40944501927.0,
2024-12-15,148381.171875,5622.2529296875,,149466.375,5649.6943359375,,144132.109375,5456.33056640625,,144340.703125,5508.07958984375,,72763041623.0,35665441020.0,
2024-12-16,150931.1875,5676.099609375,599.5015258789062,153399.25,5844.65380859375,600.4796851568691,147216.140625,5533.759765625,597.9405474515993,148373.875,5621.84228515625,598.7210366652528,129565744353.0,66243577262.0,43695200.0
2024-12-17,151891.96875,5562.13720703125,597.0315551757812,154793.015625,5758.31005859375,597.900989889001,150730.390625,5509.29931640625,595.6484074425919,150932.5625,5675.89013671875,596.9327804455652,98154467647.0,50685754217.0,55773500.0
2024-12-18,144681.484375,5233.546875,579.2379150390625,152364.765625,5584.9814453125,599.1260676649564,144681.484375,5233.365234375,578.8525850593486,151901.5625,5562.310546875,596.7252628946356,135749826028.0,70787376236.0,108248700.0
2024-12-19,140417.390625,4922.88232421875,579.0601196289062,147486.75,5349.05419921875,585.877265387452,137477.171875,4792.03662109375,578.813122468119,144723.625,5234.68994140625,584.2569495401974,140029527003.0,84804404267.0,85919500.0
2024-12-20,140514.46875,4991.45166015625,586.01513671875,141177.578125,5018.05126953125,590.5751556827481,132610.859375,4458.2001953125,575.8640332815654,140408.375,4922.8857421875,576.716609074651,151838537125.0,95420179643.0,125716700.0
2024-12-21,139763.453125,4797.357421875,,143044.4375,5107.43115234375,,138616.015625,4734.51318359375,,140514.84375,4991.5029296875,,74414221008.0,45396320270.0,
2024-12-22,136574.484375,4706.671875,,139958.296875,4879.79248046875,,135356.765625,4624.45263671875,,139754.25,4797.0361328125,,61962227086.0,35586174618.0,
2024-12-23,136106.734375,4910.0205078125,589.5244140625,138806.5625,4974.5478515625,590.1291009674258,132834.484375,4620.72998046875,582.555448912475,136566.53125,4706.6416015625,585.7574336728889,93777804745.0,49586392193.0,57635800.0
2024-12-24,141753.140625,5016.50390625,596.0769653320312,142818.78125,5080.1435546875,596.1166566065269,134346.1875,4824.21484375,590.2975890385056,136104.015625,4909.95263671875,590.8824907923924,67682986701.0,33160857912.0,33160100.0
2024-12-25,142533.5625,5014.17236328125,,142814.78125,5076.70361328125,,139973.4375,4942.66943359375,,141752.875,5016.37158203125,,48373377949.0,25337410568.0,
2024-12-26,138041.921875,4800.31640625,596.1166381835938,143402.78125,5042.99365234375,597.2466898769559,136891.046875,4758.8115234375,592.8849456716348,142531.421875,5014.271484375,594.2925942579211,67806509768.0,32059107771.0,41219100.0
2024-12-27,135762.1875,4799.4658203125,589.8416137695312,140093.96875,4948.48876953125,592.5875722637912,134783.640625,4770.4384765625,585.628530262738,137911.4375,4800.068359375,592.349606135686,75576440659.0,34734103808.0,64969300.0
2024-12-28,137221.625,4899.60498046875,,137743.5625,4931.35400390625,,135563.90625,4784.43896484375,,135755.453125,4799.2607421875,,34761717607.0,20628029887.0,
2024-12-29,134712.25,4824.32763671875,,137237.421875,4912.216796875,,133792.234375,4784.69189453125,,137236.234375,4899.5478515625,,42684773001.0,19359033578.0,
2024-12-30,132949.03125,4816.6416015625,583.110595703125,136251.5625,4936.94580078125,586.6000397682428,131630.09375,4754.30322265625,579.3336924072994,134707.875,4824.43212890625,582.7835057007663,80633437517.0,38720326789.0,56578800.0
2024-12-31,134469.09375,4796.38623046875,580.9891357421875,138281.875,4956.75537109375,585.5095236812081,131899.84375,4753.4501953125,579.3435211584518,132949.09375,4816.64453125,584.7858235548729,62787958525.0,30002067059.0,57052700.0
2025-01-01,135734.15625,4820.86669921875,,136608.828125,4846.79541015625,,133546.421875,4764.3251953125,,134463.203125,4796.2060546875,,35248836034.0,20406768504.0,
2025-01-02,139563.125,4971.64501953125,579.5617065429688,140723.828125,5041.2587890625,585.9953233352497,135485.40625,4815.09765625,575.4576529464935,135729.171875,4820.734375,584.2704470278884,66275627295.0,32041313263.0,50204000.0
2025-01-03,141740.703125,5208.337890625,586.8081665039062,143021.84375,5240.18896484375,587.4524841165517,138255.75,4926.22265625,581.3360954279694,139555.703125,4972.06005859375,582.4265768189647,51449557383.0,31607228098.0,37888500.0
2025-01-04,141926.796875,5284.4716796875,,142646.5625,5301.07177734375,,140943.765625,5164.0087890625,,141740.078125,5208.61376953125,,32279483020.0,23203567394.0,
2025-01-05,141958.046875,5247.322265625,,142771.796875,5307.7412109375,,140562.28125,5193.32275390625,,141923.4375,5284.5244140625,,29636641219.0,18525821278.0,
2025-01-06,146390.796875,5289.85986328125,590.1885375976562,147240.734375,5375.62255859375,594.4908658796807,141263.75,5209.37158203125,588.4438157230102,141958.046875,5247.3369140625,591.0906669897693,74320295783.0,34380646377.0,47679400.0
2025-01-07,139238.1875,4857.93994140625,583.5170288085938,147348.25,5304.5263671875,592.5578055433604,138004.03125,4825.041015625,581.6831225375574,146635.6875,5289.47265625,592.2306550581247,84307345139.0,46308927649.0,60393100.0
2025-01-08,136645.5,4782.3134765625,584.3695068359375,139582.71875,4901.734375,585.4500653976103,133168.75,4617.9638671875,580.1167928192344,139240.28125,4857.9951171875,583.5863907900373,91835280868.0,49367870755.0,47304700.0
2025-01-09,133196.890625,4636.67236328125,,137070.46875,4824.166015625,,131266.0625,4546.32861328125,,136645.453125,4782.35693359375,,90412753949.0,41500841218.0,
2025-01-10,136654.296875,4714.9912109375,575.4476928710938,138054.765625,4784.11083984375,580.8602875756501,132871.59375,4603.48876953125,573.5245418299866,133211.953125,4636.767578125,580.7908883545033,89550757044.0,38245075112.0,73105000.0
2025-01-11,136389.515625,4733.80810546875,,136982.421875,4784.91650390625,,135341.640625,4644.72119140625,,136653.40625,4715.0380859375,,27202294264.0,16978481442.0,
2025-01-12,136209.34375,4708.015625,,137662.5625,4757.111328125,,135273.546875,4654.56494140625,,136388.265625,4733.7109375,,30106856117.0,16790746485.0,
2025-01-13,135769.875,4504.0419921875,576.3399047851562,138241.8125,4810.90966796875,576.6967632072416,128566.859375,4206.7109375,570.352331124668,136209.984375,4708.2236328125,570.7687264554227,104831922682.0,57331901400.0,47910100.0
2025-01-14,138545.65625,4626.63232421875,577.1329345703125,139950.59375,4678.91015625,579.9185236912625,135609.03125,4493.908203125,573.3262632797856,135773.4375,4504.287109375,579.2840683920101,77170238733.0,32791072463.0,48420600.0
2025-01-15,143966.15625,4942.6708984375,587.6310424804688,144283.53125,4976.416015625,588.7809399035968,138524.828125,4571.6328125,584.0821220198754,138545.65625,4626.63232421875,585.2023114906353,82803228211.0,37231298547.0,56900200.0
2025-01-16,143593.6875,4762.1513671875,586.5008544921875,144363.078125,4953.619140625,589.1872759074608,140115.21875,4699.41845703125,585.7969999803885,143967.3125,4942.337890625,589.0088467012978,77878931266.0,37994656653.0,43319700.0
2025-01-17,151360.28125,5033.8076171875,592.3892822265625,153117.59375,5099.16943359375,594.1537892227647,143874.953125,4760.66259765625,590.4363626944013,143980.6875,4761.92919921875,591.7746725476055,104163526940.0,40860690265.0,58070600.0
2025-01-18,151198.546875,4787.279296875,,152024.484375,5061.61865234375,,148131.484375,4678.01708984375,,150871.859375,5033.02001953125,,73052876339.0,46949159181.0,
2025-01-19,146283.125,4643.57666015625,,153802.515625,4987.72802734375,,144196.453125,4529.26708984375,,151203.203125,4786.7119140625,,111119941131.0,82834104246.0,
2025-01-20,145910.34375,4688.44287109375,,157643.515625,4976.12060546875,,143896.765625,4552.57421875,,146274.65625,4643.53271484375,,180612772758.0,74921577519.0,
2025-01-21,152224.25,4771.830078125,597.811767578125,153567.328125,4822.43994140625,597.8216903968008,144429.984375,4620.55615234375,593.4698083475514,145961.71875,4689.01611328125,595.4524359229735,127253166053.0,47044185239.0,42532900.0
2025-01-22,149229.640625,4664.9609375,601.1723022460938,152360.5,4819.2080078125,602.5403200370894,148577.5,4640.3125,600.1016664737954,152210.078125,4771.587890625,600.656799743693,77568578896.0,31919973360.0,48196000.0
2025-01-23,149473.9375,4794.65185546875,604.4535522460938,153653.5625,4812.31689453125,604.4535522460938,145710.28125,4581.4931640625,600.2603144924775,149236.265625,4665.32177734375,600.537850876753,149681472282.0,46612785977.0,41152100.0
2025-01-24,150379.265625,4748.05322265625,602.68896484375,153594.84375,4912.5048828125,605.4746144426255,147395.265625,4700.3203125,601.5291447490314,149481.84375,4794.78759765625,604.5130086851335,75158773115.0,36695944924.0,34604700.0
2025-01-25,150228.859375,4759.12060546875,,150988.0,4805.07080078125,,149376.296875,4692.9150390625,,150385.796875,4748.27783203125,,34272348832.0,19718283062.0,
2025-01-26,147724.28125,4655.66748046875,,151267.546875,4819.4375,,147444.421875,4651.58935546875,,150226.8125,4759.15234375,,32432079025.0,20819479317.0,
2025-01-27,147060.6875,4579.33984375,594.1636962890625,148474.109375,4675.71484375,594.4809239383382,140741.0625,4352.06103515625,589.4748017805242,147721.125,4655.26611328125,589.6433081706125,128216956658.0,56774987389.0,70361100.0
2025-01-28,145950.484375,4432.00537109375,599.26904296875,149199.15625,4641.6669921875,600.1116355041081,144362.53125,4376.5322265625,592.0621722182419,147071.8125,4579.57958984375,595.4028949130045,67954954666.0,29840701717.0,44433300.0
2025-01-29,149304.109375,4481.8623046875,596.58251953125,151074.4375,4583.064453125,598.882374668965,145880.40625,4411.853515625,594.0149903221018,145928.953125,4430.9501953125,598.4759021527152,68289107924.0,32721761783.0,37177400.0
2025-01-30,151797.796875,4707.16015625,599.784423828125,153355.828125,4732.89111328125,601.3308707916877,148863.34375,4456.49853515625,595.5019413509543,149312.921875,4482.28125,598.7138485875727,60750458575.0,28926655545.0,39281300.0
2025-01-31,148922.515625,4796.501953125,596.5924682617188,153528.90625,4979.86181640625,604.6617769781066,147447.296875,4655.30712890625,595.8291372870628,151801.078125,4707.28662109375,602.2231232896551,66506872570.0,43813812551.0,66566900.0
2025-02-01,146378.84375,4534.82958984375,,149432.515625,4841.81787109375,,145857.9375,4513.8740234375,,148919.265625,4797.3125,,40366991296.0,28965034669.0,
2025-02-02,143731.15625,4220.748046875,,147505.546875,4598.1845703125,,141880.234375,4063.222900390625,,146387.046875,4535.2412109375,,92827873422.0,61884835611.0,
2025-02-03,146246.703125,4160.1162109375,592.57763671875,147820.3125,4211.03662109375,595.0757062127931,134688.28125,3187.424072265625,585.3608436126516,143719.578125,4219.84423828125,587.5219003161839,166430943930.0,133336329595.0,65857200.0
2025-02-04,140339.96875,3921.833740234375,596.5527954101562,146852.59375,4167.51953125,597.0682373976618,137813.296875,3775.777587890625,592.0918837004701,146237.03125,4159.037109375,592.6370941417676,104678922543.0,69968326959.0,33457800.0
2025-02-05,138311.390625,3990.8896484375,598.9714965820312,141536.9375,4032.68994140625,599.1202178295435,137701.09375,3868.625244140625,593.3805336542929,140348.84375,3922.083984375,595.4226373258917,70326984252.0,45753943717.0,30653100.0
2025-02-06,138205.6875,3846.56396484375,601.0533447265625,142337.796875,4102.81298828125,601.1822203511523,136967.453125,3809.978759765625,597.3953946627929,138304.5,3990.71728515625,600.726194256066,64818776862.0,42209523856.0,35771500.0
2025-02-07,138012.453125,3749.1064453125,595.5515747070312,143150.421875,4000.151611328125,602.8476293093627,136692.484375,3665.422119140625,594.8377973519179,138188.546875,3847.2744140625,601.6184099530446,79696110030.0,42215747022.0,50788500.0
2025-02-08,137955.4375,3763.80615234375,,138520.734375,3811.242919921875,,136840.203125,3705.8544921875,,138018.4375,3750.237060546875,,32096595616.0,24392187306.0,
2025-02-09,138315.125,3767.7880859375,,139160.546875,3853.763916015625,,136021.515625,3632.688720703125,,137953.8125,3764.19189453125,,39750011877.0,25107522899.0,
2025-02-10,139710.546875,3815.7060546875,599.5960693359375,140984.375,3853.813232421875,600.2404474451814,136761.859375,3678.7333984375,597.5044119428333,138314.21875,3767.6865234375,598.7832453434885,57467099987.0,27837004060.0,26048700.0
2025-02-11,136790.90625,3718.5009765625,600.0521240234375,141169.671875,3905.084716796875,600.5973344853313,135537.25,3665.054931640625,597.197135580987,139711.375,3815.919677734375,597.3160883906734,53558875064.0,30225602052.0,30056700.0
2025-02-12,139981.671875,3913.90673828125,598.1190795898438,140396.203125,3997.80615234375,599.2987454315366,134849.46875,3654.5322265625,593.3112318639063,136788.421875,3718.56689453125,593.9952408058122,70559304130.0,38496070744.0,45076100.0
2025-02-13,137139.21875,3797.935302734375,604.4337158203125,140188.578125,3939.216552734375,604.6419134904336,135578.21875,3726.572998046875,597.9604684697639,139985.796875,3914.087890625,599.2293186121958,52723507197.0,27649584674.0,40921300.0
2025-02-14,138262.84375,3865.461669921875,604.4039916992188,139979.453125,3951.6640625,605.6827646257742,136415.34375,3783.46630859375,603.7794592105552,137138.515625,3797.98779296875,604.6418973129976,46364111059.0,25143500465.0,26910400.0
2025-02-15,138364.0625,3819.3330078125,,138923.703125,3883.31298828125,,137881.734375,3783.844482421875,,138262.015625,3865.4375,,24172171234.0,15318141297.0,
2025-02-16,136391.671875,3777.0107421875,,138570.015625,3862.632568359375,,136264.234375,3763.8896484375,,138364.25,3819.336669921875,,23451781569.0,15023433371.0,
2025-02-17,135860.09375,3891.387939453125,,137694.953125,4041.20263671875,,135107.734375,3740.08203125,,136397.3125,3776.88818359375,,38778482673.0,34287149858.0,
2025-02-18,135571.953125,3787.8291015625,606.1784057617188,137305.015625,3908.42919921875,606.1784057617188,132533.234375,3700.0908203125,603.0954346706795,135860.71875,3891.13720703125,605.5737189248886,52965719925.0,32643215062.0,26749000.0
2025-02-19,137624.0,3867.676025390625,607.6058959960938,137905.234375,3885.878662109375,607.9032780036847,134875.765625,3770.074462890625,604.2651736833511,135562.0,3787.651123046875,604.7806761664997,41287467550.0,21750252260.0,31011100.0
2025-02-20,139392.296875,3884.607421875,605.078125,139986.6875,3934.072021484375,606.3668208452111,137247.953125,3843.7275390625,601.7473251371486,137619.8125,3867.55029296875,606.2280223913441,44890688998.0,22563351777.0,36554000.0
2025-02-21,136839.515625,3786.152587890625,594.7288208007812,141061.84375,4031.549560546875,604.9988175447472,134966.75,3724.3212890625,594.2628718387027,139401.828125,3884.091064453125,604.8600190875328,70620474095.0,44758582374.0,76519800.0
2025-02-22,137492.9375,3935.01025390625,,138023.09375,3982.031494140625,,136336.328125,3777.9130859375,,136851.84375,3786.69384765625,,26129422216.0,23352364994.0,
2025-02-23,136812.75,4009.3017578125,,137626.90625,4050.694580078125,,135631.78125,3910.4443359375,,137492.984375,3935.0126953125,,24157585584.0,29123241804.0,
2025-02-24,130530.6171875,3589.3369140625,592.0225219726562,137139.90625,4034.114013671875,597.7919754098276,130464.3203125,3535.257568359375,591.3087445913096,136818.5,4008.08837890625,596.7907388152252,62891370805.0,41589268043.0,50737200.0
2025-02-25,126910.4765625,3566.3359375,589.0783081054688,131797.015625,3621.082275390625,592.6966277098621,122858.4609375,3317.340087890625,584.4389667405298,130557.6640625,3589.8935546875,591.9630651720931,131777346723.0,57272059010.0,58266500.0
2025-02-26,120944.4296875,3343.048828125,589.3756103515625,127868.359375,3584.562744140625,594.3718699950479,117814.765625,3234.781494140625,586.7188969640674,126771.34375,3566.034423828125,590.7535508805387,92625762594.0,41317728790.0,43321600.0
2025-02-27,122368.3828125,3330.629638671875,579.9680786132812,124744.59375,3409.780029296875,592.8254489982988,120109.4609375,3222.346435546875,579.571589429075,120557.0546875,3343.131591796875,591.665568384651,76074942814.0,35085199687.0,74196700.0
2025-02-28,122058.21875,3237.465576171875,589.018798828125,122816.171875,3337.230224609375,589.5540864732496,113001.84375,2999.820556640625,577.3807850421597,122370.40625,3330.739013671875,580.4736791128596,120955231924.0,51700239786.0,88744100.0
2025-03-01,124458.0625,3206.70703125,,125167.4921875,3298.178466796875,,121220.9296875,3101.747802734375,,122059.453125,3237.51904296875,,42228622570.0,23342071331.0,
2025-03-02,136133.453125,3639.47705078125,,137494.578125,3680.8896484375,,123023.421875,3146.928955078125,,124464.3515625,3206.53125,,84351264654.0,50343815840.0,
2025-03-03,124748.7421875,3109.923583984375,578.69921875,136395.453125,3643.264404296875,592.1513529367862,123220.703125,3048.08984375,574.8628395664972,136133.546875,3639.24072265625,591.0013951605243,101566892374.0,45619669046.0,74249200.0
2025-03-04,125591.40625,3124.609130859375,571.8492431640625,127888.640625,3193.73046875,580.3051786101872,118181.6875,2898.475830078125,567.2793012349447,124746.421875,3110.0380859375,574.6745236933907,98050474389.0,48864137565.0,109648200.0
2025-03-05,129958.5390625,3215.10302734375,577.995361328125,130463.0859375,3271.0029296875,579.7995595159383,124518.171875,3107.566650390625,568.1020700009266,125592.5078125,3124.568115234375,571.6806979232716,72417972783.0,31700251591.0,71230500.0
2025-03-06,128588.140625,3148.143310546875,567.7352905273438,133058.71875,3325.425048828125,575.1304520011837,125771.9296875,3117.832275390625,565.1677614238747,129956.8125,3215.001708984375,570.481188331108,68251907866.0,26456215556.0,80094900.0
2025-03-07,124679.5859375,3074.4736328125,570.9173583984375,130303.0703125,3234.113525390625,572.374620972555,121125.609375,3007.45263671875,560.7167623995564,128590.3671875,3148.173828125,565.9410048616534,94787019781.0,32233713372.0,81158800.0
2025-03-08,123834.3046875,3164.3408203125,,124829.921875,3208.635498046875,,122513.421875,3029.121337890625,,124679.5546875,3075.638427734375,,26168563824.0,15139901940.0,
2025-03-09,115854.7265625,2897.0625,,124280.6328125,3176.994384765625,,115104.3515625,2863.387939453125,,123833.890625,3164.6259765625,,44414256418.0,23147597722.0,
2025-03-10,113297.4921875,2685.068115234375,555.710693359375,120583.796875,3089.005615234375,564.5928260670291,112014.203125,2621.9677734375,550.7640472991095,115849.1328125,2896.949462890625,562.6598126082816,77993515647.0,50501529315.0,99326600.0
2025-03-11,119616.984375,2771.4208984375,551.0911254882812,120230.9453125,2827.015380859375,559.1208032031337,110590.5546875,2541.5390625,547.2250381485285,113285.7578125,2683.08642578125,554.5409384975098,78967101177.0,44603828388.0,88102100.0
2025-03-12,120222.8828125,2741.243896484375,554.0155029296875,121501.234375,2821.515380859375,558.2186634905289,116140.2421875,2638.686279296875,548.8805050365849,119610.0078125,2771.160888671875,557.2868261582678,57946433425.0,32882117490.0,69588200.0
2025-03-13,116956.5546875,2687.74365234375,546.6302490234375,121138.578125,2762.44677734375,554.2534547102391,115459.484375,2634.03515625,544.9053726595178,120226.5546875,2741.290771484375,553.6388449829802,45320077018.0,25936102866.0,74079400.0
2025-03-14,120793.75,2746.864501953125,557.9212646484375,122664.375,2796.31982421875,558.9324239905063,116579.1640625,2685.761962890625,546.6995862320014,116956.9765625,2687.784423828125,551.2794507149214,42563979113.0,17439132069.0,62660300.0
2025-03-15,121365.515625,2787.81396484375,,121839.7421875,2813.490234375,,120319.7421875,2741.150390625,,120792.75,2746.95166015625,,19642374423.0,9290558502.0,
2025-03-16,118699.390625,2712.98388671875,,122385.0,2792.24560546875,,117819.4609375,2678.560546875,,121351.4296875,2787.7998046875,,30659959705.0,13357680460.0,
2025-03-17,120219.4921875,2755.413818359375,562.2235717773438,121006.7421875,2787.59716796875,564.7613323506962,118151.203125,2703.94091796875,557.4652177604464,118694.5625,2713.00439453125,557.9013981951625,35880073698.0,14923670248.0,49008700.0
2025-03-18,118288.6953125,2763.566162109375,556.1468505859375,120219.53125,2766.78369140625,560.1121055231899,116000.4453125,2675.328369140625,554.203853884888,120219.53125,2755.417724609375,559.8939850390469,34457319106.0,14544460549.0,66041400.0
2025-03-19,124404.4375,2947.38818359375,562.2037353515625,124613.1171875,2962.441650390625,565.9905608911315,118138.9453125,2758.091064453125,556.7515100807932,118289.1328125,2763.56787109375,557.9410986045036,50034304227.0,28740117282.0,66556000.0
2025-03-20,120573.0390625,2839.44140625,560.5780029296875,125238.171875,2961.095703125,565.6138937221895,119878.390625,2798.472412109375,557.7130916703615,124431.2578125,2947.677490234375,558.4367918514132,41585245904.0,18935147883.0,62958200.0
2025-03-21,121219.7734375,2833.997802734375,560.762939453125,121379.8125,2857.27294921875,561.6677826377718,119481.4765625,2782.94970703125,554.8469278493619,120569.2421875,2839.087646484375,556.0897976294804,27448572874.0,14002514787.0,83763000.0
2025-03-22,120452.4765625,2844.964599609375,,121898.5859375,2882.560302734375,,120688.3203125,2833.166259765625,,121224.1171875,2834.1318359375,,14171696706.0,8789101138.0,
2025-03-23,123347.328125,2874.32568359375,,123405.2421875,2913.387451171875,,120398.484375,2852.549072265625,,120451.6328125,2844.88671875,,18052681099.0,10782258454.0,
2025-03-24,125270.703125,2974.29150390625,570.8053588867188,126998.7421875,3009.49365234375,571.86926269199,122662.3984375,2837.462158203125,566.9474862667257,123371.0546875,2874.926513671875,567.5440394813636,49511327578.0,20107862322.0,58766800.0
2025-03-25,124853.34375,2951.437744140625,572.177490234375,126437.2109375,3002.874755859375,573.1220227068575,123630.3125,2918.931396484375,570.4175672260229,125290.6171875,2975.8505859375,572.0183689196199,42829045834.0,16750974901.0,38355700.0
2025-03-26,124237.8515625,2872.4375,565.3466796875,125811.5546875,2968.29345703125,573.0425195248911,122728.9921875,2833.62841796875,563.9546412826954,124836.984375,2951.0732421875,571.9090077398645,38177439418.0,18840676251.0,51848300.0
2025-03-27,124728.203125,2864.86279296875,563.8452758789062,125221.3515625,2906.8466796875,567.6434930945948,122968.8515625,2847.544921875,561.717468314772,124231.234375,2872.08203125,563.944681183511,34929452912.0,16587019585.0,42164200.0
2025-03-28,121312.484375,2726.017578125,552.4904174804688,125233.6875,2884.6513671875,563.0399428035041,119514.5859375,2662.257080078125,551.903816900767,124739.8359375,2864.93896484375,562.304173568215,49182744647.0,26117561183.0,71662700.0
2025-03-29,118787.71875,2627.960693359375,,121620.5078125,2749.600341796875,,117402.140625,2587.520751953125,,121310.9296875,2726.084716796875,,24404537052.0,17537911042.0,
2025-03-30,117821.1171875,2584.7080078125,,120092.71875,2657.08349609375,,116833.6875,2534.250244140625,,118786.8515625,2627.947265625,,21127015728.0,14102349873.0,
2025-03-31,118811.578125,2624.510986328125,556.1991577148438,120534.03125,2665.562255859375,557.5116354900671,116317.9765625,2553.7841796875,543.750554530121,117823.3125,2584.847900390625,546.6936920279248,41745408660.0,22690404084.0,95328200.0
2025-04-01,121751.2890625,2723.94384765625,557.7700805664062,122404.3984375,2757.2060546875,559.7288748312798,118628.21875,2620.186767578125,550.5216860996894,118815.90625,2624.629638671875,554.270200650382,40277740172.0,21444589618.0,54609600.0
2025-04-02,117295.3359375,2552.94970703125,561.2998657226562,126291.0078125,2785.407470703125,564.1832870343261,117394.7109375,2538.81640625,551.6452319792124,121767.6484375,2723.93408203125,551.8838532533371,67665395300.0,32128482022.0,76014500.0
2025-04-03,117034.9609375,2556.9892578125,533.6386108398438,119511.2578125,2627.849365234375,544.8442841383162,114043.90625,2459.54638671875,533.6386108398438,117297.8515625,2552.47021484375,542.0006124868958,51899382224.0,23168153974.0,125986000.0
2025-04-04,119297.15625,2582.94970703125,502.3977966308594,119886.546875,2591.745849609375,522.8703441644736,115948.53125,2499.52001953125,502.17905033414394,117031.328125,2556.95068359375,520.6828811973194,64252548368.0,25699119460.0,217965100.0
2025-04-05,118814.8046875,2569.62890625,,119813.9609375,2598.549072265625,,117211.1640625,2514.90673828125,,119298.4296875,2582.963623046875,,20461726446.0,9070259650.0,
2025-04-06,111378.671875,2245.2861328125,,119099.2578125,2583.290771484375,,109770.609375,2191.828857421875,,118814.390625,2569.614501953125,,51684452438.0,31548284971.0,
2025-04-07,112837.9296875,2214.796875,501.5029296875,115158.5703125,2319.72412109375,520.1857262659767,106028.5703125,2016.544921875,479.0517131179981,111388.4296875,2245.601806640625,486.3995737800916,129965541750.0,65613280043.0,256611400.0
2025-04-08,108722.6171875,2099.065673828125,493.64801025390625,114583.0546875,2292.88330078125,521.9854113898446,108662.0390625,2064.361572265625,486.36975741253633,112813.921875,2214.357177734375,518.8832132196871,68870516529.0,30384125954.0,165816600.0
2025-04-09,116468.90625,2352.737060546875,545.4906005859375,117690.21875,2376.86328125,545.4906005859375,106082.03125,1972.3170166015625,490.23757127668296,108724.9140625,2099.134521484375,490.62536123459006,118781636664.0,55364437209.0,241867300.0
2025-04-10,111134.2890625,2124.98095703125,521.5877685546875,116629.734375,2354.647216796875,530.4568711321452,109959.8046875,2065.966796875,506.4148031681469,116457.65625,2352.96533203125,529.1344405716377,62412958202.0,29839535110.0,162331200.0
2025-04-11,115628.296875,2172.6181640625,530.8943481445312,116863.8828125,2207.90576171875,533.3701351923651,110166.921875,2100.445556640625,517.1034690516782,111132.7578125,2124.9169921875,520.0267013859047,57750875261.0,20617573738.0,97866300.0
2025-04-12,118237.7890625,2278.505859375,,119026.7265625,2309.683349609375,,114747.328125,2144.433349609375,,115627.8515625,2172.62646484375,,33630160239.0,16790077936.0,
2025-04-13,116111.5703125,2215.3759765625,,119247.15625,2285.102294921875,,115081.2421875,2168.5537109375,,118227.1953125,2278.4677734375,,39955355682.0,19299750916.0,
2025-04-14,117505.8046875,2255.494384765625,536.0447387695312,118981.8203125,2341.72021484375,541.1753390049968,116119.421875,2213.127197265625,530.8147332303623,116124.8125,2215.64794921875,540.9466097072813,47382897276.0,22958886122.0,68034000.0
2025-04-15,116806.09375,2217.810302734375,534.5433349609375,119930.75,2302.177978515625,540.1312723398183,116669.9296875,2212.5693359375,533.7479104814203,117502.0546875,2255.4970703125,536.5915818220184,39145692763.0,18393590987.0,56892900.0
2025-04-16,116469.9296875,2187.235107421875,522.6615600585938,118587.2734375,2237.10400390625,534.8218402750512,115931.7578125,2140.27734375,517.3221958900297,116813.8046875,2218.36669921875,528.6472408418655,41049921086.0,21260531394.0,83484800.0
2025-04-17,117507.265625,2190.462158203125,523.4072265625,118259.375,2235.66552734375,528.1400842911512,116144.15625,2169.2265625,520.9214870568637,116465.5078125,2187.108642578125,524.6302516664327,29450076238.0,15657568995.0,79868100.0
2025-04-18,116891.3984375,2199.287841796875,,117783.125,2213.810302734375,,116681.1171875,2178.4970703125,,117513.4140625,2190.2529296875,,17617798411.0,9859902932.0,
2025-04-19,117739.3359375,2232.504638671875,,118478.859375,2254.828857421875,,116756.65625,2194.51025390625,,116891.4921875,2199.350341796875,,21120947056.0,9921678828.0,
2025-04-20,117759.6875,2194.854248046875,,118075.6328125,2240.136474609375,,116295.328125,2168.489013671875,,117743.0078125,2232.564453125,,20274120723.0,10566707451.0,
2025-04-21,121072.34375,2185.381103515625,510.94873046875,122050.609375,2285.68505859375,518.7241309058172,117688.875,2167.314697265625,505.55963388256157,117755.875,2194.78076171875,518.1871723342323,57266868566.0,21309365957.0,69368100.0
2025-04-22,129401.6015625,2433.614501953125,524.2424926757812,129789.6875,2452.026123046875,526.2807870532888,120526.3828125,2133.722900390625,516.2284704641588,121076.4453125,2185.49267578125,517.1730636694438,77410944920.0,32886947407.0,75948100.0
2025-04-23,130008.734375,2492.117919921875,532.3658447265625,130817.125,2531.92529296875,542.3187554782935,127559.890625,2415.968017578125,530.8346510289886,129381.7890625,2433.42724609375,537.3472764364299,57886444093.0,31780492359.0,90590700.0
2025-04-24,130168.046875,2452.27001953125,543.5715942382812,130297.328125,2499.0576171875,544.3073634486632,126984.8203125,2388.972900390625,532.3957187263146,129999.4140625,2491.94482421875,533.6584331737259,43622930301.0,21071301226.0,64150400.0
2025-04-25,131514.671875,2480.652587890625,547.4990234375,132731.15625,2531.013427734375,547.9066579905569,128823.875,2413.365234375,540.5886558742968,130182.5390625,2452.50830078125,543.5317931259866,56808754376.0,24241502931.0,61119600.0
2025-04-26,131431.453125,2529.955322265625,,132270.796875,2554.2314453125,,130432.078125,2473.84375,,131506.546875,2480.51171875,,24458049608.0,16561567402.0,
2025-04-27,130048.0078125,2486.895751953125,,132340.015625,2577.95068359375,,130068.453125,2479.992919921875,,131450.875,2530.364013671875,,25093275758.0,15704747933.0,
2025-04-28,131389.328125,2488.45068359375,547.7078247070312,132580.671875,2534.47119140625,550.3924355414467,128888.9453125,2420.93017578125,541.9111238077456,130048.640625,2486.314697265625,548.2447832861145,44770139779.0,23577405217.0,47613800.0
2025-04-29,130364.9453125,2487.669921875,551.1580200195312,132237.265625,2550.792236328125,552.2815790568998,129744.1953125,2464.939453125,545.4209141992505,131393.640625,2488.5341796875,545.7788460995639,35681413270.0,20372645624.0,47775100.0
2025-04-30,129949.09375,2474.32470703125,551.3768310546875,131729.90625,2512.540283203125,553.3455782199762,128693.953125,2403.01123046875,538.4311395978207,130367.2578125,2487.716064453125,544.4466177046888,39098509636.0,20429434969.0,93101500.0
2025-05-01,133595.484375,2546.437255859375,555.2843627929688,134769.171875,2590.51513671875,560.8524558505887,129875.0546875,2473.18408203125,554.6778569018302,129956.75,2474.691162109375,557.1735491438936,45517293826.0,21960468815.0,63186100.0
2025-05-02,133934.5625,2546.71435546875,563.527099609375,134825.234375,2578.822265625,565.1378539569648,133189.71875,2507.9228515625,559.1720791327064,133599.125,2546.37255859375,561.5086499974077,36516420999.0,18754656035.0,60717300.0
2025-05-03,132527.265625,2534.458251953125,,133981.296875,2554.36962890625,,132417.015625,2505.40185546875,,133927.046875,2546.728515625,,21802052814.0,11532450744.0,
2025-05-04,130372.5,2500.0107421875,,133117.5625,2556.9755859375,,130143.6328125,2494.1640625,,132507.0625,2534.192138671875,,25155956004.0,12328661303.0,
2025-05-05,130969.28125,2515.349609375,560.295654296875,131576.21875,2532.26416015625,563.4177577758883,129137.5390625,2461.28125,558.4959812674823,130377.4609375,2500.163818359375,559.3610137868201,35685558488.0,15743365935.0,38659200.0
2025-05-06,133316.171875,2499.73486328125,555.6124877929688,133421.234375,2520.36474609375,560.1365216016732,128781.6875,2417.471435546875,553.7830174830004,130969.75,2515.400146484375,554.747455291201,36566363966.0,18187987849.0,48264700.0
2025-05-07,134261.78125,2506.685791015625,557.9490966796875,134486.578125,2547.83056640625,560.6038493983164,132536.75,2473.843994140625,552.8681991631311,133313.03125,2499.640380859375,556.9548009077818,106521052448.0,69932282473.0,55588000.0
2025-05-08,143739.890625,3072.06201171875,561.8367919921875,144757.828125,3093.9990234375,567.0568450320475,134065.8125,2503.1123046875,558.4959726115572,134264.4375,2506.602294921875,562.0157579568283,97313204784.0,52596087454.0,65130800.0
2025-05-09,143518.4375,3269.114990234375,561.1209716796875,145122.96875,3459.996826171875,564.2629200033267,142496.484375,3044.662353515625,559.5499671743652,143736.640625,3071.52392578125,563.2487187713206,81115881479.0,61000096520.0,37603400.0
2025-05-10,145972.859375,3600.54296875,,146323.875,3621.625,,143371.40625,3234.98779296875,,143522.421875,3269.4677734375,,58944308486.0,42198249763.0,
2025-05-11,145006.09375,3496.422607421875,,146309.796875,3629.6015625,,144116.28125,3404.38330078125,,145979.46875,3600.944091796875,,64469477202.0,36905864371.0,
2025-05-12,143668.046875,3488.398681640625,579.66455078125,147352.625,3659.511474609375,579.6745034500635,141130.078125,3375.9912109375,573.7484781026347,145006.9375,3496.494140625,578.1532016097033,88384506567.0,44886218365.0,78993600.0
2025-05-13,145147.296875,3734.41748046875,583.4925537109375,146304.671875,3813.615478515625,585.7197665156716,141807.65625,3380.23876953125,579.5153706490559,143667.40625,3488.314453125,580.0820658308163,73303735342.0,46718009726.0,67947200.0
2025-05-14,144723.046875,3648.236572265625,584.23828125,145543.9375,3792.811279296875,585.6203062554047,143356.21875,3561.87158203125,582.1999263612488,145143.828125,3734.602294921875,584.4569971907843,64235466105.0,37184104022.0,66283500.0
2025-05-15,144791.625,3554.531005859375,587.0919189453125,145587.796875,3696.88525390625,587.5989588253952,142028.703125,3475.381103515625,581.7624473439984,144722.21875,3648.187255859375,582.2198452585625,70352464357.0,37176997041.0,71268100.0
2025-05-16,144548.671875,3542.57373046875,590.8106079101562,146272.65625,3693.532958984375,591.1088845286154,143921.4375,3536.60888671875,585.9186893064182,144779.078125,3554.81201171875,587.8774230068021,61996842987.0,29749249417.0,76052100.0
2025-05-17,144163.109375,3458.752685546875,,144897.765625,3544.646728515625,,143420.0,3421.472412109375,,144548.671875,3542.57373046875,,52946173109.0,26307438139.0,
2025-05-18,148526.03125,3485.830322265625,,148736.953125,3612.347900390625,,144095.375,3275.642333984375,,144157.34375,3458.773681640625,,69608343564.0,34890156629.0,
2025-05-19,147414.71875,3530.44091796875,591.4568481445312,149474.78125,3551.180419921875,592.1429146923263,142584.328125,3287.61962890625,584.7453513153635,148504.4375,3486.620849609375,584.7453513153635,86211800837.0,38179477913.0,68168500.0
2025-05-20,148535.515625,3510.867431640625,589.46826171875,149320.96875,3611.2060546875,590.661428858583,145130.390625,3407.88818359375,586.2368002538279,147413.640625,3530.39697265625,589.7069436963179,50789650432.0,32621179467.0,60614500.0
2025-05-21,152035.09375,3538.04833984375,579.5352783203125,153518.921875,3629.375244140625,589.1998657689248,147412.421875,3396.31689453125,578.5012324590923,148535.828125,3510.847900390625,585.0834662873492,108242849330.0,44292923981.0,95197700.0
2025-05-22,154765.875,3692.20458984375,579.7639770507812,155319.859375,3735.4921875,583.2738097421649,151442.65625,3529.852783203125,578.0935066667054,152028.734375,3538.630126953125,579.3363764431303,97230051089.0,36860246956.0,70860400.0
2025-05-23,147375.875,3470.447021484375,575.806640625,154874.234375,3778.614013671875,578.4912514897796,146762.546875,3440.819580078125,572.3166525694867,154774.296875,3692.1005859375,572.6944898379297,92787493444.0,41946465805.0,76029000.0
2025-05-24,148067.328125,3476.22216796875,,150352.203125,3537.3291015625,,146836.71875,3456.12841796875,,147363.125,3470.372802734375,,63055517452.0,15633373087.0,
2025-05-25,149779.078125,3505.29150390625,,150102.46875,3505.61962890625,,146556.28125,3390.00341796875,,148082.59375,3476.557373046875,,65274298608.0,19995791298.0,
2025-05-26,150334.84375,3522.27734375,,151535.09375,3558.633056640625,,149237.28125,3475.74072265625,,149763.125,3504.765380859375,,63120724595.0,20517958135.0,
2025-05-27,150523.015625,3677.73388671875,587.7780151367188,152402.296875,3738.204345703125,587.9370757702034,147718.328125,3449.09326171875,575.1305403861026,150334.890625,3522.28076171875,582.7269752337963,79339440284.0,36271202375.0,72588500.0
2025-05-28,149353.65625,3716.044921875,584.37744140625,150896.34375,3720.304931640625,589.3887309946801,147739.90625,3608.2978515625,583.6416722363929,150519.609375,3677.65185546875,588.1856112493471,68101826193.0,26444400445.0,68445500.0
2025-05-29,145860.0,3634.917236328125,586.6842651367188,150677.046875,3856.0439453125,589.8163213976459,145486.640625,3618.696533203125,582.7269869994868,149344.296875,3715.532958984375,589.6771054111595,77350837836.0,38062529644.0,69973300.0
2025-05-30,142899.234375,3476.26904296875,586.0280151367188,146877.609375,3658.865966796875,587.7580801158757,142469.453125,3449.0908203125,579.9130717022508,145866.140625,3635.167236328125,585.5706172221718,79221247354.0,33800810987.0,90601200.0
2025-05-31,143777.96875,3475.092529296875,,144179.265625,3504.491943359375,,141714.171875,3413.4365234375,,142893.9375,3476.118408203125,,53584987354.0,19226866975.0,
2025-06-01,145012.15625,3481.13720703125,,145358.9375,3497.6591796875,,142663.421875,3397.394775390625,,143776.875,3475.105224609375,,51329106029.0,18238162197.0,
2025-06-02,145172.484375,3574.549560546875,589.3291015625,145315.578125,3586.002685546875,589.4086015340318,142129.046875,3393.18017578125,581.7227142099362,145009.015625,3481.025390625,584.4073250806647,62822666179.0,22957661967.0,61630500.0
2025-06-03,144608.4375,3556.875732421875,592.6898193359375,146548.875,3634.69970703125,593.6741624833163,144071.75,3543.03369140625,588.4739541013344,145181.984375,3574.68701171875,588.961210027987,63361929767.0,25087705568.0,63606200.0
2025-06-04,143291.78125,3569.082763671875,592.5307006835938,145351.453125,3661.923828125,594.5391976596761,142741.671875,3546.25390625,592.0932080953481,144611.03125,3557.1533203125,593.5548545078736,60945204415.0,25477094028.0,57314200.0
2025-06-05,138829.640625,3302.475341796875,589.6671142578125,144614.59375,3606.21484375,595.5831864273371,137352.46875,3277.03173828125,587.6785226503756,143317.5,3569.033935546875,594.2210060312028,78560233443.0,35801465307.0,92278700.0
2025-06-06,142978.234375,3392.889892578125,595.722412109375,144222.34375,3463.182861328125,597.4027744725131,138240.03125,3262.473876953125,593.455388510206,138827.484375,3302.706787109375,595.2451088486548,66916515736.0,26581413296.0,66588700.0
2025-06-07,144656.4375,3460.42822265625,,145145.578125,3483.086669921875,,142381.71875,3367.10498046875,,142978.640625,3392.8740234375,,52546668511.0,15976013134.0,
2025-06-08,144859.4375,3437.93017578125,,145861.03125,3489.074462890625,,143916.421875,3415.797607421875,,144659.015625,3460.000732421875,,50150981382.0,16564219661.0,
2025-06-09,151112.84375,3673.919921875,596.2593383789062,151431.671875,3690.39111328125,597.8203901729,144279.0,3394.244873046875,595.0761238694207,144858.578125,3438.000244140625,596.2990883662742,76592406701.0,28230940872.0,53016400.0
2025-06-10,150704.0,3845.628173828125,599.6399536132812,151077.71875,3861.950439453125,600.0276828696868,148258.40625,3646.375732421875,595.672722912116,151115.015625,3673.602294921875,596.7962213819605,74766286746.0,48599028240.0,66247000.0
2025-06-11,148536.140625,3790.432861328125,597.9297485351562,150830.984375,3933.215576171875,601.608655383662,147748.609375,3754.2734375,595.851704156038,150710.234375,3845.93212890625,600.7436228335788,69483920723.0,41963423095.0,73658200.0
2025-06-12,144022.828125,3605.42333984375,600.3060913085938,148680.375,3805.63623046875,600.3060913085938,143888.640625,3564.422607421875,596.1002394800107,148535.171875,3790.5263671875,596.5874347137615,74566600391.0,35247989889.0,64129000.0
2025-06-13,144182.921875,3505.650390625,593.5946044921875,144307.390625,3605.5869140625,598.4169149439988,140193.203125,3330.9794921875,592.083255426069,144016.765625,3605.5869140625,595.0860482220673,94522526631.0,51625888699.0,89506000.0
2025-06-14,143342.28125,3443.077392578125,,144336.21875,3506.56396484375,,141856.78125,3386.060302734375,,144206.1875,3505.970458984375,,51654596339.0,19414029893.0,
2025-06-15,143450.484375,3461.279052734375,,144272.796875,3477.370849609375,,142047.75,3388.3896484375,,143331.984375,3442.72265625,,49937351437.0,18974911807.0,
2025-06-16,144958.015625,3448.42919921875,599.2421875,147775.078125,3636.640380859375,601.0021104918266,142719.59375,3421.467529296875,596.7961979763596,143455.328125,3461.80859375,596.9752246255282,68363932284.0,30936784415.0,79984100.0
2025-06-17,143137.734375,3435.763671875,594.12158203125,146236.296875,3552.960693359375,598.3174810611555,140724.953125,3344.909423828125,593.3559548666378,144954.4375,3448.03466796875,596.7862874189289,76582103194.0,35104268695.0,82209400.0
2025-06-18,143660.6875,3457.583740234375,594.0321044921875,144219.53125,3479.721923828125,597.7905111811382,141878.640625,3377.586669921875,593.0676059775907,143139.046875,3435.83935546875,595.0264003245132,64812485729.0,27221737747.0,76605000.0
2025-06-19,143371.40625,3453.555908203125,,144304.234375,3489.0107421875,,142713.90625,3413.865478515625,,143665.40625,3457.72412109375,,51130888605.0,17506716670.0,
2025-06-20,141812.75,3304.49853515625,592.636962890625,145928.8125,3519.434326171875,597.8026339141032,140583.453125,3256.646240234375,591.2208450851572,143366.953125,3453.381591796875,596.7256028572928,69941448894.0,31012767158.0,94051400.0
2025-06-21,140424.984375,3159.155517578125,,142839.671875,3362.28125,,138603.15625,3051.1982421875,,141820.265625,3304.55810546875,,52678632315.0,22121398287.0,
2025-06-22,138767.9375,3061.821044921875,,141882.421875,3177.49853515625,,135132.71875,2910.2041015625,,140362.671875,3156.8857421875,,90055370909.0,39104772988.0,
2025-06-23,144958.8125,3325.177734375,598.49072265625,145684.34375,3341.928955078125,598.8795981212522,137322.734375,3018.196533203125,590.2535502615591,138768.40625,3062.1943359375,593.3948045851308,89571770197.0,36037865573.0,87426000.0
2025-06-24,145562.46875,3360.23486328125,605.1024169921875,145773.125,3401.322509765625,606.1694051168853,143716.28125,3265.05712890625,601.7416782982235,144950.21875,3325.185546875,602.65917852593,67016384081.0,26820077487.0,67735300.0
2025-06-25,147216.984375,3317.430908203125,605.4414672851562,148557.078125,3388.96142578125,606.9273380866383,145353.34375,3290.262451171875,603.8658185288903,145564.90625,3361.23486328125,606.2292612300843,70788542456.0,23527727002.0,62114800.0
2025-06-26,145919.21875,3296.206298828125,610.1783447265625,148425.703125,3452.97509765625,610.617130683572,145449.0625,3274.5,606.6880212532993,147235.921875,3317.2177734375,607.306302256393,59879253165.0,24966174943.0,78548400.0
2025-06-27,146834.296875,3323.485107421875,613.2098999023438,146896.46875,3362.62744140625,614.6858494593505,145338.203125,3255.782470703125,609.1412239120898,145912.296875,3296.037841796875,611.1855439983277,62186715711.0,20992080219.0,86258400.0
2025-06-28,146918.421875,3336.103271484375,,147491.703125,3356.837890625,,146553.953125,3301.402587890625,,146837.203125,3323.5654296875,,41117928973.0,11324822074.0,
2025-06-29,148296.28125,3421.885986328125,,148795.0,3452.48046875,,147017.84375,3309.668701171875,,146918.59375,3336.110595703125,,48619845718.0,17103656728.0,
2025-06-30,145776.484375,3383.2724609375,616.1417846679688,148896.15625,3435.68017578125,617.5079921128906,145568.390625,3326.864990234375,613.3395560055452,148293.375,3421.40087890625,615.6731133088892,57236570050.0,22940626798.0,92502500.0
2025-07-01,144216.421875,3282.502197265625,615.9423828125,146358.1875,3403.345703125,617.1191131155733,143651.4375,3261.322021484375,613.8182668389494,145788.796875,3383.2236328125,614.6559103723325,60185334273.0,20500966837.0,70030100.0
2025-07-02,147922.296875,3494.031005859375,618.734619140625,149303.265625,3555.53369140625,618.7744866384667,143427.53125,3243.967041015625,614.9052090235124,144223.0,3282.590576171875,615.53347209637,76432869831.0,30971354247.0,66510400.0
2025-07-03,148852.9375,3517.4296875,623.611083984375,150094.40625,3579.708251953125,624.5484875028751,147588.765625,3476.919189453125,620.7090954800537,147902.84375,3493.298583984375,620.7290596612153,68549288853.0,28336963218.0,51065800.0
2025-07-04,147061.75,3414.720458984375,,149001.9375,3531.748046875,,145954.9375,3367.761962890625,,148836.21875,3517.210205078125,,58011632565.0,23444455109.0,
2025-07-05,147329.703125,3426.6474609375,,147534.09375,3443.747802734375,,146800.296875,3388.154541015625,,147036.5625,3414.1455078125,,41675400449.0,12645171659.0,
2025-07-06,148595.703125,3497.8251953125,,149299.75,3541.047607421875,,146806.75,3410.43603515625,,147329.703125,3426.6474609375,,49988073620.0,17943834000.0,
2025-07-07,147994.78125,3475.098876953125,618.9639892578125,149446.203125,3527.152587890625,622.3047639816969,147125.515625,3443.54541015625,616.1617605422166,148600.140625,3498.041259765625,621.6365725170731,62061821040.0,25199141111.0,74814500.0
2025-07-08,148926.75,3575.197509765625,618.6249389648438,149339.640625,3595.367919921875,620.3900039601925,146796.015625,3448.22021484375,617.8071987595777,147992.5625,3475.04345703125,619.6320954349991,60530407594.0,23972412161.0,59024600.0
2025-07-09,152362.1875,3792.102783203125,622.3345947265625,153207.9375,3825.248779296875,622.9927431754923,148290.734375,3547.80517578125,619.1932795088373,148926.75,3575.197509765625,621.0481832340878,79279811928.0,37266392545.0,66113300.0
2025-07-10,158390.859375,4035.104248046875,624.0897827148438,159273.71875,4091.22802734375,625.1368675729468,151627.25,3771.65673828125,621.2875540464601,152365.8125,3792.047607421875,622.4742664500196,130975833754.0,46333344020.0,57529000.0
2025-07-11,160992.40625,4052.15625,621.8958129882812,162824.453125,4162.025390625,623.1323749024951,158067.984375,4000.821533203125,619.8116254973129,158389.53125,4035.087158203125,621.0182411395347,119087508268.0,49628574314.0,63670200.0
2025-07-12,160880.390625,4031.641845703125,,161955.359375,4082.1494140625,,160252.671875,3982.709716796875,,161011.203125,4052.769287109375,,62366371388.0,22353745748.0,
2025-07-13,163038.046875,4069.731689453125,,163639.9375,4132.30810546875,,160647.78125,4025.922119140625,,160876.25,4031.562255859375,,67096737031.0,23763587087.0,
2025-07-14,164273.5625,4130.28857421875,623.08251953125,168416.15625,4211.10693359375,623.4315275028133,162826.46875,4058.813720703125,620.0808318567448,163037.59375,4069.54833984375,621.437057113524,249113092456.0,49822627642.0,51898500.0
2025-07-15,161549.78125,4306.8486328125,620.419921875,164290.734375,4310.3291015625,626.1240780025647,158820.5625,4020.088623046875,620.340126016414,164279.234375,4130.2099609375,625.7850521197855,134863496488.0,53513315488.0,74317300.0
2025-07-16,162555.03125,4615.64990234375,622.494140625,164423.71875,4683.15478515625,623.0027403264891,160604.15625,4256.69287109375,616.3412163521633,161549.78125,4306.8486328125,622.0154871960257,98791044552.0,64030779370.0,88987500.0
2025-07-17,163862.484375,4775.884765625,626.3035888671875,166392.0,4838.55615234375,626.6626398066976,161729.265625,4545.4853515625,622.4542755061946,162555.03125,4615.64990234375,622.6736989062512,99402591286.0,65293494997.0,68885700.0
2025-07-18,162059.734375,4874.04150390625,625.8449096679688,166077.125,5048.3984375,627.7296380152247,160496.6875,4757.30029296875,624.7280110672211,163854.625,4774.9775390625,627.5601250668279,107046864134.0,81300213020.0,65621600.0
2025-07-19,161972.875,4937.5693359375,,162798.828125,4955.42529296875,,161215.375,4824.54150390625,,162052.734375,4873.91748046875,,65322792273.0,35750662313.0,
2025-07-20,160988.171875,5159.64501953125,,163243.296875,5245.37109375,,159934.296875,4919.81982421875,,161978.546875,4937.5234375,,78936442883.0,61211398460.0,
2025-07-21,160612.078125,5146.8427734375,627.0316162109375,164236.421875,5283.08447265625,629.7939164140192,160013.84375,5086.60986328125,626.6028123652087,160995.96875,5158.88916015625,627.0316162109375,95487004771.0,58276082347.0,63375000.0
2025-07-22,163253.640625,5100.70849609375,627.121337890625,163573.171875,5199.4208984375,627.9889276793821,159082.609375,4957.4111328125,624.4587368446605,160594.234375,5146.173828125,627.3606646093982,107775442615.0,61561040781.0,60046300.0
2025-07-23,161534.65625,4937.25,632.4566040039062,163322.5625,5121.36572265625,632.4566040039062,159875.328125,4804.123046875,627.9889485945137,163256.40625,5100.8349609375,629.8039240942028,90603355192.0,56154892934.0,70511000.0
2025-07-24,161471.71875,5058.27587890625,632.6659545898438,162864.421875,5140.34033203125,634.3912129187636,159611.78125,4785.03173828125,632.2371507469353,161556.453125,4937.2880859375,632.8454496264281,99074556613.0,55081594618.0,71307100.0
2025-07-25,161096.453125,5104.3056640625,635.3385620117188,161645.859375,5122.0712890625,635.8172763273444,156911.6875,4887.69482421875,633.0848614440556,161471.71875,5058.27587890625,633.3341702599237,143596452296.0,57879132640.0,56865400.0
2025-07-26,161558.40625,5124.77734375,,162090.3125,5191.064453125,,160508.984375,5071.875,,161108.734375,5104.26513671875,,66445139804.0,33744184863.0,
2025-07-27,163679.671875,5310.23095703125,,164122.921875,5311.3212890625,,161462.828125,5114.98681640625,,161554.796875,5124.5869140625,,74932377122.0,39598031787.0,
2025-07-28,161968.671875,5202.01025390625,635.1790161132812,164120.15625,5398.49609375,636.2759505305676,161232.765625,5157.4560546875,633.782862430909,163692.046875,5310.24365234375,635.7175012309004,89033988361.0,49214161044.0,54917100.0
2025-07-29,162430.6875,5225.25634765625,633.503662109375,164055.484375,5342.73388671875,636.9042074633194,161146.59375,5119.8955078125,632.5862227401361,161988.0625,5203.23779296875,636.5850848856694,94303822703.0,48954818158.0,60556300.0
2025-07-30,162922.953125,5265.5283203125,632.7058715820312,164039.15625,5275.7236328125,635.9169397338984,160019.71875,5089.28076171875,629.7939009526881,162430.46875,5225.43212890625,634.1617960302962,95261395631.0,47553848321.0,80418900.0
2025-07-31,160423.390625,5123.07861328125,630.3324584960938,164394.390625,5358.62109375,638.0809348105399,160090.0,5107.408203125,629.0260827850975,162926.328125,5265.58935546875,637.6920593309911,96136824659.0,45511058654.0,103385200.0
2025-08-01,156304.65625,4811.57275390625,620.0010375976562,160793.03125,5157.56787109375,624.6083202058907,155576.640625,4737.19921875,617.5777633723885,160396.71875,5122.2978515625,624.5683918435021,125924371370.0,63809492456.0,140103600.0
2025-08-02,155304.015625,4682.49169921875,,157366.921875,4879.6015625,,154584.765625,4652.4072265625,,156305.09375,4811.00830078125,,78490325709.0,41632314849.0,
2025-08-03,157369.90625,4818.71337890625,,158103.59375,4851.85009765625,,154499.234375,4634.45947265625,,155302.484375,4682.49609375,,66271987382.0,26679295172.0,
2025-08-04,158448.578125,5120.869140625,629.4249267578125,159428.6875,5144.3154296875,629.4747763447384,157321.90625,4811.7783203125,623.8504160518278,157378.515625,4819.03564453125,623.9401331350132,49271549112.0,42555764709.0,73218000.0
2025-08-05,157195.015625,4974.28955078125,626.2337646484375,158518.328125,5123.1689453125,630.8609506236863,155333.234375,4886.890625,625.3063432085271,158448.984375,5122.01416015625,630.0432104487703,84062856649.0,45142719996.0,68051400.0
2025-08-06,158053.765625,5061.87646484375,631.030517578125,159004.34375,5080.60205078125,631.6886660273483,156085.25,4913.40380859375,626.3933495625395,157194.296875,4974.48193359375,627.310788901774,77467522882.0,36995385781.0,64357500.0
2025-08-07,161364.359375,5375.73974609375,630.501953125,161672.765625,5394.09423828125,635.2188561282265,156923.1875,5015.45654296875,627.3706199993678,158056.578125,5062.07080078125,634.4809118212801,87965333089.0,53049524927.0,74205800.0
2025-08-08,160511.171875,5515.74755859375,635.4183349609375,161724.375,5597.79833984375,635.8870671683993,159447.359375,5335.92138671875,631.9878433436463,161376.171875,5375.44384765625,632.3069659204185,82138224256.0,62532907264.0,64051600.0
2025-08-09,160252.078125,5864.79345703125,,162186.4375,5948.7431640625,,160064.28125,5512.8046875,,160496.796875,5514.787109375,,74285631962.0,62284512995.0,
2025-08-10,164088.546875,5851.0380859375,,164082.453125,5959.171875,,160231.171875,5727.7080078125,,160248.4375,5864.7294921875,,89061420115.0,49751816505.0,
2025-08-11,163554.34375,5822.71044921875,634.1618041992188,168287.53125,6013.02685546875,637.1834561323586,162840.859375,5749.9248046875,632.9052780831173,164088.625,5851.05712890625,635.6975853928571,124704758136.0,68861773461.0,58742300.0
2025-08-12,165485.65625,6321.9931640625,640.9131469726562,165712.921875,6383.267578125,641.0726778368414,162997.796875,5816.3671875,635.0294344517399,163535.359375,5823.04150390625,636.5252873774225,100255223675.0,78819215245.0,64730800.0
2025-08-13,169653.59375,6542.01953125,643.1070556640625,170094.296875,6580.11572265625,644.4034493171588,163848.140625,6291.84765625,640.9031438473124,165480.25,6321.62451171875,643.1269589799253,125035019257.0,86034417639.0,60092800.0
2025-08-14,163505.59375,6282.978515625,643.1668701171875,171153.921875,6589.93310546875,643.8350006749072,161998.765625,6163.75537109375,640.5641007895744,169647.171875,6541.69970703125,641.0128079474052,143745669409.0,104548953688.0,59327500.0
2025-08-15,162262.125,6136.73046875,641.6610717773438,164631.453125,6440.68359375,644.3037696191185,161387.046875,6044.56201171875,640.7436323612244,163514.15625,6284.23388671875,644.2040095711507,94905817869.0,76634296126.0,68592500.0
2025-08-16,162390.671875,6117.64501953125,,163088.265625,6210.20654296875,,162087.421875,6052.662109375,,162262.234375,6136.74365234375,,66394232265.0,37065021892.0,
2025-08-17,162268.09375,6180.07958984375,,163917.15625,6324.54736328125,,162097.890625,6082.4462890625,,162392.65625,6117.75537109375,,63347385773.0,43309188978.0,
2025-08-18,160459.578125,5952.42138671875,641.5214233398438,162473.984375,6194.27783203125,642.2195001872421,158262.46875,5834.4716796875,640.40452473057,162269.265625,6180.1611328125,641.0826373957427,100466827872.0,73869874211.0,43804900.0
2025-08-19,156461.859375,5648.6318359375,638.0410766601562,161240.09375,6013.92333984375,642.3291760201543,156319.859375,5644.57080078125,636.714736747966,160445.140625,5952.45654296875,641.341922870885,99366877833.0,69945152656.0,69750700.0
2025-08-20,158549.34375,6013.859375,636.3457641601562,159016.578125,6071.775390625,637.89146660832,155801.75,5639.826171875,631.2000571048222,156457.484375,5648.2216796875,637.6322365737963,94337333863.0,68786310193.0,88890300.0
2025-08-21,156286.953125,5871.18212890625,633.7928466796875,159312.203125,6021.01123046875,636.2061389257788,155690.875,5849.22607421875,632.057667095043,158550.65625,6013.95263671875,634.5208697964243,80379462641.0,46736849121.0,54805800.0
2025-08-22,161736.203125,6685.86181640625,643.52587890625,162193.265625,6758.06201171875,644.7125912923959,155382.609375,5856.77783203125,635.4881651988852,156307.390625,5871.90673828125,635.9967649167205,114206494910.0,105124886976.0,84083200.0
2025-08-23,159660.765625,6609.392578125,,161905.265625,6686.224609375,,158500.796875,6462.19873046875,,161725.515625,6685.50146484375,,76633658768.0,50515539073.0,
2025-08-24,156909.828125,6610.11865234375,,159993.9375,6846.55419921875,,153621.78125,6518.607421875,,159678.84375,6610.24267578125,,102286669239.0,72474653016.0,
2025-08-25,152623.09375,6060.59375,640.6936645507812,157223.640625,6637.48681640625,643.505875096025,151496.125,6019.5380859375,640.5740011970607,156907.703125,6610.287109375,642.2593311060981,118782508847.0,88610152036.0,51274300.0
2025-08-26,154678.421875,6364.66748046875,643.3762817382812,155504.640625,6408.630859375,643.7253506035642,150587.125,5976.15966796875,639.7962411945653,152622.765625,6060.44482421875,640.4245042856638,96009462177.0,74473186803.0,51581600.0
2025-08-27,153280.125,6206.328125,644.8422241210938,155989.9375,6442.861328125,645.580168455503,152928.859375,6189.26904296875,642.6383123424215,154668.796875,6364.78271484375,642.7879219740594,85633873604.0,59962954336.0,48341100.0
2025-08-28,154773.75,6198.3564453125,647.1258544921875,156173.328125,6379.99951171875,647.6843037743214,152842.765625,6100.1826171875,643.5557962693775,153275.984375,6206.65673828125,645.4505066457858,80945604822.0,49570145772.0,61519500.0
2025-08-29,149081.171875,5995.8642578125,643.2666015625,154830.59375,6205.60888671875,646.04892693251,147878.34375,5873.67041015625,641.361908969664,154781.609375,6198.98046875,645.6798938838932,107046323517.0,64494523947.0,74522200.0
2025-08-30,149551.25,6012.05517578125,,149794.1875,6068.9150390625,,147752.21875,5863.908203125,,149079.1875,5995.7763671875,,70765295841.0,35575043671.0,
2025-08-31,148713.5625,6031.73681640625,,150566.546875,6184.29296875,,148532.015625,6011.2900390625,,149565.53125,6013.072265625,,65931395962.0,36661596584.0,
2025-09-01,150201.875,5931.69775390625,,150974.171875,6174.34326171875,,147351.671875,5805.69287109375,,148702.625,6031.19677734375,,91935929868.0,51598696468.0,
2025-09-02,153290.5625,5962.53857421875,638.4998168945312,154097.15625,6069.099609375,638.7191794281234,149770.03125,5873.92919921875,633.1645719217177,150191.515625,5931.5888671875,635.7374558444352,103080467683.0,54981247806.0,81983500.0
2025-09-03,154100.609375,6138.45263671875,641.960205078125,155369.953125,6191.34521484375,642.4289372924937,152639.640625,5909.49072265625,638.6893051342267,153276.9375,5961.61572265625,640.8931560649971,84302752206.0,48635569640.0,70820900.0
2025-09-04,152972.40625,5939.01611328125,647.3253173828125,154826.734375,6185.6826171875,647.3552636551144,151361.703125,5901.8193359375,641.7308424389964,154093.625,6138.2138671875,642.6382997027142,83075369282.0,48244146086.0,65219200.0
2025-09-05,153080.109375,5958.50390625,645.4505004882812,156527.765625,6183.12744140625,650.4067910780432,152615.375,5890.0068359375,641.551337641252,152971.59375,5939.14453125,649.6787679935875,83341307479.0,61098321504.0,85178900.0
2025-09-06,152484.765625,5912.98291015625,,153976.796875,5988.0947265625,,152245.828125,5871.68017578125,,153079.53125,5958.48193359375,,29744077944.0,25050934010.0,
2025-09-07,153813.734375,5956.96533203125,,154404.4375,5998.5361328125,,152505.328125,5910.7353515625,,152480.09375,5912.87890625,,34061967564.0,24112046236.0,
2025-09-08,154614.859375,5943.45947265625,647.0361328125,155996.34375,6055.22900390625,648.0433501046099,153047.8125,5920.96875,645.4405199703039,153807.375,5957.01123046875,646.826691508285,55477999504.0,44529868396.0,63133100.0
2025-09-09,154432.453125,5966.5791015625,648.531982421875,156242.609375,6046.18017578125,649.0604854255209,153241.84375,5917.72509765625,645.4305347021028,154623.34375,5943.75048828125,647.1756962960839,63673100999.0,42513813869.0,66133900.0
2025-09-10,157950.109375,6028.22119140625,650.4067993164062,158100.390625,6157.04248046875,652.7402956265305,153701.484375,5939.60400390625,648.8311506393708,154433.421875,5966.6484375,651.8128741836446,78143125088.0,54779378587.0,78034500.0
2025-09-11,159807.5625,6172.22802734375,655.8118286132812,159828.328125,6206.5654296875,656.5099054682547,157292.40625,6018.05859375,651.7830200765693,157958.515625,6028.2958984375,652.3713547945198,63206430014.0,49750470154.0,69934400.0
2025-09-12,160864.546875,6533.20947265625,655.5924072265625,161668.5,6559.5732421875,657.2877193463212,158969.359375,6163.23486328125,655.0838683704039,159807.921875,6172.56787109375,655.7818843611192,75908362513.0,60742170637.0,72780100.0
2025-09-13,160655.21875,6467.99658203125,,161069.546875,6599.875,,159682.25,6386.173828125,,160853.4375,6532.45751953125,,47869997301.0,48277890793.0,
2025-09-14,159717.265625,6379.40673828125,,160975.28125,6499.11865234375,,159460.3125,6350.6689453125,,160654.921875,6467.98486328125,,45390514020.0,39295814170.0,
2025-09-15,159027.390625,6235.7763671875,659.0827026367188,161542.875,6462.56591796875,659.2123480846643,158318.09375,6169.83447265625,657.5170969033588,159706.171875,6379.580078125,657.8162552961535,72922854227.0,55409369450.0,63772400.0
2025-09-16,160534.703125,6187.59619140625,658.1752319335938,160788.65625,6251.11083984375,659.9503398052897,157814.390625,6087.3154296875,657.3874380375795,158998.296875,6234.75439453125,659.6411384615709,62901049694.0,45012107953.0,61169000.0
2025-09-17,160385.875,6324.5380859375,657.3575439453125,161445.328125,6357.99658203125,659.8904996422112,158008.625,6106.37548828125,652.4910309141978,160531.03125,6187.69384765625,658.1852662695255,83351631399.0,60757787564.0,101952200.0
2025-09-18,161558.5625,6330.53125,660.4290161132812,162687.375,6396.89111328125,663.0517496492283,160043.328125,6285.71630859375,658.4445277353276,160375.890625,6324.13818359375,660.0600439458431,68212706019.0,46200257262.0,90459200.0
2025-09-19,159413.46875,6160.7001953125,663.7000122070312,162089.640625,6375.34033203125,664.5499877929688,158754.546875,6119.712890625,660.3699951171875,161559.203125,6329.9609375,662.3300170898438,53503695709.0,41824392250.0,97945600.0
2025-09-20,159470.640625,6176.7861328125,,160128.828125,6214.74609375,,159128.296875,6144.9443359375,,159416.59375,6160.78515625,,31508354791.0,24882752000.0,
2025-09-21,158931.125,6135.44921875,,159717.5,6201.9169921875,,158831.3125,6129.91357421875,,159482.03125,6177.22509765625,,31006955408.0,26643753485.0,
2025-09-22,155870.40625,5810.31396484375,666.8400268554688,159089.15625,6142.81787109375,667.2899780273438,154867.390625,5645.76806640625,662.1699829101562,158935.421875,6135.7958984375,662.2000122070312,97718092570.0,80488724360.0,69452200.0
2025-09-23,155011.828125,5764.45361328125,663.2100219726562,156775.21875,5847.30810546875,667.3400268554688,154377.046875,5699.40478515625,661.97998046875,155882.8125,5810.51318359375,666.719970703125,65334359219.0,44920038349.0,81708900.0
2025-09-24,157482.140625,5771.685546875,661.0999755859375,158496.203125,5842.44873046875,664.6099853515625,154005.5625,5650.923828125,659.6699829101562,155002.375,5764.3271484375,664.510009765625,66763057597.0,46605146287.0,68082200.0
2025-09-25,152032.046875,5393.07275390625,658.0499877929688,157778.734375,5783.74755859375,659.4099731445312,151564.953125,5339.7470703125,654.4099731445312,157484.28125,5771.7578125,657.9400024414062,105298953127.0,96145515422.0,89622100.0
2025-09-26,152989.0625,5627.84375,661.8200073242188,153800.984375,5672.1279296875,662.3699951171875,151726.9375,5393.21142578125,657.8800048828125,152020.90625,5393.5703125,659.510009765625,80513157025.0,66757213688.0,69179200.0
2025-09-27,152945.984375,5603.81787109375,,153080.625,5631.4189453125,,152196.265625,5543.99609375,,152981.125,5627.880859375,,36685250436.0,28422454902.0,
2025-09-28,156281.921875,5772.5888671875,,156686.703125,5774.1669921875,,152325.46875,5535.677734375,,152945.984375,5603.81982421875,,46514169217.0,34332298074.0,
2025-09-29,159212.5,5869.3291015625,663.6799926757812,159331.640625,5893.51318359375,665.280029296875,155356.984375,5695.87255859375,661.8599853515625,156275.28125,5772.42138671875,664.3599853515625,83502985230.0,53665051622.0,73499000.0
2025-09-30,158814.3125,5772.9267578125,666.1799926757812,159819.15625,5901.2099609375,666.6500244140625,156862.15625,5701.5087890625,661.6099853515625,159207.125,5868.93017578125,662.9299926757812,82133922937.0,52465319717.0,86288000.0
2025-10-01,165403.71875,6065.7119140625,668.4500122070312,165403.71875,6065.7119140625,669.3699951171875,158743.484375,5739.875,663.0599975585938,158816.421875,5773.03271484375,663.1699829101562,99436459824.0,64352130324.0,72545400.0
2025-10-02,168484.671875,6265.64892578125,669.219970703125,169074.15625,6308.06103515625,670.5700073242188,165025.53125,6046.8916015625,666.780029296875,165408.546875,6067.28466796875,670.4500122070312,99703638734.0,67116828587.0,56896000.0
2025-10-03,170763.546875,6305.69384765625,669.2100219726562,172875.59375,6404.0537109375,672.6799926757812,166644.046875,6187.80712890625,668.1599731445312,168450.78125,6264.267578125,669.989990234375,117236745455.0,69278658763.0,70494400.0
2025-10-04,170985.46875,6269.83740234375,,171589.125,6311.29296875,,169801.3125,6206.73046875,,170764.859375,6305.748046875,,51353663703.0,30492040963.0,
2025-10-05,172483.609375,6305.6796875,,175362.265625,6447.681640625,,170659.390625,6246.01220703125,,170977.4375,6269.63671875,,102905363712.0,62674968893.0,
2025-10-06,173972.140625,6537.275390625,671.6099853515625,176067.765625,6606.18310546875,672.510009765625,171976.75,6271.86669921875,669.4600219726562,172479.375,6305.5087890625,671.6199951171875,101200062435.0,62743690127.0,54623300.0
2025-10-07,169465.359375,6210.84765625,669.1199951171875,174678.65625,6635.376953125,672.989990234375,168347.734375,6199.61767578125,667.6699829101562,173971.59375,6537.189453125,672.5399780273438,106253940509.0,76575182893.0,72020100.0
2025-10-08,172145.296875,6318.46435546875,673.1099853515625,173319.625,6358.162109375,673.2100219726562,169188.59375,6168.7861328125,669.4199829101562,169461.140625,6210.78662109375,670.25,91203828301.0,56458397944.0,60702200.0
2025-10-09,170634.140625,6125.64453125,671.1599731445312,172568.125,6321.427734375,673.9400024414062,168010.140625,5992.7314453125,669.2100219726562,172120.453125,6317.50537109375,673.530029296875,104665310886.0,67161260257.0,66501900.0
2025-10-10,158663.59375,5385.76171875,653.02001953125,171385.265625,6161.33740234375,673.9500122070312,146566.390625,4849.30810546875,652.8400268554688,170632.96875,6125.53466796875,672.1300048828125,214596138943.0,136972401253.0,159422600.0
2025-10-11,155324.9375,5257.419921875,,159000.109375,5440.74365234375,,153856.875,5120.29833984375,,158694.515625,5382.890625,,154524622712.0,87574998395.0,
2025-10-12,161231.453125,5829.97412109375,,162043.71875,5872.12548828125,,153793.765625,5188.546875,,155330.046875,5257.888671875,,131189519365.0,85699338881.0,
2025-10-13,161837.125,5960.509765625,663.0399780273438,162857.953125,6026.0009765625,665.1300048828125,159383.25,5686.91259765625,659.77001953125,161220.125,5829.4443359375,660.6500244140625,100499018081.0,70554802905.0,79560500.0
2025-10-14,158891.6875,5794.74365234375,662.22998046875,162125.609375,5986.71533203125,665.8300170898438,154624.0,5483.189453125,653.1699829101562,161828.4375,5960.3759765625,657.1699829101562,129526505579.0,94243527099.0,88779600.0
2025-10-15,155611.015625,5600.96533203125,665.1699829101562,159449.8125,5917.57275390625,670.22998046875,154956.859375,5531.59716796875,658.9299926757812,158885.09375,5794.671875,666.8200073242188,101940892844.0,70882445356.0,81702600.0
2025-10-16,151961.359375,5470.68896484375,660.6400146484375,157322.453125,5731.00830078125,668.7100219726562,151124.46875,5381.908203125,657.1099853515625,155609.625,5600.52880859375,666.8200073242188,122633221033.0,69033899442.0,110563300.0
2025-10-17,149326.390625,5375.35546875,664.3900146484375,153411.203125,5545.6044921875,665.760009765625,145473.328125,5165.53369140625,658.1400146484375,151951.65625,5470.15966796875,659.5,139838515119.0,80512361536.0,96500900.0
2025-10-18,150370.15625,5457.1025390625,,150761.46875,5508.158203125,,149213.71875,5360.919921875,,149348.765625,5375.9873046875,,52994979708.0,33406946826.0,
2025-10-19,152316.390625,5585.2197265625,,153503.5625,5646.06591796875,,148891.609375,5391.083984375,,150378.625,5457.435546875,,66800066937.0,46074271493.0,
2025-10-20,155197.734375,5586.49951171875,671.2999877929688,156730.015625,5727.58447265625,672.2100219726562,150652.390625,5482.7265625,667.27001953125,152317.421875,5585.28466796875,667.3200073242188,89125249120.0,56450215655.0,60493400.0
2025-10-21,152086.328125,5435.28564453125,671.2899780273438,159789.8125,5760.3740234375,672.989990234375,151228.90625,5400.14990234375,669.97998046875,155195.921875,5586.4716796875,671.4400024414062,141876133533.0,70045126436.0,56249000.0
2025-10-22,150654.828125,5327.509765625,667.7999877929688,152653.0625,5453.3046875,672.0,149414.984375,5202.7421875,663.2999877929688,152106.859375,5436.125,672.0,113047880193.0,64595808211.0,80564000.0
2025-10-23,153957.828125,5393.53955078125,671.760009765625,155742.375,5502.220703125,672.7100219726562,150454.875,5317.74658203125,667.7999877929688,150642.03125,5327.45751953125,668.1199951171875,76851927508.0,50860134501.0,65604500.0
2025-10-24,155387.234375,5506.2587890625,677.25,156891.921875,5614.765625,678.469970703125,154086.671875,5383.82080078125,675.6500244140625,153957.3125,5393.54931640625,676.4600219726562,67399005934.0,47708490492.0,74356500.0
2025-10-25,156348.65625,5536.638671875,,156777.15625,5556.4892578125,,155035.984375,5482.2587890625,,155385.40625,5506.150390625,,34601852678.0,21350180977.0,
2025-10-26,160194.109375,5818.740234375,,161373.453125,5844.099609375,,155825.953125,5494.2353515625,,156344.90625,5536.59130859375,,58367409188.0,40751977819.0,
2025-10-27,159677.703125,5764.9443359375,685.239990234375,162522.65625,5946.41064453125,685.5399780273438,159272.359375,5735.4453125,682.1199951171875,160204.46875,5818.7705078125,682.72998046875,86417543083.0,56348334027.0,63339800.0
2025-10-28,157454.453125,5551.046875,687.0599975585938,162203.546875,5831.8681640625,688.9099731445312,156602.546875,5495.9072265625,684.8300170898438,159691.359375,5765.1591796875,687.0499877929688,89948446607.0,55317450320.0,61738100.0
2025-10-29,153438.890625,5442.046875,687.3900146484375,158249.53125,5627.38232421875,689.7000122070312,152518.1875,5366.74609375,682.8699951171875,157405.890625,5548.951171875,688.719970703125,86708022620.0,49153672025.0,85657100.0
2025-10-30,151429.03125,5319.14404296875,679.8300170898438,155539.84375,5501.57568359375,685.9400024414062,148805.34375,5150.5126953125,679.8300170898438,153444.3125,5442.00439453125,683.9000244140625,97415699014.0,55901348146.0,76335800.0
2025-10-31,153964.75,5406.494140625,682.0599975585938,155533.9375,5465.78564453125,685.0800170898438,151404.875,5310.41748046875,679.239990234375,151427.4375,5320.13330078125,685.0399780273438,84447986807.0,53122371090.0,87164100.0
2025-11-01,154678.46875,5444.59033203125,,155396.4375,5490.3935546875,,153707.28125,5386.19287109375,,153968.21875,5406.62255859375,,36358749695.0,24579964328.0,
2025-11-02,155072.5,5481.74658203125,,156228.984375,5487.08935546875,,153491.09375,5396.5400390625,,154679.046875,5444.17724609375,,48052747978.0,28704223694.0,
2025-11-03,149762.765625,5063.3896484375,683.3400268554688,155264.171875,5485.08154296875,685.7999877929688,148121.875,5003.4482421875,679.9400024414062,155082.703125,5482.70556640625,685.6699829101562,102400488730.0,74625157248.0,57315000.0
2025-11-04,143262.453125,4643.171875,675.239990234375,150847.671875,5138.6552734375,679.9600219726562,139592.421875,4320.68310546875,674.5800170898438,149754.203125,5063.01416015625,676.1099853515625,156485369131.0,108341781426.0,78427000.0
2025-11-05,146516.578125,4830.45068359375,677.5800170898438,147475.984375,4909.26318359375,680.8599853515625,139702.59375,4474.486328125,674.1699829101562,143246.53125,4642.57080078125,674.97998046875,109416481855.0,66220941733.0,74402400.0
2025-11-06,142958.0,4674.31103515625,670.3099975585938,146881.96875,4871.75,677.3800048828125,141782.40625,4585.51806640625,668.719970703125,146519.15625,4830.71826171875,676.469970703125,90222923761.0,51836575040.0,85035300.0
2025-11-07,145243.40625,4826.77001953125,670.969970703125,146199.546875,4878.0595703125,671.0800170898438,140089.828125,4511.02392578125,661.2100219726562,142936.765625,4673.98876953125,667.9099731445312,129500690665.0,59869172101.0,100592400.0
2025-11-08,143711.484375,4777.6982421875,,145245.015625,4892.76123046875,,142553.625,4717.7548828125,,145242.40625,4826.5537109375,,72285173322.0,33178668602.0,
2025-11-09,147074.546875,5031.6484375,,148043.859375,5078.72900390625,,142568.84375,4720.5712890625,,143707.078125,4777.30859375,,83817109642.0,40478705529.0,
2025-11-10,148672.953125,5005.193359375,681.4400024414062,149545.015625,5128.72509765625,682.1799926757812,146558.390625,4923.12109375,675.030029296875,147080.34375,5032.8046875,677.239990234375,97602557145.0,49986635546.0,75842900.0
2025-11-11,144365.578125,4787.0029296875,683.0,150732.90625,5113.6484375,683.5700073242188,143607.578125,4772.68017578125,678.72998046875,148673.3125,5005.2109375,679.9500122070312,99698905593.0,55693808302.0,58953400.0
2025-11-12,142430.125,4781.7451171875,683.3800048828125,147524.796875,5026.69140625,684.9600219726562,141172.171875,4722.71728515625,680.9500122070312,144385.15625,4787.72314453125,684.7899780273438,90150398350.0,48893438229.0,62312500.0
2025-11-13,,,672.0399780273438,,,680.8599853515625,,,670.52001953125,,,680.5,,,102569306.0
2025-11-14,138614.453125,4482.7109375,,139935.921875,4540.060546875,,138614.453125,4482.7109375,,139935.921875,4537.83349609375,,145552949248.0,70860292096.0,
